"Program","Year","Period","Week Ending","Geo Level","State","State ANSI","Ag District","Ag District Code","County","County ANSI","Zip Code","Region","watershed_code","Watershed","Commodity","Data Item","Domain","Domain Category","Value","CV (%)"
"CENSUS","2022","YEAR","","COUNTY","IOWA","19","CENTRAL","50","BOONE","015","","","00000000","","CORN","CORN - OPERATIONS WITH SALES","TOTAL","NOT SPECIFIED","463","6.7"
"CENSUS","2022","YEAR","","COUNTY","IOWA","19","CENTRAL","50","BOONE","015","","","00000000","","CORN","CORN - SALES, MEASURED IN $","TOTAL","NOT SPECIFIED","217,044,000","(L)"
"CENSUS","2022","YEAR","","COUNTY","IOWA","19","CENTRAL","50","BOONE","015","","","00000000","","CORN","CORN, GRAIN - PRODUCTION, MEASURED IN BU","TOTAL","NOT SPECIFIED","34,490,038","10.2"
"CENSUS","2022","YEAR","","COUNTY","IOWA","19","CENTRAL","50","BOONE","015","","","00000000","","CORN","CORN, SILAGE - PRODUCTION, MEASURED IN TONS","TOTAL","NOT SPECIFIED","34,232","30.4"
"CENSUS","2022","YEAR","","COUNTY","IOWA","19","CENTRAL","50","DALLAS","049","","","00000000","","CORN","CORN - OPERATIONS WITH SALES","TOTAL","NOT SPECIFIED","380","6.7"
"CENSUS","2022","YEAR","","COUNTY","IOWA","19","CENTRAL","50","DALLAS","049","","","00000000","","CORN","CORN - SALES, MEASURED IN $","TOTAL","NOT SPECIFIED","164,837,000","(L)"
"CENSUS","2022","YEAR","","COUNTY","IOWA","19","CENTRAL","50","DALLAS","049","","","00000000","","CORN","CORN, GRAIN - PRODUCTION, MEASURED IN BU","TOTAL","NOT SPECIFIED","26,281,120","10.2"
"CENSUS","2022","YEAR","","COUNTY","IOWA","19","CENTRAL","50","DALLAS","049","","","00000000","","CORN","CORN, SILAGE - PRODUCTION, MEASURED IN TONS","TOTAL","NOT SPECIFIED","3,417","(L)"
"CENSUS","2022","YEAR","","COUNTY","IOWA","19","CENTRAL","50","GRUNDY","075","","","00000000","","CORN","CORN - OPERATIONS WITH SALES","TOTAL","NOT SPECIFIED","437","6.7"
"CENSUS","2022","YEAR","","COUNTY","IOWA","19","CENTRAL","50","GRUNDY","075","","","00000000","","CORN","CORN - SALES, MEASURED IN $","TOTAL","NOT SPECIFIED","224,626,000","(L)"
"CENSUS","2022","YEAR","","COUNTY","IOWA","19","CENTRAL","50","GRUNDY","075","","","00000000","","CORN","CORN, GRAIN - PRODUCTION, MEASURED IN BU","TOTAL","NOT SPECIFIED","36,057,803","10.2"
"CENSUS","2022","YEAR","","COUNTY","IOWA","19","CENTRAL","50","GRUNDY","075","","","00000000","","CORN","CORN, SILAGE - PRODUCTION, MEASURED IN TONS","TOTAL","NOT SPECIFIED","1,442","30.4"
"CENSUS","2022","YEAR","","COUNTY","IOWA","19","CENTRAL","50","HAMILTON","079","","","00000000","","CORN","CORN - OPERATIONS WITH SALES","TOTAL","NOT SPECIFIED","446","6.7"
"CENSUS","2022","YEAR","","COUNTY","IOWA","19","CENTRAL","50","HAMILTON","079","","","00000000","","CORN","CORN - SALES, MEASURED IN $","TOTAL","NOT SPECIFIED","264,726,000","(L)"
"CENSUS","2022","YEAR","","COUNTY","IOWA","19","CENTRAL","50","HAMILTON","079","","","00000000","","CORN","CORN, GRAIN - PRODUCTION, MEASURED IN BU","TOTAL","NOT SPECIFIED","41,806,628","10.2"
"CENSUS","2022","YEAR","","COUNTY","IOWA","19","CENTRAL","50","HAMILTON","079","","","00000000","","CORN","CORN, SILAGE - PRODUCTION, MEASURED IN TONS","TOTAL","NOT SPECIFIED"," (D)","(D)"
"CENSUS","2022","YEAR","","COUNTY","IOWA","19","CENTRAL","50","HARDIN","083","","","00000000","","CORN","CORN - OPERATIONS WITH SALES","TOTAL","NOT SPECIFIED","496","6.7"
"CENSUS","2022","YEAR","","COUNTY","IOWA","19","CENTRAL","50","HARDIN","083","","","00000000","","CORN","CORN - SALES, MEASURED IN $","TOTAL","NOT SPECIFIED","246,285,000","(L)"
"CENSUS","2022","YEAR","","COUNTY","IOWA","19","CENTRAL","50","HARDIN","083","","","00000000","","CORN","CORN, GRAIN - PRODUCTION, MEASURED IN BU","TOTAL","NOT SPECIFIED","39,203,931","10.2"
"CENSUS","2022","YEAR","","COUNTY","IOWA","19","CENTRAL","50","HARDIN","083","","","00000000","","CORN","CORN, SILAGE - PRODUCTION, MEASURED IN TONS","TOTAL","NOT SPECIFIED","5,146","30.4"
"CENSUS","2022","YEAR","","COUNTY","IOWA","19","CENTRAL","50","JASPER","099","","","00000000","","CORN","CORN - OPERATIONS WITH SALES","TOTAL","NOT SPECIFIED","607","6.7"
"CENSUS","2022","YEAR","","COUNTY","IOWA","19","CENTRAL","50","JASPER","099","","","00000000","","CORN","CORN - SALES, MEASURED IN $","TOTAL","NOT SPECIFIED","243,533,000","(L)"
"CENSUS","2022","YEAR","","COUNTY","IOWA","19","CENTRAL","50","JASPER","099","","","00000000","","CORN","CORN, GRAIN - PRODUCTION, MEASURED IN BU","TOTAL","NOT SPECIFIED","39,454,359","10.2"
"CENSUS","2022","YEAR","","COUNTY","IOWA","19","CENTRAL","50","JASPER","099","","","00000000","","CORN","CORN, SILAGE - PRODUCTION, MEASURED IN TONS","TOTAL","NOT SPECIFIED","30,081","30.4"
"CENSUS","2022","YEAR","","COUNTY","IOWA","19","CENTRAL","50","MARSHALL","127","","","00000000","","CORN","CORN - OPERATIONS WITH SALES","TOTAL","NOT SPECIFIED","503","6.7"
"CENSUS","2022","YEAR","","COUNTY","IOWA","19","CENTRAL","50","MARSHALL","127","","","00000000","","CORN","CORN - SALES, MEASURED IN $","TOTAL","NOT SPECIFIED","210,177,000","(L)"
"CENSUS","2022","YEAR","","COUNTY","IOWA","19","CENTRAL","50","MARSHALL","127","","","00000000","","CORN","CORN, GRAIN - PRODUCTION, MEASURED IN BU","TOTAL","NOT SPECIFIED","33,716,970","10.2"
"CENSUS","2022","YEAR","","COUNTY","IOWA","19","CENTRAL","50","MARSHALL","127","","","00000000","","CORN","CORN, SILAGE - PRODUCTION, MEASURED IN TONS","TOTAL","NOT SPECIFIED","98,614","30.4"
"CENSUS","2022","YEAR","","COUNTY","IOWA","19","CENTRAL","50","POLK","153","","","00000000","","CORN","CORN - OPERATIONS WITH SALES","TOTAL","NOT SPECIFIED","304","6.7"
"CENSUS","2022","YEAR","","COUNTY","IOWA","19","CENTRAL","50","POLK","153","","","00000000","","CORN","CORN - SALES, MEASURED IN $","TOTAL","NOT SPECIFIED","89,382,000","(L)"
"CENSUS","2022","YEAR","","COUNTY","IOWA","19","CENTRAL","50","POLK","153","","","00000000","","CORN","CORN, GRAIN - PRODUCTION, MEASURED IN BU","TOTAL","NOT SPECIFIED","14,761,080","10.2"
"CENSUS","2022","YEAR","","COUNTY","IOWA","19","CENTRAL","50","POLK","153","","","00000000","","CORN","CORN, SILAGE - PRODUCTION, MEASURED IN TONS","TOTAL","NOT SPECIFIED"," (D)","(D)"
"CENSUS","2022","YEAR","","COUNTY","IOWA","19","CENTRAL","50","POWESHIEK","157","","","00000000","","CORN","CORN - OPERATIONS WITH SALES","TOTAL","NOT SPECIFIED","418","6.7"
"CENSUS","2022","YEAR","","COUNTY","IOWA","19","CENTRAL","50","POWESHIEK","157","","","00000000","","CORN","CORN - SALES, MEASURED IN $","TOTAL","NOT SPECIFIED","125,934,000","(L)"
"CENSUS","2022","YEAR","","COUNTY","IOWA","19","CENTRAL","50","POWESHIEK","157","","","00000000","","CORN","CORN, GRAIN - PRODUCTION, MEASURED IN BU","TOTAL","NOT SPECIFIED","20,239,019","10.2"
"CENSUS","2022","YEAR","","COUNTY","IOWA","19","CENTRAL","50","POWESHIEK","157","","","00000000","","CORN","CORN, SILAGE - PRODUCTION, MEASURED IN TONS","TOTAL","NOT SPECIFIED","20,019","30.4"
"CENSUS","2022","YEAR","","COUNTY","IOWA","19","CENTRAL","50","STORY","169","","","00000000","","CORN","CORN - OPERATIONS WITH SALES","TOTAL","NOT SPECIFIED","525","6.7"
"CENSUS","2022","YEAR","","COUNTY","IOWA","19","CENTRAL","50","STORY","169","","","00000000","","CORN","CORN - SALES, MEASURED IN $","TOTAL","NOT SPECIFIED","190,204,000","(L)"
"CENSUS","2022","YEAR","","COUNTY","IOWA","19","CENTRAL","50","STORY","169","","","00000000","","CORN","CORN, GRAIN - PRODUCTION, MEASURED IN BU","TOTAL","NOT SPECIFIED","30,578,637","10.2"
"CENSUS","2022","YEAR","","COUNTY","IOWA","19","CENTRAL","50","STORY","169","","","00000000","","CORN","CORN, SILAGE - PRODUCTION, MEASURED IN TONS","TOTAL","NOT SPECIFIED","6,649","30.4"
"CENSUS","2022","YEAR","","COUNTY","IOWA","19","CENTRAL","50","TAMA","171","","","00000000","","CORN","CORN - OPERATIONS WITH SALES","TOTAL","NOT SPECIFIED","604","6.7"
"CENSUS","2022","YEAR","","COUNTY","IOWA","19","CENTRAL","50","TAMA","171","","","00000000","","CORN","CORN - SALES, MEASURED IN $","TOTAL","NOT SPECIFIED","191,704,000","(L)"
"CENSUS","2022","YEAR","","COUNTY","IOWA","19","CENTRAL","50","TAMA","171","","","00000000","","CORN","CORN, GRAIN - PRODUCTION, MEASURED IN BU","TOTAL","NOT SPECIFIED","31,740,454","10.2"
"CENSUS","2022","YEAR","","COUNTY","IOWA","19","CENTRAL","50","TAMA","171","","","00000000","","CORN","CORN, SILAGE - PRODUCTION, MEASURED IN TONS","TOTAL","NOT SPECIFIED","24,136","30.4"
"CENSUS","2022","YEAR","","COUNTY","IOWA","19","CENTRAL","50","WEBSTER","187","","","00000000","","CORN","CORN - OPERATIONS WITH SALES","TOTAL","NOT SPECIFIED","540","6.7"
"CENSUS","2022","YEAR","","COUNTY","IOWA","19","CENTRAL","50","WEBSTER","187","","","00000000","","CORN","CORN - SALES, MEASURED IN $","TOTAL","NOT SPECIFIED","215,528,000","(L)"
"CENSUS","2022","YEAR","","COUNTY","IOWA","19","CENTRAL","50","WEBSTER","187","","","00000000","","CORN","CORN, GRAIN - PRODUCTION, MEASURED IN BU","TOTAL","NOT SPECIFIED","34,225,223","10.2"
"CENSUS","2022","YEAR","","COUNTY","IOWA","19","CENTRAL","50","WEBSTER","187","","","00000000","","CORN","CORN, SILAGE - PRODUCTION, MEASURED IN TONS","TOTAL","NOT SPECIFIED","4,764","30.4"
"CENSUS","2022","YEAR","","COUNTY","IOWA","19","EAST CENTRAL","60","BENTON","011","","","00000000","","CORN","CORN - OPERATIONS WITH SALES","TOTAL","NOT SPECIFIED","660","6.7"
"CENSUS","2022","YEAR","","COUNTY","IOWA","19","EAST CENTRAL","60","BENTON","011","","","00000000","","CORN","CORN - SALES, MEASURED IN $","TOTAL","NOT SPECIFIED","226,027,000","(L)"
"CENSUS","2022","YEAR","","COUNTY","IOWA","19","EAST CENTRAL","60","BENTON","011","","","00000000","","CORN","CORN, GRAIN - PRODUCTION, MEASURED IN BU","TOTAL","NOT SPECIFIED","36,812,948","10.2"
"CENSUS","2022","YEAR","","COUNTY","IOWA","19","EAST CENTRAL","60","BENTON","011","","","00000000","","CORN","CORN, SILAGE - PRODUCTION, MEASURED IN TONS","TOTAL","NOT SPECIFIED","46,893","30.4"
"CENSUS","2022","YEAR","","COUNTY","IOWA","19","EAST CENTRAL","60","CEDAR","031","","","00000000","","CORN","CORN - OPERATIONS WITH SALES","TOTAL","NOT SPECIFIED","520","6.7"
"CENSUS","2022","YEAR","","COUNTY","IOWA","19","EAST CENTRAL","60","CEDAR","031","","","00000000","","CORN","CORN - SALES, MEASURED IN $","TOTAL","NOT SPECIFIED","238,132,000","(L)"
"CENSUS","2022","YEAR","","COUNTY","IOWA","19","EAST CENTRAL","60","CEDAR","031","","","00000000","","CORN","CORN, GRAIN - PRODUCTION, MEASURED IN BU","TOTAL","NOT SPECIFIED","39,163,157","10.2"
"CENSUS","2022","YEAR","","COUNTY","IOWA","19","EAST CENTRAL","60","CEDAR","031","","","00000000","","CORN","CORN, SILAGE - PRODUCTION, MEASURED IN TONS","TOTAL","NOT SPECIFIED","8,372","30.4"
"CENSUS","2022","YEAR","","COUNTY","IOWA","19","EAST CENTRAL","60","CLINTON","045","","","00000000","","CORN","CORN - OPERATIONS WITH SALES","TOTAL","NOT SPECIFIED","700","6.7"
"CENSUS","2022","YEAR","","COUNTY","IOWA","19","EAST CENTRAL","60","CLINTON","045","","","00000000","","CORN","CORN - SALES, MEASURED IN $","TOTAL","NOT SPECIFIED","215,398,000","(L)"
"CENSUS","2022","YEAR","","COUNTY","IOWA","19","EAST CENTRAL","60","CLINTON","045","","","00000000","","CORN","CORN, GRAIN - PRODUCTION, MEASURED IN BU","TOTAL","NOT SPECIFIED","36,398,395","10.2"
"CENSUS","2022","YEAR","","COUNTY","IOWA","19","EAST CENTRAL","60","CLINTON","045","","","00000000","","CORN","CORN, SILAGE - PRODUCTION, MEASURED IN TONS","TOTAL","NOT SPECIFIED","57,834","30.4"
"CENSUS","2022","YEAR","","COUNTY","IOWA","19","EAST CENTRAL","60","IOWA","095","","","00000000","","CORN","CORN - OPERATIONS WITH SALES","TOTAL","NOT SPECIFIED","501","6.7"
"CENSUS","2022","YEAR","","COUNTY","IOWA","19","EAST CENTRAL","60","IOWA","095","","","00000000","","CORN","CORN - SALES, MEASURED IN $","TOTAL","NOT SPECIFIED","165,501,000","(L)"
"CENSUS","2022","YEAR","","COUNTY","IOWA","19","EAST CENTRAL","60","IOWA","095","","","00000000","","CORN","CORN, GRAIN - PRODUCTION, MEASURED IN BU","TOTAL","NOT SPECIFIED","26,996,948","10.2"
"CENSUS","2022","YEAR","","COUNTY","IOWA","19","EAST CENTRAL","60","IOWA","095","","","00000000","","CORN","CORN, SILAGE - PRODUCTION, MEASURED IN TONS","TOTAL","NOT SPECIFIED","25,268","(L)"
"CENSUS","2022","YEAR","","COUNTY","IOWA","19","EAST CENTRAL","60","JACKSON","097","","","00000000","","CORN","CORN - OPERATIONS WITH SALES","TOTAL","NOT SPECIFIED","542","6.7"
"CENSUS","2022","YEAR","","COUNTY","IOWA","19","EAST CENTRAL","60","JACKSON","097","","","00000000","","CORN","CORN - SALES, MEASURED IN $","TOTAL","NOT SPECIFIED","129,430,000","(L)"
"CENSUS","2022","YEAR","","COUNTY","IOWA","19","EAST CENTRAL","60","JACKSON","097","","","00000000","","CORN","CORN, GRAIN - PRODUCTION, MEASURED IN BU","TOTAL","NOT SPECIFIED","21,146,593","10.2"
"CENSUS","2022","YEAR","","COUNTY","IOWA","19","EAST CENTRAL","60","JACKSON","097","","","00000000","","CORN","CORN, SILAGE - PRODUCTION, MEASURED IN TONS","TOTAL","NOT SPECIFIED","43,419","30.4"
"CENSUS","2022","YEAR","","COUNTY","IOWA","19","EAST CENTRAL","60","JOHNSON","103","","","00000000","","CORN","CORN - OPERATIONS WITH SALES","TOTAL","NOT SPECIFIED","600","6.7"
"CENSUS","2022","YEAR","","COUNTY","IOWA","19","EAST CENTRAL","60","JOHNSON","103","","","00000000","","CORN","CORN - SALES, MEASURED IN $","TOTAL","NOT SPECIFIED","123,273,000","(L)"
"CENSUS","2022","YEAR","","COUNTY","IOWA","19","EAST CENTRAL","60","JOHNSON","103","","","00000000","","CORN","CORN, GRAIN - PRODUCTION, MEASURED IN BU","TOTAL","NOT SPECIFIED","19,816,124","10.2"
"CENSUS","2022","YEAR","","COUNTY","IOWA","19","EAST CENTRAL","60","JOHNSON","103","","","00000000","","CORN","CORN, SILAGE - PRODUCTION, MEASURED IN TONS","TOTAL","NOT SPECIFIED","17,638","30.4"
"CENSUS","2022","YEAR","","COUNTY","IOWA","19","EAST CENTRAL","60","JONES","105","","","00000000","","CORN","CORN - OPERATIONS WITH SALES","TOTAL","NOT SPECIFIED","532","6.7"
"CENSUS","2022","YEAR","","COUNTY","IOWA","19","EAST CENTRAL","60","JONES","105","","","00000000","","CORN","CORN - SALES, MEASURED IN $","TOTAL","NOT SPECIFIED","189,556,000","(L)"
"CENSUS","2022","YEAR","","COUNTY","IOWA","19","EAST CENTRAL","60","JONES","105","","","00000000","","CORN","CORN, GRAIN - PRODUCTION, MEASURED IN BU","TOTAL","NOT SPECIFIED","32,077,057","10.2"
"CENSUS","2022","YEAR","","COUNTY","IOWA","19","EAST CENTRAL","60","JONES","105","","","00000000","","CORN","CORN, SILAGE - PRODUCTION, MEASURED IN TONS","TOTAL","NOT SPECIFIED","14,775","30.4"
"CENSUS","2022","YEAR","","COUNTY","IOWA","19","EAST CENTRAL","60","LINN","113","","","00000000","","CORN","CORN - OPERATIONS WITH SALES","TOTAL","NOT SPECIFIED","705","6.7"
"CENSUS","2022","YEAR","","COUNTY","IOWA","19","EAST CENTRAL","60","LINN","113","","","00000000","","CORN","CORN - SALES, MEASURED IN $","TOTAL","NOT SPECIFIED","207,273,000","(L)"
"CENSUS","2022","YEAR","","COUNTY","IOWA","19","EAST CENTRAL","60","LINN","113","","","00000000","","CORN","CORN, GRAIN - PRODUCTION, MEASURED IN BU","TOTAL","NOT SPECIFIED","33,348,011","10.2"
"CENSUS","2022","YEAR","","COUNTY","IOWA","19","EAST CENTRAL","60","LINN","113","","","00000000","","CORN","CORN, SILAGE - PRODUCTION, MEASURED IN TONS","TOTAL","NOT SPECIFIED","8,482","30.4"
"CENSUS","2022","YEAR","","COUNTY","IOWA","19","EAST CENTRAL","60","MUSCATINE","139","","","00000000","","CORN","CORN - OPERATIONS WITH SALES","TOTAL","NOT SPECIFIED","371","6.7"
"CENSUS","2022","YEAR","","COUNTY","IOWA","19","EAST CENTRAL","60","MUSCATINE","139","","","00000000","","CORN","CORN - SALES, MEASURED IN $","TOTAL","NOT SPECIFIED","108,668,000","(L)"
"CENSUS","2022","YEAR","","COUNTY","IOWA","19","EAST CENTRAL","60","MUSCATINE","139","","","00000000","","CORN","CORN, GRAIN - PRODUCTION, MEASURED IN BU","TOTAL","NOT SPECIFIED","17,402,084","10.2"
"CENSUS","2022","YEAR","","COUNTY","IOWA","19","EAST CENTRAL","60","MUSCATINE","139","","","00000000","","CORN","CORN, SILAGE - PRODUCTION, MEASURED IN TONS","TOTAL","NOT SPECIFIED","32,800","30.4"
"CENSUS","2022","YEAR","","COUNTY","IOWA","19","EAST CENTRAL","60","SCOTT","163","","","00000000","","CORN","CORN - OPERATIONS WITH SALES","TOTAL","NOT SPECIFIED","376","6.7"
"CENSUS","2022","YEAR","","COUNTY","IOWA","19","EAST CENTRAL","60","SCOTT","163","","","00000000","","CORN","CORN - SALES, MEASURED IN $","TOTAL","NOT SPECIFIED","134,836,000","(L)"
"CENSUS","2022","YEAR","","COUNTY","IOWA","19","EAST CENTRAL","60","SCOTT","163","","","00000000","","CORN","CORN, GRAIN - PRODUCTION, MEASURED IN BU","TOTAL","NOT SPECIFIED","22,094,519","10.2"
"CENSUS","2022","YEAR","","COUNTY","IOWA","19","EAST CENTRAL","60","SCOTT","163","","","00000000","","CORN","CORN, SILAGE - PRODUCTION, MEASURED IN TONS","TOTAL","NOT SPECIFIED","7,500","(L)"
"CENSUS","2022","YEAR","","COUNTY","IOWA","19","NORTH CENTRAL","20","BUTLER","023","","","00000000","","CORN","CORN - OPERATIONS WITH SALES","TOTAL","NOT SPECIFIED","475","6.7"
"CENSUS","2022","YEAR","","COUNTY","IOWA","19","NORTH CENTRAL","20","BUTLER","023","","","00000000","","CORN","CORN - SALES, MEASURED IN $","TOTAL","NOT SPECIFIED","205,831,000","(L)"
"CENSUS","2022","YEAR","","COUNTY","IOWA","19","NORTH CENTRAL","20","BUTLER","023","","","00000000","","CORN","CORN, GRAIN - PRODUCTION, MEASURED IN BU","TOTAL","NOT SPECIFIED","32,775,290","10.2"
"CENSUS","2022","YEAR","","COUNTY","IOWA","19","NORTH CENTRAL","20","BUTLER","023","","","00000000","","CORN","CORN, SILAGE - PRODUCTION, MEASURED IN TONS","TOTAL","NOT SPECIFIED","26,286","30.4"
"CENSUS","2022","YEAR","","COUNTY","IOWA","19","NORTH CENTRAL","20","CERRO GORDO","033","","","00000000","","CORN","CORN - OPERATIONS WITH SALES","TOTAL","NOT SPECIFIED","468","6.7"
"CENSUS","2022","YEAR","","COUNTY","IOWA","19","NORTH CENTRAL","20","CERRO GORDO","033","","","00000000","","CORN","CORN - SALES, MEASURED IN $","TOTAL","NOT SPECIFIED","230,062,000","(L)"
"CENSUS","2022","YEAR","","COUNTY","IOWA","19","NORTH CENTRAL","20","CERRO GORDO","033","","","00000000","","CORN","CORN, GRAIN - PRODUCTION, MEASURED IN BU","TOTAL","NOT SPECIFIED","37,400,822","10.2"
"CENSUS","2022","YEAR","","COUNTY","IOWA","19","NORTH CENTRAL","20","CERRO GORDO","033","","","00000000","","CORN","CORN, SILAGE - PRODUCTION, MEASURED IN TONS","TOTAL","NOT SPECIFIED","13,403","30.4"
"CENSUS","2022","YEAR","","COUNTY","IOWA","19","NORTH CENTRAL","20","FLOYD","067","","","00000000","","CORN","CORN - OPERATIONS WITH SALES","TOTAL","NOT SPECIFIED","523","6.7"
"CENSUS","2022","YEAR","","COUNTY","IOWA","19","NORTH CENTRAL","20","FLOYD","067","","","00000000","","CORN","CORN - SALES, MEASURED IN $","TOTAL","NOT SPECIFIED","196,744,000","(L)"
"CENSUS","2022","YEAR","","COUNTY","IOWA","19","NORTH CENTRAL","20","FLOYD","067","","","00000000","","CORN","CORN, GRAIN - PRODUCTION, MEASURED IN BU","TOTAL","NOT SPECIFIED","31,736,842","10.2"
"CENSUS","2022","YEAR","","COUNTY","IOWA","19","NORTH CENTRAL","20","FLOYD","067","","","00000000","","CORN","CORN, SILAGE - PRODUCTION, MEASURED IN TONS","TOTAL","NOT SPECIFIED","42,211","30.4"
"CENSUS","2022","YEAR","","COUNTY","IOWA","19","NORTH CENTRAL","20","FRANKLIN","069","","","00000000","","CORN","CORN - OPERATIONS WITH SALES","TOTAL","NOT SPECIFIED","526","6.7"
"CENSUS","2022","YEAR","","COUNTY","IOWA","19","NORTH CENTRAL","20","FRANKLIN","069","","","00000000","","CORN","CORN - SALES, MEASURED IN $","TOTAL","NOT SPECIFIED","251,509,000","(L)"
"CENSUS","2022","YEAR","","COUNTY","IOWA","19","NORTH CENTRAL","20","FRANKLIN","069","","","00000000","","CORN","CORN, GRAIN - PRODUCTION, MEASURED IN BU","TOTAL","NOT SPECIFIED","37,485,328","10.2"
"CENSUS","2022","YEAR","","COUNTY","IOWA","19","NORTH CENTRAL","20","FRANKLIN","069","","","00000000","","CORN","CORN, SILAGE - PRODUCTION, MEASURED IN TONS","TOTAL","NOT SPECIFIED","377,854","30.4"
"CENSUS","2022","YEAR","","COUNTY","IOWA","19","NORTH CENTRAL","20","HANCOCK","081","","","00000000","","CORN","CORN - OPERATIONS WITH SALES","TOTAL","NOT SPECIFIED","581","6.7"
"CENSUS","2022","YEAR","","COUNTY","IOWA","19","NORTH CENTRAL","20","HANCOCK","081","","","00000000","","CORN","CORN - SALES, MEASURED IN $","TOTAL","NOT SPECIFIED","243,013,000","(L)"
"CENSUS","2022","YEAR","","COUNTY","IOWA","19","NORTH CENTRAL","20","HANCOCK","081","","","00000000","","CORN","CORN, GRAIN - PRODUCTION, MEASURED IN BU","TOTAL","NOT SPECIFIED","38,800,255","10.2"
"CENSUS","2022","YEAR","","COUNTY","IOWA","19","NORTH CENTRAL","20","HANCOCK","081","","","00000000","","CORN","CORN, SILAGE - PRODUCTION, MEASURED IN TONS","TOTAL","NOT SPECIFIED","7,588","30.4"
"CENSUS","2022","YEAR","","COUNTY","IOWA","19","NORTH CENTRAL","20","HUMBOLDT","091","","","00000000","","CORN","CORN - OPERATIONS WITH SALES","TOTAL","NOT SPECIFIED","401","6.7"
"CENSUS","2022","YEAR","","COUNTY","IOWA","19","NORTH CENTRAL","20","HUMBOLDT","091","","","00000000","","CORN","CORN - SALES, MEASURED IN $","TOTAL","NOT SPECIFIED","144,708,000","(L)"
"CENSUS","2022","YEAR","","COUNTY","IOWA","19","NORTH CENTRAL","20","HUMBOLDT","091","","","00000000","","CORN","CORN, GRAIN - PRODUCTION, MEASURED IN BU","TOTAL","NOT SPECIFIED","23,066,209","10.2"
"CENSUS","2022","YEAR","","COUNTY","IOWA","19","NORTH CENTRAL","20","HUMBOLDT","091","","","00000000","","CORN","CORN, SILAGE - PRODUCTION, MEASURED IN TONS","TOTAL","NOT SPECIFIED","3,210","30.4"
"CENSUS","2022","YEAR","","COUNTY","IOWA","19","NORTH CENTRAL","20","KOSSUTH","109","","","00000000","","CORN","CORN - OPERATIONS WITH SALES","TOTAL","NOT SPECIFIED","884","6.7"
"CENSUS","2022","YEAR","","COUNTY","IOWA","19","NORTH CENTRAL","20","KOSSUTH","109","","","00000000","","CORN","CORN - SALES, MEASURED IN $","TOTAL","NOT SPECIFIED","393,787,000","(L)"
"CENSUS","2022","YEAR","","COUNTY","IOWA","19","NORTH CENTRAL","20","KOSSUTH","109","","","00000000","","CORN","CORN, GRAIN - PRODUCTION, MEASURED IN BU","TOTAL","NOT SPECIFIED","62,768,119","10.2"
"CENSUS","2022","YEAR","","COUNTY","IOWA","19","NORTH CENTRAL","20","KOSSUTH","109","","","00000000","","CORN","CORN, SILAGE - PRODUCTION, MEASURED IN TONS","TOTAL","NOT SPECIFIED","22,719","30.4"
"CENSUS","2022","YEAR","","COUNTY","IOWA","19","NORTH CENTRAL","20","MITCHELL","131","","","00000000","","CORN","CORN - OPERATIONS WITH SALES","TOTAL","NOT SPECIFIED","486","6.7"
"CENSUS","2022","YEAR","","COUNTY","IOWA","19","NORTH CENTRAL","20","MITCHELL","131","","","00000000","","CORN","CORN - SALES, MEASURED IN $","TOTAL","NOT SPECIFIED","172,677,000","(L)"
"CENSUS","2022","YEAR","","COUNTY","IOWA","19","NORTH CENTRAL","20","MITCHELL","131","","","00000000","","CORN","CORN, GRAIN - PRODUCTION, MEASURED IN BU","TOTAL","NOT SPECIFIED","28,776,268","10.2"
"CENSUS","2022","YEAR","","COUNTY","IOWA","19","NORTH CENTRAL","20","MITCHELL","131","","","00000000","","CORN","CORN, SILAGE - PRODUCTION, MEASURED IN TONS","TOTAL","NOT SPECIFIED","85,968","30.4"
"CENSUS","2022","YEAR","","COUNTY","IOWA","19","NORTH CENTRAL","20","WINNEBAGO","189","","","00000000","","CORN","CORN - OPERATIONS WITH SALES","TOTAL","NOT SPECIFIED","307","6.7"
"CENSUS","2022","YEAR","","COUNTY","IOWA","19","NORTH CENTRAL","20","WINNEBAGO","189","","","00000000","","CORN","CORN - SALES, MEASURED IN $","TOTAL","NOT SPECIFIED","129,024,000","(L)"
"CENSUS","2022","YEAR","","COUNTY","IOWA","19","NORTH CENTRAL","20","WINNEBAGO","189","","","00000000","","CORN","CORN, GRAIN - PRODUCTION, MEASURED IN BU","TOTAL","NOT SPECIFIED","20,503,222","10.2"
"CENSUS","2022","YEAR","","COUNTY","IOWA","19","NORTH CENTRAL","20","WINNEBAGO","189","","","00000000","","CORN","CORN, SILAGE - PRODUCTION, MEASURED IN TONS","TOTAL","NOT SPECIFIED","13,028","30.4"
"CENSUS","2022","YEAR","","COUNTY","IOWA","19","NORTH CENTRAL","20","WORTH","195","","","00000000","","CORN","CORN - OPERATIONS WITH SALES","TOTAL","NOT SPECIFIED","265","6.7"
"CENSUS","2022","YEAR","","COUNTY","IOWA","19","NORTH CENTRAL","20","WORTH","195","","","00000000","","CORN","CORN - SALES, MEASURED IN $","TOTAL","NOT SPECIFIED","92,525,000","(L)"
"CENSUS","2022","YEAR","","COUNTY","IOWA","19","NORTH CENTRAL","20","WORTH","195","","","00000000","","CORN","CORN, GRAIN - PRODUCTION, MEASURED IN BU","TOTAL","NOT SPECIFIED","15,470,859","10.2"
"CENSUS","2022","YEAR","","COUNTY","IOWA","19","NORTH CENTRAL","20","WORTH","195","","","00000000","","CORN","CORN, SILAGE - PRODUCTION, MEASURED IN TONS","TOTAL","NOT SPECIFIED","869","30.4"
"CENSUS","2022","YEAR","","COUNTY","IOWA","19","NORTH CENTRAL","20","WRIGHT","197","","","00000000","","CORN","CORN - OPERATIONS WITH SALES","TOTAL","NOT SPECIFIED","438","6.7"
"CENSUS","2022","YEAR","","COUNTY","IOWA","19","NORTH CENTRAL","20","WRIGHT","197","","","00000000","","CORN","CORN - SALES, MEASURED IN $","TOTAL","NOT SPECIFIED","253,552,000","(L)"
"CENSUS","2022","YEAR","","COUNTY","IOWA","19","NORTH CENTRAL","20","WRIGHT","197","","","00000000","","CORN","CORN, GRAIN - PRODUCTION, MEASURED IN BU","TOTAL","NOT SPECIFIED","40,970,744","10.2"
"CENSUS","2022","YEAR","","COUNTY","IOWA","19","NORTH CENTRAL","20","WRIGHT","197","","","00000000","","CORN","CORN, SILAGE - PRODUCTION, MEASURED IN TONS","TOTAL","NOT SPECIFIED","4,078","(L)"
"CENSUS","2022","YEAR","","COUNTY","IOWA","19","NORTHEAST","30","ALLAMAKEE","005","","","00000000","","CORN","CORN - OPERATIONS WITH SALES","TOTAL","NOT SPECIFIED","427","6.7"
"CENSUS","2022","YEAR","","COUNTY","IOWA","19","NORTHEAST","30","ALLAMAKEE","005","","","00000000","","CORN","CORN - SALES, MEASURED IN $","TOTAL","NOT SPECIFIED","92,640,000","(L)"
"CENSUS","2022","YEAR","","COUNTY","IOWA","19","NORTHEAST","30","ALLAMAKEE","005","","","00000000","","CORN","CORN, GRAIN - PRODUCTION, MEASURED IN BU","TOTAL","NOT SPECIFIED","15,106,379","10.2"
"CENSUS","2022","YEAR","","COUNTY","IOWA","19","NORTHEAST","30","ALLAMAKEE","005","","","00000000","","CORN","CORN, SILAGE - PRODUCTION, MEASURED IN TONS","TOTAL","NOT SPECIFIED","218,253","30.4"
"CENSUS","2022","YEAR","","COUNTY","IOWA","19","NORTHEAST","30","BLACK HAWK","013","","","00000000","","CORN","CORN - OPERATIONS WITH SALES","TOTAL","NOT SPECIFIED","541","6.7"
"CENSUS","2022","YEAR","","COUNTY","IOWA","19","NORTHEAST","30","BLACK HAWK","013","","","00000000","","CORN","CORN - SALES, MEASURED IN $","TOTAL","NOT SPECIFIED","191,988,000","(L)"
"CENSUS","2022","YEAR","","COUNTY","IOWA","19","NORTHEAST","30","BLACK HAWK","013","","","00000000","","CORN","CORN, GRAIN - PRODUCTION, MEASURED IN BU","TOTAL","NOT SPECIFIED","30,575,173","10.2"
"CENSUS","2022","YEAR","","COUNTY","IOWA","19","NORTHEAST","30","BLACK HAWK","013","","","00000000","","CORN","CORN, SILAGE - PRODUCTION, MEASURED IN TONS","TOTAL","NOT SPECIFIED","7,981","30.4"
"CENSUS","2022","YEAR","","COUNTY","IOWA","19","NORTHEAST","30","BREMER","017","","","00000000","","CORN","CORN - OPERATIONS WITH SALES","TOTAL","NOT SPECIFIED","542","6.7"
"CENSUS","2022","YEAR","","COUNTY","IOWA","19","NORTHEAST","30","BREMER","017","","","00000000","","CORN","CORN - SALES, MEASURED IN $","TOTAL","NOT SPECIFIED","160,186,000","(L)"
"CENSUS","2022","YEAR","","COUNTY","IOWA","19","NORTHEAST","30","BREMER","017","","","00000000","","CORN","CORN, GRAIN - PRODUCTION, MEASURED IN BU","TOTAL","NOT SPECIFIED","26,558,048","10.2"
"CENSUS","2022","YEAR","","COUNTY","IOWA","19","NORTHEAST","30","BREMER","017","","","00000000","","CORN","CORN, SILAGE - PRODUCTION, MEASURED IN TONS","TOTAL","NOT SPECIFIED","61,973","30.4"
"CENSUS","2022","YEAR","","COUNTY","IOWA","19","NORTHEAST","30","BUCHANAN","019","","","00000000","","CORN","CORN - OPERATIONS WITH SALES","TOTAL","NOT SPECIFIED","653","6.7"
"CENSUS","2022","YEAR","","COUNTY","IOWA","19","NORTHEAST","30","BUCHANAN","019","","","00000000","","CORN","CORN - SALES, MEASURED IN $","TOTAL","NOT SPECIFIED","282,332,000","(L)"
"CENSUS","2022","YEAR","","COUNTY","IOWA","19","NORTHEAST","30","BUCHANAN","019","","","00000000","","CORN","CORN, GRAIN - PRODUCTION, MEASURED IN BU","TOTAL","NOT SPECIFIED","45,458,920","10.2"
"CENSUS","2022","YEAR","","COUNTY","IOWA","19","NORTHEAST","30","BUCHANAN","019","","","00000000","","CORN","CORN, SILAGE - PRODUCTION, MEASURED IN TONS","TOTAL","NOT SPECIFIED","24,027","30.4"
"CENSUS","2022","YEAR","","COUNTY","IOWA","19","NORTHEAST","30","CHICKASAW","037","","","00000000","","CORN","CORN - OPERATIONS WITH SALES","TOTAL","NOT SPECIFIED","633","6.7"
"CENSUS","2022","YEAR","","COUNTY","IOWA","19","NORTHEAST","30","CHICKASAW","037","","","00000000","","CORN","CORN - SALES, MEASURED IN $","TOTAL","NOT SPECIFIED","185,903,000","(L)"
"CENSUS","2022","YEAR","","COUNTY","IOWA","19","NORTHEAST","30","CHICKASAW","037","","","00000000","","CORN","CORN, GRAIN - PRODUCTION, MEASURED IN BU","TOTAL","NOT SPECIFIED","30,342,610","10.2"
"CENSUS","2022","YEAR","","COUNTY","IOWA","19","NORTHEAST","30","CHICKASAW","037","","","00000000","","CORN","CORN, SILAGE - PRODUCTION, MEASURED IN TONS","TOTAL","NOT SPECIFIED","51,598","30.4"
"CENSUS","2022","YEAR","","COUNTY","IOWA","19","NORTHEAST","30","CLAYTON","043","","","00000000","","CORN","CORN - OPERATIONS WITH SALES","TOTAL","NOT SPECIFIED","684","6.7"
"CENSUS","2022","YEAR","","COUNTY","IOWA","19","NORTHEAST","30","CLAYTON","043","","","00000000","","CORN","CORN - SALES, MEASURED IN $","TOTAL","NOT SPECIFIED","190,374,000","(L)"
"CENSUS","2022","YEAR","","COUNTY","IOWA","19","NORTHEAST","30","CLAYTON","043","","","00000000","","CORN","CORN, GRAIN - PRODUCTION, MEASURED IN BU","TOTAL","NOT SPECIFIED","32,342,894","10.2"
"CENSUS","2022","YEAR","","COUNTY","IOWA","19","NORTHEAST","30","CLAYTON","043","","","00000000","","CORN","CORN, SILAGE - PRODUCTION, MEASURED IN TONS","TOTAL","NOT SPECIFIED","81,312","30.4"
"CENSUS","2022","YEAR","","COUNTY","IOWA","19","NORTHEAST","30","DELAWARE","055","","","00000000","","CORN","CORN - OPERATIONS WITH SALES","TOTAL","NOT SPECIFIED","928","6.7"
"CENSUS","2022","YEAR","","COUNTY","IOWA","19","NORTHEAST","30","DELAWARE","055","","","00000000","","CORN","CORN - SALES, MEASURED IN $","TOTAL","NOT SPECIFIED","258,777,000","(L)"
"CENSUS","2022","YEAR","","COUNTY","IOWA","19","NORTHEAST","30","DELAWARE","055","","","00000000","","CORN","CORN, GRAIN - PRODUCTION, MEASURED IN BU","TOTAL","NOT SPECIFIED","43,188,188","10.2"
"CENSUS","2022","YEAR","","COUNTY","IOWA","19","NORTHEAST","30","DELAWARE","055","","","00000000","","CORN","CORN, SILAGE - PRODUCTION, MEASURED IN TONS","TOTAL","NOT SPECIFIED","105,146","30.4"
"CENSUS","2022","YEAR","","COUNTY","IOWA","19","NORTHEAST","30","DELAWARE","055","","","00000000","","CORN","CORN, TRADITIONAL OR INDIAN - PRODUCTION, MEASURED IN LB","TOTAL","NOT SPECIFIED","300","81.4"
"CENSUS","2022","YEAR","","COUNTY","IOWA","19","NORTHEAST","30","DUBUQUE","061","","","00000000","","CORN","CORN - OPERATIONS WITH SALES","TOTAL","NOT SPECIFIED","932","6.7"
"CENSUS","2022","YEAR","","COUNTY","IOWA","19","NORTHEAST","30","DUBUQUE","061","","","00000000","","CORN","CORN - SALES, MEASURED IN $","TOTAL","NOT SPECIFIED","201,661,000","(L)"
"CENSUS","2022","YEAR","","COUNTY","IOWA","19","NORTHEAST","30","DUBUQUE","061","","","00000000","","CORN","CORN, GRAIN - PRODUCTION, MEASURED IN BU","TOTAL","NOT SPECIFIED","33,246,157","10.2"
"CENSUS","2022","YEAR","","COUNTY","IOWA","19","NORTHEAST","30","DUBUQUE","061","","","00000000","","CORN","CORN, SILAGE - PRODUCTION, MEASURED IN TONS","TOTAL","NOT SPECIFIED","164,057","30.4"
"CENSUS","2022","YEAR","","COUNTY","IOWA","19","NORTHEAST","30","FAYETTE","065","","","00000000","","CORN","CORN - OPERATIONS WITH SALES","TOTAL","NOT SPECIFIED","758","6.7"
"CENSUS","2022","YEAR","","COUNTY","IOWA","19","NORTHEAST","30","FAYETTE","065","","","00000000","","CORN","CORN - SALES, MEASURED IN $","TOTAL","NOT SPECIFIED","245,730,000","(L)"
"CENSUS","2022","YEAR","","COUNTY","IOWA","19","NORTHEAST","30","FAYETTE","065","","","00000000","","CORN","CORN, GRAIN - PRODUCTION, MEASURED IN BU","TOTAL","NOT SPECIFIED","39,703,458","10.2"
"CENSUS","2022","YEAR","","COUNTY","IOWA","19","NORTHEAST","30","FAYETTE","065","","","00000000","","CORN","CORN, SILAGE - PRODUCTION, MEASURED IN TONS","TOTAL","NOT SPECIFIED","137,671","30.4"
"CENSUS","2022","YEAR","","COUNTY","IOWA","19","NORTHEAST","30","HOWARD","089","","","00000000","","CORN","CORN - OPERATIONS WITH SALES","TOTAL","NOT SPECIFIED","443","6.7"
"CENSUS","2022","YEAR","","COUNTY","IOWA","19","NORTHEAST","30","HOWARD","089","","","00000000","","CORN","CORN - SALES, MEASURED IN $","TOTAL","NOT SPECIFIED","183,536,000","(L)"
"CENSUS","2022","YEAR","","COUNTY","IOWA","19","NORTHEAST","30","HOWARD","089","","","00000000","","CORN","CORN, GRAIN - PRODUCTION, MEASURED IN BU","TOTAL","NOT SPECIFIED","29,263,709","10.2"
"CENSUS","2022","YEAR","","COUNTY","IOWA","19","NORTHEAST","30","HOWARD","089","","","00000000","","CORN","CORN, SILAGE - PRODUCTION, MEASURED IN TONS","TOTAL","NOT SPECIFIED","89,235","30.4"
"CENSUS","2022","YEAR","","COUNTY","IOWA","19","NORTHEAST","30","WINNESHIEK","191","","","00000000","","CORN","CORN - OPERATIONS WITH SALES","TOTAL","NOT SPECIFIED","716","6.7"
"CENSUS","2022","YEAR","","COUNTY","IOWA","19","NORTHEAST","30","WINNESHIEK","191","","","00000000","","CORN","CORN - SALES, MEASURED IN $","TOTAL","NOT SPECIFIED","189,412,000","(L)"
"CENSUS","2022","YEAR","","COUNTY","IOWA","19","NORTHEAST","30","WINNESHIEK","191","","","00000000","","CORN","CORN, GRAIN - PRODUCTION, MEASURED IN BU","TOTAL","NOT SPECIFIED","30,661,847","10.2"
"CENSUS","2022","YEAR","","COUNTY","IOWA","19","NORTHEAST","30","WINNESHIEK","191","","","00000000","","CORN","CORN, SILAGE - PRODUCTION, MEASURED IN TONS","TOTAL","NOT SPECIFIED","280,097","30.4"
"CENSUS","2022","YEAR","","COUNTY","IOWA","19","NORTHWEST","10","BUENA VISTA","021","","","00000000","","CORN","CORN - OPERATIONS WITH SALES","TOTAL","NOT SPECIFIED","503","6.7"
"CENSUS","2022","YEAR","","COUNTY","IOWA","19","NORTHWEST","10","BUENA VISTA","021","","","00000000","","CORN","CORN - SALES, MEASURED IN $","TOTAL","NOT SPECIFIED","190,862,000","(L)"
"CENSUS","2022","YEAR","","COUNTY","IOWA","19","NORTHWEST","10","BUENA VISTA","021","","","00000000","","CORN","CORN, GRAIN - PRODUCTION, MEASURED IN BU","TOTAL","NOT SPECIFIED","29,829,909","10.2"
"CENSUS","2022","YEAR","","COUNTY","IOWA","19","NORTHWEST","10","BUENA VISTA","021","","","00000000","","CORN","CORN, SILAGE - PRODUCTION, MEASURED IN TONS","TOTAL","NOT SPECIFIED","21,149","30.4"
"CENSUS","2022","YEAR","","COUNTY","IOWA","19","NORTHWEST","10","CHEROKEE","035","","","00000000","","CORN","CORN - OPERATIONS WITH SALES","TOTAL","NOT SPECIFIED","563","6.7"
"CENSUS","2022","YEAR","","COUNTY","IOWA","19","NORTHWEST","10","CHEROKEE","035","","","00000000","","CORN","CORN - SALES, MEASURED IN $","TOTAL","NOT SPECIFIED","170,338,000","(L)"
"CENSUS","2022","YEAR","","COUNTY","IOWA","19","NORTHWEST","10","CHEROKEE","035","","","00000000","","CORN","CORN, GRAIN - PRODUCTION, MEASURED IN BU","TOTAL","NOT SPECIFIED","26,733,227","10.2"
"CENSUS","2022","YEAR","","COUNTY","IOWA","19","NORTHWEST","10","CHEROKEE","035","","","00000000","","CORN","CORN, SILAGE - PRODUCTION, MEASURED IN TONS","TOTAL","NOT SPECIFIED","25,428","30.4"
"CENSUS","2022","YEAR","","COUNTY","IOWA","19","NORTHWEST","10","CLAY","041","","","00000000","","CORN","CORN - OPERATIONS WITH SALES","TOTAL","NOT SPECIFIED","444","6.7"
"CENSUS","2022","YEAR","","COUNTY","IOWA","19","NORTHWEST","10","CLAY","041","","","00000000","","CORN","CORN - SALES, MEASURED IN $","TOTAL","NOT SPECIFIED","165,571,000","(L)"
"CENSUS","2022","YEAR","","COUNTY","IOWA","19","NORTHWEST","10","CLAY","041","","","00000000","","CORN","CORN, GRAIN - PRODUCTION, MEASURED IN BU","TOTAL","NOT SPECIFIED","25,168,288","10.2"
"CENSUS","2022","YEAR","","COUNTY","IOWA","19","NORTHWEST","10","CLAY","041","","","00000000","","CORN","CORN, SILAGE - PRODUCTION, MEASURED IN TONS","TOTAL","NOT SPECIFIED","90,377","30.4"
"CENSUS","2022","YEAR","","COUNTY","IOWA","19","NORTHWEST","10","DICKINSON","059","","","00000000","","CORN","CORN - OPERATIONS WITH SALES","TOTAL","NOT SPECIFIED","254","6.7"
"CENSUS","2022","YEAR","","COUNTY","IOWA","19","NORTHWEST","10","DICKINSON","059","","","00000000","","CORN","CORN - SALES, MEASURED IN $","TOTAL","NOT SPECIFIED","92,457,000","(L)"
"CENSUS","2022","YEAR","","COUNTY","IOWA","19","NORTHWEST","10","DICKINSON","059","","","00000000","","CORN","CORN, GRAIN - PRODUCTION, MEASURED IN BU","TOTAL","NOT SPECIFIED","14,899,989","10.2"
"CENSUS","2022","YEAR","","COUNTY","IOWA","19","NORTHWEST","10","DICKINSON","059","","","00000000","","CORN","CORN, SILAGE - PRODUCTION, MEASURED IN TONS","TOTAL","NOT SPECIFIED","83,700","30.4"
"CENSUS","2022","YEAR","","COUNTY","IOWA","19","NORTHWEST","10","EMMET","063","","","00000000","","CORN","CORN - OPERATIONS WITH SALES","TOTAL","NOT SPECIFIED","259","6.7"
"CENSUS","2022","YEAR","","COUNTY","IOWA","19","NORTHWEST","10","EMMET","063","","","00000000","","CORN","CORN - SALES, MEASURED IN $","TOTAL","NOT SPECIFIED","138,392,000","(L)"
"CENSUS","2022","YEAR","","COUNTY","IOWA","19","NORTHWEST","10","EMMET","063","","","00000000","","CORN","CORN, GRAIN - PRODUCTION, MEASURED IN BU","TOTAL","NOT SPECIFIED","23,084,682","10.2"
"CENSUS","2022","YEAR","","COUNTY","IOWA","19","NORTHWEST","10","EMMET","063","","","00000000","","CORN","CORN, SILAGE - PRODUCTION, MEASURED IN TONS","TOTAL","NOT SPECIFIED","11,409","30.4"
"CENSUS","2022","YEAR","","COUNTY","IOWA","19","NORTHWEST","10","LYON","119","","","00000000","","CORN","CORN - OPERATIONS WITH SALES","TOTAL","NOT SPECIFIED","713","6.7"
"CENSUS","2022","YEAR","","COUNTY","IOWA","19","NORTHWEST","10","LYON","119","","","00000000","","CORN","CORN - SALES, MEASURED IN $","TOTAL","NOT SPECIFIED","182,929,000","(L)"
"CENSUS","2022","YEAR","","COUNTY","IOWA","19","NORTHWEST","10","LYON","119","","","00000000","","CORN","CORN, GRAIN - PRODUCTION, MEASURED IN BU","TOTAL","NOT SPECIFIED","27,194,365","10.2"
"CENSUS","2022","YEAR","","COUNTY","IOWA","19","NORTHWEST","10","LYON","119","","","00000000","","CORN","CORN, SILAGE - PRODUCTION, MEASURED IN TONS","TOTAL","NOT SPECIFIED","429,660","30.4"
"CENSUS","2022","YEAR","","COUNTY","IOWA","19","NORTHWEST","10","O BRIEN","141","","","00000000","","CORN","CORN - OPERATIONS WITH SALES","TOTAL","NOT SPECIFIED","635","6.7"
"CENSUS","2022","YEAR","","COUNTY","IOWA","19","NORTHWEST","10","O BRIEN","141","","","00000000","","CORN","CORN - SALES, MEASURED IN $","TOTAL","NOT SPECIFIED","161,004,000","(L)"
"CENSUS","2022","YEAR","","COUNTY","IOWA","19","NORTHWEST","10","O BRIEN","141","","","00000000","","CORN","CORN, GRAIN - PRODUCTION, MEASURED IN BU","TOTAL","NOT SPECIFIED","24,631,349","10.2"
"CENSUS","2022","YEAR","","COUNTY","IOWA","19","NORTHWEST","10","O BRIEN","141","","","00000000","","CORN","CORN, SILAGE - PRODUCTION, MEASURED IN TONS","TOTAL","NOT SPECIFIED","59,761","30.4"
"CENSUS","2022","YEAR","","COUNTY","IOWA","19","NORTHWEST","10","OSCEOLA","143","","","00000000","","CORN","CORN - OPERATIONS WITH SALES","TOTAL","NOT SPECIFIED","369","6.7"
"CENSUS","2022","YEAR","","COUNTY","IOWA","19","NORTHWEST","10","OSCEOLA","143","","","00000000","","CORN","CORN - SALES, MEASURED IN $","TOTAL","NOT SPECIFIED","133,967,000","(L)"
"CENSUS","2022","YEAR","","COUNTY","IOWA","19","NORTHWEST","10","OSCEOLA","143","","","00000000","","CORN","CORN, GRAIN - PRODUCTION, MEASURED IN BU","TOTAL","NOT SPECIFIED","19,529,109","10.2"
"CENSUS","2022","YEAR","","COUNTY","IOWA","19","NORTHWEST","10","OSCEOLA","143","","","00000000","","CORN","CORN, SILAGE - PRODUCTION, MEASURED IN TONS","TOTAL","NOT SPECIFIED","134,838","30.4"
"CENSUS","2022","YEAR","","COUNTY","IOWA","19","NORTHWEST","10","PALO ALTO","147","","","00000000","","CORN","CORN - OPERATIONS WITH SALES","TOTAL","NOT SPECIFIED","494","6.7"
"CENSUS","2022","YEAR","","COUNTY","IOWA","19","NORTHWEST","10","PALO ALTO","147","","","00000000","","CORN","CORN - SALES, MEASURED IN $","TOTAL","NOT SPECIFIED","232,186,000","(L)"
"CENSUS","2022","YEAR","","COUNTY","IOWA","19","NORTHWEST","10","PALO ALTO","147","","","00000000","","CORN","CORN, GRAIN - PRODUCTION, MEASURED IN BU","TOTAL","NOT SPECIFIED","36,419,470","10.2"
"CENSUS","2022","YEAR","","COUNTY","IOWA","19","NORTHWEST","10","PALO ALTO","147","","","00000000","","CORN","CORN, SILAGE - PRODUCTION, MEASURED IN TONS","TOTAL","NOT SPECIFIED","20,746","30.4"
"CENSUS","2022","YEAR","","COUNTY","IOWA","19","NORTHWEST","10","PLYMOUTH","149","","","00000000","","CORN","CORN - OPERATIONS WITH SALES","TOTAL","NOT SPECIFIED","845","6.7"
"CENSUS","2022","YEAR","","COUNTY","IOWA","19","NORTHWEST","10","PLYMOUTH","149","","","00000000","","CORN","CORN - SALES, MEASURED IN $","TOTAL","NOT SPECIFIED","258,768,000","(L)"
"CENSUS","2022","YEAR","","COUNTY","IOWA","19","NORTHWEST","10","PLYMOUTH","149","","","00000000","","CORN","CORN, GRAIN - PRODUCTION, MEASURED IN BU","TOTAL","NOT SPECIFIED","39,189,191","10.2"
"CENSUS","2022","YEAR","","COUNTY","IOWA","19","NORTHWEST","10","PLYMOUTH","149","","","00000000","","CORN","CORN, SILAGE - PRODUCTION, MEASURED IN TONS","TOTAL","NOT SPECIFIED","230,020","30.4"
"CENSUS","2022","YEAR","","COUNTY","IOWA","19","NORTHWEST","10","POCAHONTAS","151","","","00000000","","CORN","CORN - OPERATIONS WITH SALES","TOTAL","NOT SPECIFIED","564","6.7"
"CENSUS","2022","YEAR","","COUNTY","IOWA","19","NORTHWEST","10","POCAHONTAS","151","","","00000000","","CORN","CORN - SALES, MEASURED IN $","TOTAL","NOT SPECIFIED","193,676,000","(L)"
"CENSUS","2022","YEAR","","COUNTY","IOWA","19","NORTHWEST","10","POCAHONTAS","151","","","00000000","","CORN","CORN, GRAIN - PRODUCTION, MEASURED IN BU","TOTAL","NOT SPECIFIED","31,235,695","10.2"
"CENSUS","2022","YEAR","","COUNTY","IOWA","19","NORTHWEST","10","POCAHONTAS","151","","","00000000","","CORN","CORN, SILAGE - PRODUCTION, MEASURED IN TONS","TOTAL","NOT SPECIFIED","6,576","30.4"
"CENSUS","2022","YEAR","","COUNTY","IOWA","19","NORTHWEST","10","SIOUX","167","","","00000000","","CORN","CORN - OPERATIONS WITH SALES","TOTAL","NOT SPECIFIED","1,058","6.7"
"CENSUS","2022","YEAR","","COUNTY","IOWA","19","NORTHWEST","10","SIOUX","167","","","00000000","","CORN","CORN - SALES, MEASURED IN $","TOTAL","NOT SPECIFIED","299,869,000","(L)"
"CENSUS","2022","YEAR","","COUNTY","IOWA","19","NORTHWEST","10","SIOUX","167","","","00000000","","CORN","CORN, GRAIN - PRODUCTION, MEASURED IN BU","TOTAL","NOT SPECIFIED","41,935,284","10.2"
"CENSUS","2022","YEAR","","COUNTY","IOWA","19","NORTHWEST","10","SIOUX","167","","","00000000","","CORN","CORN, SILAGE - PRODUCTION, MEASURED IN TONS","TOTAL","NOT SPECIFIED","850,386","30.4"
"CENSUS","2022","YEAR","","COUNTY","IOWA","19","SOUTH CENTRAL","80","APPANOOSE","007","","","00000000","","CORN","CORN - OPERATIONS WITH SALES","TOTAL","NOT SPECIFIED","141","6.7"
"CENSUS","2022","YEAR","","COUNTY","IOWA","19","SOUTH CENTRAL","80","APPANOOSE","007","","","00000000","","CORN","CORN - SALES, MEASURED IN $","TOTAL","NOT SPECIFIED","23,474,000","(L)"
"CENSUS","2022","YEAR","","COUNTY","IOWA","19","SOUTH CENTRAL","80","APPANOOSE","007","","","00000000","","CORN","CORN, GRAIN - PRODUCTION, MEASURED IN BU","TOTAL","NOT SPECIFIED","3,737,998","10.2"
"CENSUS","2022","YEAR","","COUNTY","IOWA","19","SOUTH CENTRAL","80","APPANOOSE","007","","","00000000","","CORN","CORN, SILAGE - PRODUCTION, MEASURED IN TONS","TOTAL","NOT SPECIFIED","5,978","30.4"
"CENSUS","2022","YEAR","","COUNTY","IOWA","19","SOUTH CENTRAL","80","CLARKE","039","","","00000000","","CORN","CORN - OPERATIONS WITH SALES","TOTAL","NOT SPECIFIED","170","6.7"
"CENSUS","2022","YEAR","","COUNTY","IOWA","19","SOUTH CENTRAL","80","CLARKE","039","","","00000000","","CORN","CORN - SALES, MEASURED IN $","TOTAL","NOT SPECIFIED","18,868,000","(L)"
"CENSUS","2022","YEAR","","COUNTY","IOWA","19","SOUTH CENTRAL","80","CLARKE","039","","","00000000","","CORN","CORN, GRAIN - PRODUCTION, MEASURED IN BU","TOTAL","NOT SPECIFIED","2,833,294","10.2"
"CENSUS","2022","YEAR","","COUNTY","IOWA","19","SOUTH CENTRAL","80","CLARKE","039","","","00000000","","CORN","CORN, SILAGE - PRODUCTION, MEASURED IN TONS","TOTAL","NOT SPECIFIED","23,871","30.4"
"CENSUS","2022","YEAR","","COUNTY","IOWA","19","SOUTH CENTRAL","80","DECATUR","053","","","00000000","","CORN","CORN - OPERATIONS WITH SALES","TOTAL","NOT SPECIFIED","132","6.7"
"CENSUS","2022","YEAR","","COUNTY","IOWA","19","SOUTH CENTRAL","80","DECATUR","053","","","00000000","","CORN","CORN - SALES, MEASURED IN $","TOTAL","NOT SPECIFIED","28,343,000","(L)"
"CENSUS","2022","YEAR","","COUNTY","IOWA","19","SOUTH CENTRAL","80","DECATUR","053","","","00000000","","CORN","CORN, GRAIN - PRODUCTION, MEASURED IN BU","TOTAL","NOT SPECIFIED","3,950,673","10.2"
"CENSUS","2022","YEAR","","COUNTY","IOWA","19","SOUTH CENTRAL","80","DECATUR","053","","","00000000","","CORN","CORN, SILAGE - PRODUCTION, MEASURED IN TONS","TOTAL","NOT SPECIFIED","7,734","(L)"
"CENSUS","2022","YEAR","","COUNTY","IOWA","19","SOUTH CENTRAL","80","LUCAS","117","","","00000000","","CORN","CORN - OPERATIONS WITH SALES","TOTAL","NOT SPECIFIED","121","6.7"
"CENSUS","2022","YEAR","","COUNTY","IOWA","19","SOUTH CENTRAL","80","LUCAS","117","","","00000000","","CORN","CORN - SALES, MEASURED IN $","TOTAL","NOT SPECIFIED","21,445,000","(L)"
"CENSUS","2022","YEAR","","COUNTY","IOWA","19","SOUTH CENTRAL","80","LUCAS","117","","","00000000","","CORN","CORN, GRAIN - PRODUCTION, MEASURED IN BU","TOTAL","NOT SPECIFIED","3,351,196","10.2"
"CENSUS","2022","YEAR","","COUNTY","IOWA","19","SOUTH CENTRAL","80","LUCAS","117","","","00000000","","CORN","CORN, SILAGE - PRODUCTION, MEASURED IN TONS","TOTAL","NOT SPECIFIED","10,708","30.4"
"CENSUS","2022","YEAR","","COUNTY","IOWA","19","SOUTH CENTRAL","80","MADISON","121","","","00000000","","CORN","CORN - OPERATIONS WITH SALES","TOTAL","NOT SPECIFIED","310","6.7"
"CENSUS","2022","YEAR","","COUNTY","IOWA","19","SOUTH CENTRAL","80","MADISON","121","","","00000000","","CORN","CORN - SALES, MEASURED IN $","TOTAL","NOT SPECIFIED","82,109,000","(L)"
"CENSUS","2022","YEAR","","COUNTY","IOWA","19","SOUTH CENTRAL","80","MADISON","121","","","00000000","","CORN","CORN, GRAIN - PRODUCTION, MEASURED IN BU","TOTAL","NOT SPECIFIED","13,292,748","10.2"
"CENSUS","2022","YEAR","","COUNTY","IOWA","19","SOUTH CENTRAL","80","MADISON","121","","","00000000","","CORN","CORN, SILAGE - PRODUCTION, MEASURED IN TONS","TOTAL","NOT SPECIFIED","15,939","30.4"
"CENSUS","2022","YEAR","","COUNTY","IOWA","19","SOUTH CENTRAL","80","MARION","125","","","00000000","","CORN","CORN - OPERATIONS WITH SALES","TOTAL","NOT SPECIFIED","326","6.7"
"CENSUS","2022","YEAR","","COUNTY","IOWA","19","SOUTH CENTRAL","80","MARION","125","","","00000000","","CORN","CORN - SALES, MEASURED IN $","TOTAL","NOT SPECIFIED","72,066,000","(L)"
"CENSUS","2022","YEAR","","COUNTY","IOWA","19","SOUTH CENTRAL","80","MARION","125","","","00000000","","CORN","CORN, GRAIN - PRODUCTION, MEASURED IN BU","TOTAL","NOT SPECIFIED","11,597,375","10.2"
"CENSUS","2022","YEAR","","COUNTY","IOWA","19","SOUTH CENTRAL","80","MARION","125","","","00000000","","CORN","CORN, SILAGE - PRODUCTION, MEASURED IN TONS","TOTAL","NOT SPECIFIED","5,457","30.4"
"CENSUS","2022","YEAR","","COUNTY","IOWA","19","SOUTH CENTRAL","80","MONROE","135","","","00000000","","CORN","CORN - OPERATIONS WITH SALES","TOTAL","NOT SPECIFIED","151","6.7"
"CENSUS","2022","YEAR","","COUNTY","IOWA","19","SOUTH CENTRAL","80","MONROE","135","","","00000000","","CORN","CORN - SALES, MEASURED IN $","TOTAL","NOT SPECIFIED","23,813,000","(L)"
"CENSUS","2022","YEAR","","COUNTY","IOWA","19","SOUTH CENTRAL","80","MONROE","135","","","00000000","","CORN","CORN, GRAIN - PRODUCTION, MEASURED IN BU","TOTAL","NOT SPECIFIED","4,106,020","10.2"
"CENSUS","2022","YEAR","","COUNTY","IOWA","19","SOUTH CENTRAL","80","MONROE","135","","","00000000","","CORN","CORN, SILAGE - PRODUCTION, MEASURED IN TONS","TOTAL","NOT SPECIFIED","9,756","30.4"
"CENSUS","2022","YEAR","","COUNTY","IOWA","19","SOUTH CENTRAL","80","RINGGOLD","159","","","00000000","","CORN","CORN - OPERATIONS WITH SALES","TOTAL","NOT SPECIFIED","208","6.7"
"CENSUS","2022","YEAR","","COUNTY","IOWA","19","SOUTH CENTRAL","80","RINGGOLD","159","","","00000000","","CORN","CORN - SALES, MEASURED IN $","TOTAL","NOT SPECIFIED","48,689,000","(L)"
"CENSUS","2022","YEAR","","COUNTY","IOWA","19","SOUTH CENTRAL","80","RINGGOLD","159","","","00000000","","CORN","CORN, GRAIN - PRODUCTION, MEASURED IN BU","TOTAL","NOT SPECIFIED","8,162,546","10.2"
"CENSUS","2022","YEAR","","COUNTY","IOWA","19","SOUTH CENTRAL","80","RINGGOLD","159","","","00000000","","CORN","CORN, SILAGE - PRODUCTION, MEASURED IN TONS","TOTAL","NOT SPECIFIED","15,612","30.4"
"CENSUS","2022","YEAR","","COUNTY","IOWA","19","SOUTH CENTRAL","80","UNION","175","","","00000000","","CORN","CORN - OPERATIONS WITH SALES","TOTAL","NOT SPECIFIED","176","6.7"
"CENSUS","2022","YEAR","","COUNTY","IOWA","19","SOUTH CENTRAL","80","UNION","175","","","00000000","","CORN","CORN - SALES, MEASURED IN $","TOTAL","NOT SPECIFIED","54,296,000","(L)"
"CENSUS","2022","YEAR","","COUNTY","IOWA","19","SOUTH CENTRAL","80","UNION","175","","","00000000","","CORN","CORN, GRAIN - PRODUCTION, MEASURED IN BU","TOTAL","NOT SPECIFIED","8,162,683","10.2"
"CENSUS","2022","YEAR","","COUNTY","IOWA","19","SOUTH CENTRAL","80","UNION","175","","","00000000","","CORN","CORN, SILAGE - PRODUCTION, MEASURED IN TONS","TOTAL","NOT SPECIFIED","5,248","30.4"
"CENSUS","2022","YEAR","","COUNTY","IOWA","19","SOUTH CENTRAL","80","WARREN","181","","","00000000","","CORN","CORN - OPERATIONS WITH SALES","TOTAL","NOT SPECIFIED","356","6.7"
"CENSUS","2022","YEAR","","COUNTY","IOWA","19","SOUTH CENTRAL","80","WARREN","181","","","00000000","","CORN","CORN - SALES, MEASURED IN $","TOTAL","NOT SPECIFIED","88,580,000","(L)"
"CENSUS","2022","YEAR","","COUNTY","IOWA","19","SOUTH CENTRAL","80","WARREN","181","","","00000000","","CORN","CORN, GRAIN - PRODUCTION, MEASURED IN BU","TOTAL","NOT SPECIFIED","14,102,010","10.2"
"CENSUS","2022","YEAR","","COUNTY","IOWA","19","SOUTH CENTRAL","80","WARREN","181","","","00000000","","CORN","CORN, SILAGE - PRODUCTION, MEASURED IN TONS","TOTAL","NOT SPECIFIED","13,370","30.4"
"CENSUS","2022","YEAR","","COUNTY","IOWA","19","SOUTH CENTRAL","80","WAYNE","185","","","00000000","","CORN","CORN - OPERATIONS WITH SALES","TOTAL","NOT SPECIFIED","174","6.7"
"CENSUS","2022","YEAR","","COUNTY","IOWA","19","SOUTH CENTRAL","80","WAYNE","185","","","00000000","","CORN","CORN - SALES, MEASURED IN $","TOTAL","NOT SPECIFIED","66,720,000","(L)"
"CENSUS","2022","YEAR","","COUNTY","IOWA","19","SOUTH CENTRAL","80","WAYNE","185","","","00000000","","CORN","CORN, GRAIN - PRODUCTION, MEASURED IN BU","TOTAL","NOT SPECIFIED","10,686,649","10.2"
"CENSUS","2022","YEAR","","COUNTY","IOWA","19","SOUTH CENTRAL","80","WAYNE","185","","","00000000","","CORN","CORN, SILAGE - PRODUCTION, MEASURED IN TONS","TOTAL","NOT SPECIFIED","6,134","30.4"
"CENSUS","2022","YEAR","","COUNTY","IOWA","19","SOUTHEAST","90","DAVIS","051","","","00000000","","CORN","CORN - OPERATIONS WITH SALES","TOTAL","NOT SPECIFIED","218","6.7"
"CENSUS","2022","YEAR","","COUNTY","IOWA","19","SOUTHEAST","90","DAVIS","051","","","00000000","","CORN","CORN - SALES, MEASURED IN $","TOTAL","NOT SPECIFIED","32,690,000","(L)"
"CENSUS","2022","YEAR","","COUNTY","IOWA","19","SOUTHEAST","90","DAVIS","051","","","00000000","","CORN","CORN, GRAIN - PRODUCTION, MEASURED IN BU","TOTAL","NOT SPECIFIED","5,584,203","10.2"
"CENSUS","2022","YEAR","","COUNTY","IOWA","19","SOUTHEAST","90","DAVIS","051","","","00000000","","CORN","CORN, SILAGE - PRODUCTION, MEASURED IN TONS","TOTAL","NOT SPECIFIED","29,376","30.4"
"CENSUS","2022","YEAR","","COUNTY","IOWA","19","SOUTHEAST","90","DES MOINES","057","","","00000000","","CORN","CORN - OPERATIONS WITH SALES","TOTAL","NOT SPECIFIED","332","6.7"
"CENSUS","2022","YEAR","","COUNTY","IOWA","19","SOUTHEAST","90","DES MOINES","057","","","00000000","","CORN","CORN - SALES, MEASURED IN $","TOTAL","NOT SPECIFIED","70,796,000","(L)"
"CENSUS","2022","YEAR","","COUNTY","IOWA","19","SOUTHEAST","90","DES MOINES","057","","","00000000","","CORN","CORN, GRAIN - PRODUCTION, MEASURED IN BU","TOTAL","NOT SPECIFIED","11,267,302","10.2"
"CENSUS","2022","YEAR","","COUNTY","IOWA","19","SOUTHEAST","90","DES MOINES","057","","","00000000","","CORN","CORN, SILAGE - PRODUCTION, MEASURED IN TONS","TOTAL","NOT SPECIFIED","4,420","30.4"
"CENSUS","2022","YEAR","","COUNTY","IOWA","19","SOUTHEAST","90","HENRY","087","","","00000000","","CORN","CORN - OPERATIONS WITH SALES","TOTAL","NOT SPECIFIED","354","6.7"
"CENSUS","2022","YEAR","","COUNTY","IOWA","19","SOUTHEAST","90","HENRY","087","","","00000000","","CORN","CORN - SALES, MEASURED IN $","TOTAL","NOT SPECIFIED","91,281,000","(L)"
"CENSUS","2022","YEAR","","COUNTY","IOWA","19","SOUTHEAST","90","HENRY","087","","","00000000","","CORN","CORN, GRAIN - PRODUCTION, MEASURED IN BU","TOTAL","NOT SPECIFIED","14,516,684","10.2"
"CENSUS","2022","YEAR","","COUNTY","IOWA","19","SOUTHEAST","90","HENRY","087","","","00000000","","CORN","CORN, SILAGE - PRODUCTION, MEASURED IN TONS","TOTAL","NOT SPECIFIED","8,109","30.4"
"CENSUS","2022","YEAR","","COUNTY","IOWA","19","SOUTHEAST","90","HENRY","087","","","00000000","","CORN","CORN, TRADITIONAL OR INDIAN - PRODUCTION, MEASURED IN LB","TOTAL","NOT SPECIFIED"," (D)","(D)"
"CENSUS","2022","YEAR","","COUNTY","IOWA","19","SOUTHEAST","90","JEFFERSON","101","","","00000000","","CORN","CORN - OPERATIONS WITH SALES","TOTAL","NOT SPECIFIED","224","6.7"
"CENSUS","2022","YEAR","","COUNTY","IOWA","19","SOUTHEAST","90","JEFFERSON","101","","","00000000","","CORN","CORN - SALES, MEASURED IN $","TOTAL","NOT SPECIFIED","66,629,000","(L)"
"CENSUS","2022","YEAR","","COUNTY","IOWA","19","SOUTHEAST","90","JEFFERSON","101","","","00000000","","CORN","CORN, GRAIN - PRODUCTION, MEASURED IN BU","TOTAL","NOT SPECIFIED","10,748,105","10.2"
"CENSUS","2022","YEAR","","COUNTY","IOWA","19","SOUTHEAST","90","JEFFERSON","101","","","00000000","","CORN","CORN, SILAGE - PRODUCTION, MEASURED IN TONS","TOTAL","NOT SPECIFIED","5,602","30.4"
"CENSUS","2022","YEAR","","COUNTY","IOWA","19","SOUTHEAST","90","KEOKUK","107","","","00000000","","CORN","CORN - OPERATIONS WITH SALES","TOTAL","NOT SPECIFIED","433","6.7"
"CENSUS","2022","YEAR","","COUNTY","IOWA","19","SOUTHEAST","90","KEOKUK","107","","","00000000","","CORN","CORN - SALES, MEASURED IN $","TOTAL","NOT SPECIFIED","95,590,000","(L)"
"CENSUS","2022","YEAR","","COUNTY","IOWA","19","SOUTHEAST","90","KEOKUK","107","","","00000000","","CORN","CORN, GRAIN - PRODUCTION, MEASURED IN BU","TOTAL","NOT SPECIFIED","14,547,461","10.2"
"CENSUS","2022","YEAR","","COUNTY","IOWA","19","SOUTHEAST","90","KEOKUK","107","","","00000000","","CORN","CORN, SILAGE - PRODUCTION, MEASURED IN TONS","TOTAL","NOT SPECIFIED","64,969","30.4"
"CENSUS","2022","YEAR","","COUNTY","IOWA","19","SOUTHEAST","90","LEE","111","","","00000000","","CORN","CORN - OPERATIONS WITH SALES","TOTAL","NOT SPECIFIED","322","6.7"
"CENSUS","2022","YEAR","","COUNTY","IOWA","19","SOUTHEAST","90","LEE","111","","","00000000","","CORN","CORN - SALES, MEASURED IN $","TOTAL","NOT SPECIFIED","76,164,000","(L)"
"CENSUS","2022","YEAR","","COUNTY","IOWA","19","SOUTHEAST","90","LEE","111","","","00000000","","CORN","CORN, GRAIN - PRODUCTION, MEASURED IN BU","TOTAL","NOT SPECIFIED","12,204,103","10.2"
"CENSUS","2022","YEAR","","COUNTY","IOWA","19","SOUTHEAST","90","LEE","111","","","00000000","","CORN","CORN, SILAGE - PRODUCTION, MEASURED IN TONS","TOTAL","NOT SPECIFIED","2,326","(L)"
"CENSUS","2022","YEAR","","COUNTY","IOWA","19","SOUTHEAST","90","LOUISA","115","","","00000000","","CORN","CORN - OPERATIONS WITH SALES","TOTAL","NOT SPECIFIED","285","6.7"
"CENSUS","2022","YEAR","","COUNTY","IOWA","19","SOUTHEAST","90","LOUISA","115","","","00000000","","CORN","CORN - SALES, MEASURED IN $","TOTAL","NOT SPECIFIED","91,694,000","(L)"
"CENSUS","2022","YEAR","","COUNTY","IOWA","19","SOUTHEAST","90","LOUISA","115","","","00000000","","CORN","CORN, GRAIN - PRODUCTION, MEASURED IN BU","TOTAL","NOT SPECIFIED","15,072,356","10.2"
"CENSUS","2022","YEAR","","COUNTY","IOWA","19","SOUTHEAST","90","LOUISA","115","","","00000000","","CORN","CORN, SILAGE - PRODUCTION, MEASURED IN TONS","TOTAL","NOT SPECIFIED","2,204","30.4"
"CENSUS","2022","YEAR","","COUNTY","IOWA","19","SOUTHEAST","90","MAHASKA","123","","","00000000","","CORN","CORN - OPERATIONS WITH SALES","TOTAL","NOT SPECIFIED","494","6.7"
"CENSUS","2022","YEAR","","COUNTY","IOWA","19","SOUTHEAST","90","MAHASKA","123","","","00000000","","CORN","CORN - SALES, MEASURED IN $","TOTAL","NOT SPECIFIED","133,144,000","(L)"
"CENSUS","2022","YEAR","","COUNTY","IOWA","19","SOUTHEAST","90","MAHASKA","123","","","00000000","","CORN","CORN, GRAIN - PRODUCTION, MEASURED IN BU","TOTAL","NOT SPECIFIED","21,398,232","10.2"
"CENSUS","2022","YEAR","","COUNTY","IOWA","19","SOUTHEAST","90","MAHASKA","123","","","00000000","","CORN","CORN, SILAGE - PRODUCTION, MEASURED IN TONS","TOTAL","NOT SPECIFIED","17,642","30.4"
"CENSUS","2022","YEAR","","COUNTY","IOWA","19","SOUTHEAST","90","VAN BUREN","177","","","00000000","","CORN","CORN - OPERATIONS WITH SALES","TOTAL","NOT SPECIFIED","205","6.7"
"CENSUS","2022","YEAR","","COUNTY","IOWA","19","SOUTHEAST","90","VAN BUREN","177","","","00000000","","CORN","CORN - SALES, MEASURED IN $","TOTAL","NOT SPECIFIED","45,359,000","(L)"
"CENSUS","2022","YEAR","","COUNTY","IOWA","19","SOUTHEAST","90","VAN BUREN","177","","","00000000","","CORN","CORN, GRAIN - PRODUCTION, MEASURED IN BU","TOTAL","NOT SPECIFIED","7,276,797","10.2"
"CENSUS","2022","YEAR","","COUNTY","IOWA","19","SOUTHEAST","90","VAN BUREN","177","","","00000000","","CORN","CORN, SILAGE - PRODUCTION, MEASURED IN TONS","TOTAL","NOT SPECIFIED","9,196","30.4"
"CENSUS","2022","YEAR","","COUNTY","IOWA","19","SOUTHEAST","90","WAPELLO","179","","","00000000","","CORN","CORN - OPERATIONS WITH SALES","TOTAL","NOT SPECIFIED","200","6.7"
"CENSUS","2022","YEAR","","COUNTY","IOWA","19","SOUTHEAST","90","WAPELLO","179","","","00000000","","CORN","CORN - SALES, MEASURED IN $","TOTAL","NOT SPECIFIED","51,833,000","(L)"
"CENSUS","2022","YEAR","","COUNTY","IOWA","19","SOUTHEAST","90","WAPELLO","179","","","00000000","","CORN","CORN, GRAIN - PRODUCTION, MEASURED IN BU","TOTAL","NOT SPECIFIED","8,234,195","10.2"
"CENSUS","2022","YEAR","","COUNTY","IOWA","19","SOUTHEAST","90","WAPELLO","179","","","00000000","","CORN","CORN, SILAGE - PRODUCTION, MEASURED IN TONS","TOTAL","NOT SPECIFIED"," (D)","(D)"
"CENSUS","2022","YEAR","","COUNTY","IOWA","19","SOUTHEAST","90","WASHINGTON","183","","","00000000","","CORN","CORN - OPERATIONS WITH SALES","TOTAL","NOT SPECIFIED","536","6.7"
"CENSUS","2022","YEAR","","COUNTY","IOWA","19","SOUTHEAST","90","WASHINGTON","183","","","00000000","","CORN","CORN - SALES, MEASURED IN $","TOTAL","NOT SPECIFIED","122,359,000","(L)"
"CENSUS","2022","YEAR","","COUNTY","IOWA","19","SOUTHEAST","90","WASHINGTON","183","","","00000000","","CORN","CORN, GRAIN - PRODUCTION, MEASURED IN BU","TOTAL","NOT SPECIFIED","19,568,573","10.2"
"CENSUS","2022","YEAR","","COUNTY","IOWA","19","SOUTHEAST","90","WASHINGTON","183","","","00000000","","CORN","CORN, SILAGE - PRODUCTION, MEASURED IN TONS","TOTAL","NOT SPECIFIED","12,889","30.4"
"CENSUS","2022","YEAR","","COUNTY","IOWA","19","SOUTHWEST","70","ADAIR","001","","","00000000","","CORN","CORN - OPERATIONS WITH SALES","TOTAL","NOT SPECIFIED","377","6.7"
"CENSUS","2022","YEAR","","COUNTY","IOWA","19","SOUTHWEST","70","ADAIR","001","","","00000000","","CORN","CORN - SALES, MEASURED IN $","TOTAL","NOT SPECIFIED","101,771,000","(L)"
"CENSUS","2022","YEAR","","COUNTY","IOWA","19","SOUTHWEST","70","ADAIR","001","","","00000000","","CORN","CORN, GRAIN - PRODUCTION, MEASURED IN BU","TOTAL","NOT SPECIFIED","16,903,072","10.2"
"CENSUS","2022","YEAR","","COUNTY","IOWA","19","SOUTHWEST","70","ADAIR","001","","","00000000","","CORN","CORN, SILAGE - PRODUCTION, MEASURED IN TONS","TOTAL","NOT SPECIFIED","5,760","30.4"
"CENSUS","2022","YEAR","","COUNTY","IOWA","19","SOUTHWEST","70","ADAMS","003","","","00000000","","CORN","CORN - OPERATIONS WITH SALES","TOTAL","NOT SPECIFIED","256","6.7"
"CENSUS","2022","YEAR","","COUNTY","IOWA","19","SOUTHWEST","70","ADAMS","003","","","00000000","","CORN","CORN - SALES, MEASURED IN $","TOTAL","NOT SPECIFIED","80,431,000","(L)"
"CENSUS","2022","YEAR","","COUNTY","IOWA","19","SOUTHWEST","70","ADAMS","003","","","00000000","","CORN","CORN, GRAIN - PRODUCTION, MEASURED IN BU","TOTAL","NOT SPECIFIED","12,125,028","10.2"
"CENSUS","2022","YEAR","","COUNTY","IOWA","19","SOUTHWEST","70","ADAMS","003","","","00000000","","CORN","CORN, SILAGE - PRODUCTION, MEASURED IN TONS","TOTAL","NOT SPECIFIED","31,783","30.4"
"CENSUS","2022","YEAR","","COUNTY","IOWA","19","SOUTHWEST","70","CASS","029","","","00000000","","CORN","CORN - OPERATIONS WITH SALES","TOTAL","NOT SPECIFIED","391","6.7"
"CENSUS","2022","YEAR","","COUNTY","IOWA","19","SOUTHWEST","70","CASS","029","","","00000000","","CORN","CORN - SALES, MEASURED IN $","TOTAL","NOT SPECIFIED","130,774,000","(L)"
"CENSUS","2022","YEAR","","COUNTY","IOWA","19","SOUTHWEST","70","CASS","029","","","00000000","","CORN","CORN, GRAIN - PRODUCTION, MEASURED IN BU","TOTAL","NOT SPECIFIED","20,619,800","10.2"
"CENSUS","2022","YEAR","","COUNTY","IOWA","19","SOUTHWEST","70","CASS","029","","","00000000","","CORN","CORN, SILAGE - PRODUCTION, MEASURED IN TONS","TOTAL","NOT SPECIFIED","34,977","30.4"
"CENSUS","2022","YEAR","","COUNTY","IOWA","19","SOUTHWEST","70","FREMONT","071","","","00000000","","CORN","CORN - OPERATIONS WITH SALES","TOTAL","NOT SPECIFIED","287","6.7"
"CENSUS","2022","YEAR","","COUNTY","IOWA","19","SOUTHWEST","70","FREMONT","071","","","00000000","","CORN","CORN - SALES, MEASURED IN $","TOTAL","NOT SPECIFIED","144,977,000","(L)"
"CENSUS","2022","YEAR","","COUNTY","IOWA","19","SOUTHWEST","70","FREMONT","071","","","00000000","","CORN","CORN, GRAIN - PRODUCTION, MEASURED IN BU","TOTAL","NOT SPECIFIED","21,989,100","10.2"
"CENSUS","2022","YEAR","","COUNTY","IOWA","19","SOUTHWEST","70","FREMONT","071","","","00000000","","CORN","CORN, SILAGE - PRODUCTION, MEASURED IN TONS","TOTAL","NOT SPECIFIED","3,956","30.4"
"CENSUS","2022","YEAR","","COUNTY","IOWA","19","SOUTHWEST","70","MILLS","129","","","00000000","","CORN","CORN - OPERATIONS WITH SALES","TOTAL","NOT SPECIFIED","216","6.7"
"CENSUS","2022","YEAR","","COUNTY","IOWA","19","SOUTHWEST","70","MILLS","129","","","00000000","","CORN","CORN - SALES, MEASURED IN $","TOTAL","NOT SPECIFIED","103,924,000","(L)"
"CENSUS","2022","YEAR","","COUNTY","IOWA","19","SOUTHWEST","70","MILLS","129","","","00000000","","CORN","CORN, GRAIN - PRODUCTION, MEASURED IN BU","TOTAL","NOT SPECIFIED","16,171,163","10.2"
"CENSUS","2022","YEAR","","COUNTY","IOWA","19","SOUTHWEST","70","MILLS","129","","","00000000","","CORN","CORN, SILAGE - PRODUCTION, MEASURED IN TONS","TOTAL","NOT SPECIFIED"," (D)","(D)"
"CENSUS","2022","YEAR","","COUNTY","IOWA","19","SOUTHWEST","70","MONTGOMERY","137","","","00000000","","CORN","CORN - OPERATIONS WITH SALES","TOTAL","NOT SPECIFIED","276","6.7"
"CENSUS","2022","YEAR","","COUNTY","IOWA","19","SOUTHWEST","70","MONTGOMERY","137","","","00000000","","CORN","CORN - SALES, MEASURED IN $","TOTAL","NOT SPECIFIED","111,654,000","(L)"
"CENSUS","2022","YEAR","","COUNTY","IOWA","19","SOUTHWEST","70","MONTGOMERY","137","","","00000000","","CORN","CORN, GRAIN - PRODUCTION, MEASURED IN BU","TOTAL","NOT SPECIFIED","17,899,806","10.2"
"CENSUS","2022","YEAR","","COUNTY","IOWA","19","SOUTHWEST","70","MONTGOMERY","137","","","00000000","","CORN","CORN, SILAGE - PRODUCTION, MEASURED IN TONS","TOTAL","NOT SPECIFIED","6,114","30.4"
"CENSUS","2022","YEAR","","COUNTY","IOWA","19","SOUTHWEST","70","PAGE","145","","","00000000","","CORN","CORN - OPERATIONS WITH SALES","TOTAL","NOT SPECIFIED","363","6.7"
"CENSUS","2022","YEAR","","COUNTY","IOWA","19","SOUTHWEST","70","PAGE","145","","","00000000","","CORN","CORN - SALES, MEASURED IN $","TOTAL","NOT SPECIFIED","118,828,000","(L)"
"CENSUS","2022","YEAR","","COUNTY","IOWA","19","SOUTHWEST","70","PAGE","145","","","00000000","","CORN","CORN, GRAIN - PRODUCTION, MEASURED IN BU","TOTAL","NOT SPECIFIED","18,952,597","10.2"
"CENSUS","2022","YEAR","","COUNTY","IOWA","19","SOUTHWEST","70","PAGE","145","","","00000000","","CORN","CORN, SILAGE - PRODUCTION, MEASURED IN TONS","TOTAL","NOT SPECIFIED","2,188","(L)"
"CENSUS","2022","YEAR","","COUNTY","IOWA","19","SOUTHWEST","70","POTTAWATTAMIE","155","","","00000000","","CORN","CORN - OPERATIONS WITH SALES","TOTAL","NOT SPECIFIED","720","6.7"
"CENSUS","2022","YEAR","","COUNTY","IOWA","19","SOUTHWEST","70","POTTAWATTAMIE","155","","","00000000","","CORN","CORN - SALES, MEASURED IN $","TOTAL","NOT SPECIFIED","314,781,000","(L)"
"CENSUS","2022","YEAR","","COUNTY","IOWA","19","SOUTHWEST","70","POTTAWATTAMIE","155","","","00000000","","CORN","CORN, GRAIN - PRODUCTION, MEASURED IN BU","TOTAL","NOT SPECIFIED","48,082,473","10.2"
"CENSUS","2022","YEAR","","COUNTY","IOWA","19","SOUTHWEST","70","POTTAWATTAMIE","155","","","00000000","","CORN","CORN, SILAGE - PRODUCTION, MEASURED IN TONS","TOTAL","NOT SPECIFIED","47,608","30.4"
"CENSUS","2022","YEAR","","COUNTY","IOWA","19","SOUTHWEST","70","TAYLOR","173","","","00000000","","CORN","CORN - OPERATIONS WITH SALES","TOTAL","NOT SPECIFIED","250","6.7"
"CENSUS","2022","YEAR","","COUNTY","IOWA","19","SOUTHWEST","70","TAYLOR","173","","","00000000","","CORN","CORN - SALES, MEASURED IN $","TOTAL","NOT SPECIFIED","88,235,000","(L)"
"CENSUS","2022","YEAR","","COUNTY","IOWA","19","SOUTHWEST","70","TAYLOR","173","","","00000000","","CORN","CORN, GRAIN - PRODUCTION, MEASURED IN BU","TOTAL","NOT SPECIFIED","15,141,574","10.2"
"CENSUS","2022","YEAR","","COUNTY","IOWA","19","SOUTHWEST","70","TAYLOR","173","","","00000000","","CORN","CORN, SILAGE - PRODUCTION, MEASURED IN TONS","TOTAL","NOT SPECIFIED","48,530","30.4"
"CENSUS","2022","YEAR","","COUNTY","IOWA","19","WEST CENTRAL","40","AUDUBON","009","","","00000000","","CORN","CORN - OPERATIONS WITH SALES","TOTAL","NOT SPECIFIED","318","6.7"
"CENSUS","2022","YEAR","","COUNTY","IOWA","19","WEST CENTRAL","40","AUDUBON","009","","","00000000","","CORN","CORN - SALES, MEASURED IN $","TOTAL","NOT SPECIFIED","142,759,000","(L)"
"CENSUS","2022","YEAR","","COUNTY","IOWA","19","WEST CENTRAL","40","AUDUBON","009","","","00000000","","CORN","CORN, GRAIN - PRODUCTION, MEASURED IN BU","TOTAL","NOT SPECIFIED","21,871,393","10.2"
"CENSUS","2022","YEAR","","COUNTY","IOWA","19","WEST CENTRAL","40","AUDUBON","009","","","00000000","","CORN","CORN, SILAGE - PRODUCTION, MEASURED IN TONS","TOTAL","NOT SPECIFIED","10,017","30.4"
"CENSUS","2022","YEAR","","COUNTY","IOWA","19","WEST CENTRAL","40","CALHOUN","025","","","00000000","","CORN","CORN - OPERATIONS WITH SALES","TOTAL","NOT SPECIFIED","489","6.7"
"CENSUS","2022","YEAR","","COUNTY","IOWA","19","WEST CENTRAL","40","CALHOUN","025","","","00000000","","CORN","CORN - SALES, MEASURED IN $","TOTAL","NOT SPECIFIED","179,323,000","(L)"
"CENSUS","2022","YEAR","","COUNTY","IOWA","19","WEST CENTRAL","40","CALHOUN","025","","","00000000","","CORN","CORN, GRAIN - PRODUCTION, MEASURED IN BU","TOTAL","NOT SPECIFIED","28,820,679","10.2"
"CENSUS","2022","YEAR","","COUNTY","IOWA","19","WEST CENTRAL","40","CALHOUN","025","","","00000000","","CORN","CORN, SILAGE - PRODUCTION, MEASURED IN TONS","TOTAL","NOT SPECIFIED","8,000","30.4"
"CENSUS","2022","YEAR","","COUNTY","IOWA","19","WEST CENTRAL","40","CARROLL","027","","","00000000","","CORN","CORN - OPERATIONS WITH SALES","TOTAL","NOT SPECIFIED","729","6.7"
"CENSUS","2022","YEAR","","COUNTY","IOWA","19","WEST CENTRAL","40","CARROLL","027","","","00000000","","CORN","CORN - SALES, MEASURED IN $","TOTAL","NOT SPECIFIED","219,653,000","(L)"
"CENSUS","2022","YEAR","","COUNTY","IOWA","19","WEST CENTRAL","40","CARROLL","027","","","00000000","","CORN","CORN, GRAIN - PRODUCTION, MEASURED IN BU","TOTAL","NOT SPECIFIED","34,839,376","10.2"
"CENSUS","2022","YEAR","","COUNTY","IOWA","19","WEST CENTRAL","40","CARROLL","027","","","00000000","","CORN","CORN, SILAGE - PRODUCTION, MEASURED IN TONS","TOTAL","NOT SPECIFIED","30,137","30.4"
"CENSUS","2022","YEAR","","COUNTY","IOWA","19","WEST CENTRAL","40","CRAWFORD","047","","","00000000","","CORN","CORN - OPERATIONS WITH SALES","TOTAL","NOT SPECIFIED","621","6.7"
"CENSUS","2022","YEAR","","COUNTY","IOWA","19","WEST CENTRAL","40","CRAWFORD","047","","","00000000","","CORN","CORN - SALES, MEASURED IN $","TOTAL","NOT SPECIFIED","277,518,000","(L)"
"CENSUS","2022","YEAR","","COUNTY","IOWA","19","WEST CENTRAL","40","CRAWFORD","047","","","00000000","","CORN","CORN, GRAIN - PRODUCTION, MEASURED IN BU","TOTAL","NOT SPECIFIED","43,904,981","10.2"
"CENSUS","2022","YEAR","","COUNTY","IOWA","19","WEST CENTRAL","40","CRAWFORD","047","","","00000000","","CORN","CORN, SILAGE - PRODUCTION, MEASURED IN TONS","TOTAL","NOT SPECIFIED","29,987","30.4"
"CENSUS","2022","YEAR","","COUNTY","IOWA","19","WEST CENTRAL","40","GREENE","073","","","00000000","","CORN","CORN - OPERATIONS WITH SALES","TOTAL","NOT SPECIFIED","451","6.7"
"CENSUS","2022","YEAR","","COUNTY","IOWA","19","WEST CENTRAL","40","GREENE","073","","","00000000","","CORN","CORN - SALES, MEASURED IN $","TOTAL","NOT SPECIFIED","192,023,000","(L)"
"CENSUS","2022","YEAR","","COUNTY","IOWA","19","WEST CENTRAL","40","GREENE","073","","","00000000","","CORN","CORN, GRAIN - PRODUCTION, MEASURED IN BU","TOTAL","NOT SPECIFIED","30,398,844","10.2"
"CENSUS","2022","YEAR","","COUNTY","IOWA","19","WEST CENTRAL","40","GREENE","073","","","00000000","","CORN","CORN, SILAGE - PRODUCTION, MEASURED IN TONS","TOTAL","NOT SPECIFIED","13,230","30.4"
"CENSUS","2022","YEAR","","COUNTY","IOWA","19","WEST CENTRAL","40","GUTHRIE","077","","","00000000","","CORN","CORN - OPERATIONS WITH SALES","TOTAL","NOT SPECIFIED","378","6.7"
"CENSUS","2022","YEAR","","COUNTY","IOWA","19","WEST CENTRAL","40","GUTHRIE","077","","","00000000","","CORN","CORN - SALES, MEASURED IN $","TOTAL","NOT SPECIFIED","114,499,000","(L)"
"CENSUS","2022","YEAR","","COUNTY","IOWA","19","WEST CENTRAL","40","GUTHRIE","077","","","00000000","","CORN","CORN, GRAIN - PRODUCTION, MEASURED IN BU","TOTAL","NOT SPECIFIED","18,206,850","10.2"
"CENSUS","2022","YEAR","","COUNTY","IOWA","19","WEST CENTRAL","40","GUTHRIE","077","","","00000000","","CORN","CORN, SILAGE - PRODUCTION, MEASURED IN TONS","TOTAL","NOT SPECIFIED","3,521","30.4"
"CENSUS","2022","YEAR","","COUNTY","IOWA","19","WEST CENTRAL","40","HARRISON","085","","","00000000","","CORN","CORN - OPERATIONS WITH SALES","TOTAL","NOT SPECIFIED","457","6.7"
"CENSUS","2022","YEAR","","COUNTY","IOWA","19","WEST CENTRAL","40","HARRISON","085","","","00000000","","CORN","CORN - SALES, MEASURED IN $","TOTAL","NOT SPECIFIED","179,149,000","(L)"
"CENSUS","2022","YEAR","","COUNTY","IOWA","19","WEST CENTRAL","40","HARRISON","085","","","00000000","","CORN","CORN, GRAIN - PRODUCTION, MEASURED IN BU","TOTAL","NOT SPECIFIED","28,272,950","10.2"
"CENSUS","2022","YEAR","","COUNTY","IOWA","19","WEST CENTRAL","40","HARRISON","085","","","00000000","","CORN","CORN, SILAGE - PRODUCTION, MEASURED IN TONS","TOTAL","NOT SPECIFIED","2,794","(L)"
"CENSUS","2022","YEAR","","COUNTY","IOWA","19","WEST CENTRAL","40","IDA","093","","","00000000","","CORN","CORN - OPERATIONS WITH SALES","TOTAL","NOT SPECIFIED","271","6.7"
"CENSUS","2022","YEAR","","COUNTY","IOWA","19","WEST CENTRAL","40","IDA","093","","","00000000","","CORN","CORN - SALES, MEASURED IN $","TOTAL","NOT SPECIFIED","136,316,000","(L)"
"CENSUS","2022","YEAR","","COUNTY","IOWA","19","WEST CENTRAL","40","IDA","093","","","00000000","","CORN","CORN, GRAIN - PRODUCTION, MEASURED IN BU","TOTAL","NOT SPECIFIED","20,791,548","10.2"
"CENSUS","2022","YEAR","","COUNTY","IOWA","19","WEST CENTRAL","40","IDA","093","","","00000000","","CORN","CORN, SILAGE - PRODUCTION, MEASURED IN TONS","TOTAL","NOT SPECIFIED","63,513","30.4"
"CENSUS","2022","YEAR","","COUNTY","IOWA","19","WEST CENTRAL","40","MONONA","133","","","00000000","","CORN","CORN - OPERATIONS WITH SALES","TOTAL","NOT SPECIFIED","405","6.7"
"CENSUS","2022","YEAR","","COUNTY","IOWA","19","WEST CENTRAL","40","MONONA","133","","","00000000","","CORN","CORN - SALES, MEASURED IN $","TOTAL","NOT SPECIFIED","194,436,000","(L)"
"CENSUS","2022","YEAR","","COUNTY","IOWA","19","WEST CENTRAL","40","MONONA","133","","","00000000","","CORN","CORN, GRAIN - PRODUCTION, MEASURED IN BU","TOTAL","NOT SPECIFIED","31,003,655","10.2"
"CENSUS","2022","YEAR","","COUNTY","IOWA","19","WEST CENTRAL","40","MONONA","133","","","00000000","","CORN","CORN, SILAGE - PRODUCTION, MEASURED IN TONS","TOTAL","NOT SPECIFIED","6,414","30.4"
"CENSUS","2022","YEAR","","COUNTY","IOWA","19","WEST CENTRAL","40","SAC","161","","","00000000","","CORN","CORN - OPERATIONS WITH SALES","TOTAL","NOT SPECIFIED","562","6.7"
"CENSUS","2022","YEAR","","COUNTY","IOWA","19","WEST CENTRAL","40","SAC","161","","","00000000","","CORN","CORN - SALES, MEASURED IN $","TOTAL","NOT SPECIFIED","212,701,000","(L)"
"CENSUS","2022","YEAR","","COUNTY","IOWA","19","WEST CENTRAL","40","SAC","161","","","00000000","","CORN","CORN, GRAIN - PRODUCTION, MEASURED IN BU","TOTAL","NOT SPECIFIED","33,584,331","10.2"
"CENSUS","2022","YEAR","","COUNTY","IOWA","19","WEST CENTRAL","40","SAC","161","","","00000000","","CORN","CORN, SILAGE - PRODUCTION, MEASURED IN TONS","TOTAL","NOT SPECIFIED","44,141","30.4"
"CENSUS","2022","YEAR","","COUNTY","IOWA","19","WEST CENTRAL","40","SHELBY","165","","","00000000","","CORN","CORN - OPERATIONS WITH SALES","TOTAL","NOT SPECIFIED","603","6.7"
"CENSUS","2022","YEAR","","COUNTY","IOWA","19","WEST CENTRAL","40","SHELBY","165","","","00000000","","CORN","CORN - SALES, MEASURED IN $","TOTAL","NOT SPECIFIED","213,477,000","(L)"
"CENSUS","2022","YEAR","","COUNTY","IOWA","19","WEST CENTRAL","40","SHELBY","165","","","00000000","","CORN","CORN, GRAIN - PRODUCTION, MEASURED IN BU","TOTAL","NOT SPECIFIED","33,813,502","10.2"
"CENSUS","2022","YEAR","","COUNTY","IOWA","19","WEST CENTRAL","40","SHELBY","165","","","00000000","","CORN","CORN, SILAGE - PRODUCTION, MEASURED IN TONS","TOTAL","NOT SPECIFIED","22,116","30.4"
"CENSUS","2022","YEAR","","COUNTY","IOWA","19","WEST CENTRAL","40","SHELBY","165","","","00000000","","CORN","CORN, TRADITIONAL OR INDIAN - PRODUCTION, MEASURED IN LB","TOTAL","NOT SPECIFIED"," (D)","(D)"
"CENSUS","2022","YEAR","","COUNTY","IOWA","19","WEST CENTRAL","40","WOODBURY","193","","","00000000","","CORN","CORN - OPERATIONS WITH SALES","TOTAL","NOT SPECIFIED","536","6.7"
"CENSUS","2022","YEAR","","COUNTY","IOWA","19","WEST CENTRAL","40","WOODBURY","193","","","00000000","","CORN","CORN - SALES, MEASURED IN $","TOTAL","NOT SPECIFIED","262,700,000","(L)"
"CENSUS","2022","YEAR","","COUNTY","IOWA","19","WEST CENTRAL","40","WOODBURY","193","","","00000000","","CORN","CORN, GRAIN - PRODUCTION, MEASURED IN BU","TOTAL","NOT SPECIFIED","39,827,191","10.2"
"CENSUS","2022","YEAR","","COUNTY","IOWA","19","WEST CENTRAL","40","WOODBURY","193","","","00000000","","CORN","CORN, SILAGE - PRODUCTION, MEASURED IN TONS","TOTAL","NOT SPECIFIED","112,138","30.4"
"CENSUS","2017","YEAR","","COUNTY","IOWA","19","CENTRAL","50","BOONE","015","","","00000000","","CORN","CORN - OPERATIONS WITH SALES","TOTAL","NOT SPECIFIED","414","14.7"
"CENSUS","2017","YEAR","","COUNTY","IOWA","19","CENTRAL","50","BOONE","015","","","00000000","","CORN","CORN - SALES, MEASURED IN $","TOTAL","NOT SPECIFIED","105,278,000","15.7"
"CENSUS","2017","YEAR","","COUNTY","IOWA","19","CENTRAL","50","BOONE","015","","","00000000","","CORN","CORN, GRAIN - PRODUCTION, MEASURED IN BU","TOTAL","NOT SPECIFIED","31,820,288","15.2"
"CENSUS","2017","YEAR","","COUNTY","IOWA","19","CENTRAL","50","BOONE","015","","","00000000","","CORN","CORN, SILAGE - PRODUCTION, MEASURED IN TONS","TOTAL","NOT SPECIFIED","18,435","12.3"
"CENSUS","2017","YEAR","","COUNTY","IOWA","19","CENTRAL","50","DALLAS","049","","","00000000","","CORN","CORN - OPERATIONS WITH SALES","TOTAL","NOT SPECIFIED","395","14.7"
"CENSUS","2017","YEAR","","COUNTY","IOWA","19","CENTRAL","50","DALLAS","049","","","00000000","","CORN","CORN - SALES, MEASURED IN $","TOTAL","NOT SPECIFIED","87,400,000","15.7"
"CENSUS","2017","YEAR","","COUNTY","IOWA","19","CENTRAL","50","DALLAS","049","","","00000000","","CORN","CORN, GRAIN - PRODUCTION, MEASURED IN BU","TOTAL","NOT SPECIFIED","26,503,711","15.2"
"CENSUS","2017","YEAR","","COUNTY","IOWA","19","CENTRAL","50","DALLAS","049","","","00000000","","CORN","CORN, SILAGE - PRODUCTION, MEASURED IN TONS","TOTAL","NOT SPECIFIED","8,490","12.3"
"CENSUS","2017","YEAR","","COUNTY","IOWA","19","CENTRAL","50","GRUNDY","075","","","00000000","","CORN","CORN - OPERATIONS WITH SALES","TOTAL","NOT SPECIFIED","442","14.7"
"CENSUS","2017","YEAR","","COUNTY","IOWA","19","CENTRAL","50","GRUNDY","075","","","00000000","","CORN","CORN - SALES, MEASURED IN $","TOTAL","NOT SPECIFIED","113,755,000","15.7"
"CENSUS","2017","YEAR","","COUNTY","IOWA","19","CENTRAL","50","GRUNDY","075","","","00000000","","CORN","CORN, GRAIN - PRODUCTION, MEASURED IN BU","TOTAL","NOT SPECIFIED","34,547,098","15.2"
"CENSUS","2017","YEAR","","COUNTY","IOWA","19","CENTRAL","50","GRUNDY","075","","","00000000","","CORN","CORN, SILAGE - PRODUCTION, MEASURED IN TONS","TOTAL","NOT SPECIFIED","16,482","12.3"
"CENSUS","2017","YEAR","","COUNTY","IOWA","19","CENTRAL","50","HAMILTON","079","","","00000000","","CORN","CORN - OPERATIONS WITH SALES","TOTAL","NOT SPECIFIED","378","14.7"
"CENSUS","2017","YEAR","","COUNTY","IOWA","19","CENTRAL","50","HAMILTON","079","","","00000000","","CORN","CORN - SALES, MEASURED IN $","TOTAL","NOT SPECIFIED","111,286,000","15.7"
"CENSUS","2017","YEAR","","COUNTY","IOWA","19","CENTRAL","50","HAMILTON","079","","","00000000","","CORN","CORN, GRAIN - PRODUCTION, MEASURED IN BU","TOTAL","NOT SPECIFIED","33,693,290","15.2"
"CENSUS","2017","YEAR","","COUNTY","IOWA","19","CENTRAL","50","HAMILTON","079","","","00000000","","CORN","CORN, SILAGE - PRODUCTION, MEASURED IN TONS","TOTAL","NOT SPECIFIED"," (D)","(D)"
"CENSUS","2017","YEAR","","COUNTY","IOWA","19","CENTRAL","50","HARDIN","083","","","00000000","","CORN","CORN - OPERATIONS WITH SALES","TOTAL","NOT SPECIFIED","495","14.7"
"CENSUS","2017","YEAR","","COUNTY","IOWA","19","CENTRAL","50","HARDIN","083","","","00000000","","CORN","CORN - SALES, MEASURED IN $","TOTAL","NOT SPECIFIED","134,835,000","15.7"
"CENSUS","2017","YEAR","","COUNTY","IOWA","19","CENTRAL","50","HARDIN","083","","","00000000","","CORN","CORN, GRAIN - PRODUCTION, MEASURED IN BU","TOTAL","NOT SPECIFIED","40,700,148","15.2"
"CENSUS","2017","YEAR","","COUNTY","IOWA","19","CENTRAL","50","HARDIN","083","","","00000000","","CORN","CORN, SILAGE - PRODUCTION, MEASURED IN TONS","TOTAL","NOT SPECIFIED","9,058","12.3"
"CENSUS","2017","YEAR","","COUNTY","IOWA","19","CENTRAL","50","JASPER","099","","","00000000","","CORN","CORN - OPERATIONS WITH SALES","TOTAL","NOT SPECIFIED","524","14.7"
"CENSUS","2017","YEAR","","COUNTY","IOWA","19","CENTRAL","50","JASPER","099","","","00000000","","CORN","CORN - SALES, MEASURED IN $","TOTAL","NOT SPECIFIED","105,866,000","15.7"
"CENSUS","2017","YEAR","","COUNTY","IOWA","19","CENTRAL","50","JASPER","099","","","00000000","","CORN","CORN, GRAIN - PRODUCTION, MEASURED IN BU","TOTAL","NOT SPECIFIED","32,882,281","15.2"
"CENSUS","2017","YEAR","","COUNTY","IOWA","19","CENTRAL","50","JASPER","099","","","00000000","","CORN","CORN, SILAGE - PRODUCTION, MEASURED IN TONS","TOTAL","NOT SPECIFIED","21,740","12.3"
"CENSUS","2017","YEAR","","COUNTY","IOWA","19","CENTRAL","50","MARSHALL","127","","","00000000","","CORN","CORN - OPERATIONS WITH SALES","TOTAL","NOT SPECIFIED","455","14.7"
"CENSUS","2017","YEAR","","COUNTY","IOWA","19","CENTRAL","50","MARSHALL","127","","","00000000","","CORN","CORN - SALES, MEASURED IN $","TOTAL","NOT SPECIFIED","99,453,000","15.7"
"CENSUS","2017","YEAR","","COUNTY","IOWA","19","CENTRAL","50","MARSHALL","127","","","00000000","","CORN","CORN, GRAIN - PRODUCTION, MEASURED IN BU","TOTAL","NOT SPECIFIED","30,512,467","15.2"
"CENSUS","2017","YEAR","","COUNTY","IOWA","19","CENTRAL","50","MARSHALL","127","","","00000000","","CORN","CORN, SILAGE - PRODUCTION, MEASURED IN TONS","TOTAL","NOT SPECIFIED","54,769","12.3"
"CENSUS","2017","YEAR","","COUNTY","IOWA","19","CENTRAL","50","POLK","153","","","00000000","","CORN","CORN - OPERATIONS WITH SALES","TOTAL","NOT SPECIFIED","327","14.7"
"CENSUS","2017","YEAR","","COUNTY","IOWA","19","CENTRAL","50","POLK","153","","","00000000","","CORN","CORN - SALES, MEASURED IN $","TOTAL","NOT SPECIFIED","53,007,000","15.7"
"CENSUS","2017","YEAR","","COUNTY","IOWA","19","CENTRAL","50","POLK","153","","","00000000","","CORN","CORN, GRAIN - PRODUCTION, MEASURED IN BU","TOTAL","NOT SPECIFIED","16,376,082","15.2"
"CENSUS","2017","YEAR","","COUNTY","IOWA","19","CENTRAL","50","POLK","153","","","00000000","","CORN","CORN, SILAGE - PRODUCTION, MEASURED IN TONS","TOTAL","NOT SPECIFIED","6,400","12.3"
"CENSUS","2017","YEAR","","COUNTY","IOWA","19","CENTRAL","50","POWESHIEK","157","","","00000000","","CORN","CORN - OPERATIONS WITH SALES","TOTAL","NOT SPECIFIED","457","14.7"
"CENSUS","2017","YEAR","","COUNTY","IOWA","19","CENTRAL","50","POWESHIEK","157","","","00000000","","CORN","CORN - SALES, MEASURED IN $","TOTAL","NOT SPECIFIED","88,264,000","15.7"
"CENSUS","2017","YEAR","","COUNTY","IOWA","19","CENTRAL","50","POWESHIEK","157","","","00000000","","CORN","CORN, GRAIN - PRODUCTION, MEASURED IN BU","TOTAL","NOT SPECIFIED","27,843,160","15.2"
"CENSUS","2017","YEAR","","COUNTY","IOWA","19","CENTRAL","50","POWESHIEK","157","","","00000000","","CORN","CORN, SILAGE - PRODUCTION, MEASURED IN TONS","TOTAL","NOT SPECIFIED","33,571","12.3"
"CENSUS","2017","YEAR","","COUNTY","IOWA","19","CENTRAL","50","STORY","169","","","00000000","","CORN","CORN - OPERATIONS WITH SALES","TOTAL","NOT SPECIFIED","452","14.7"
"CENSUS","2017","YEAR","","COUNTY","IOWA","19","CENTRAL","50","STORY","169","","","00000000","","CORN","CORN - SALES, MEASURED IN $","TOTAL","NOT SPECIFIED","104,794,000","15.7"
"CENSUS","2017","YEAR","","COUNTY","IOWA","19","CENTRAL","50","STORY","169","","","00000000","","CORN","CORN, GRAIN - PRODUCTION, MEASURED IN BU","TOTAL","NOT SPECIFIED","32,251,564","15.2"
"CENSUS","2017","YEAR","","COUNTY","IOWA","19","CENTRAL","50","STORY","169","","","00000000","","CORN","CORN, SILAGE - PRODUCTION, MEASURED IN TONS","TOTAL","NOT SPECIFIED","19,407","12.3"
"CENSUS","2017","YEAR","","COUNTY","IOWA","19","CENTRAL","50","TAMA","171","","","00000000","","CORN","CORN - OPERATIONS WITH SALES","TOTAL","NOT SPECIFIED","630","14.7"
"CENSUS","2017","YEAR","","COUNTY","IOWA","19","CENTRAL","50","TAMA","171","","","00000000","","CORN","CORN - SALES, MEASURED IN $","TOTAL","NOT SPECIFIED","116,075,000","15.7"
"CENSUS","2017","YEAR","","COUNTY","IOWA","19","CENTRAL","50","TAMA","171","","","00000000","","CORN","CORN, GRAIN - PRODUCTION, MEASURED IN BU","TOTAL","NOT SPECIFIED","36,092,038","15.2"
"CENSUS","2017","YEAR","","COUNTY","IOWA","19","CENTRAL","50","TAMA","171","","","00000000","","CORN","CORN, SILAGE - PRODUCTION, MEASURED IN TONS","TOTAL","NOT SPECIFIED","27,587","12.3"
"CENSUS","2017","YEAR","","COUNTY","IOWA","19","CENTRAL","50","WEBSTER","187","","","00000000","","CORN","CORN - OPERATIONS WITH SALES","TOTAL","NOT SPECIFIED","541","14.7"
"CENSUS","2017","YEAR","","COUNTY","IOWA","19","CENTRAL","50","WEBSTER","187","","","00000000","","CORN","CORN - SALES, MEASURED IN $","TOTAL","NOT SPECIFIED","131,160,000","15.7"
"CENSUS","2017","YEAR","","COUNTY","IOWA","19","CENTRAL","50","WEBSTER","187","","","00000000","","CORN","CORN, GRAIN - PRODUCTION, MEASURED IN BU","TOTAL","NOT SPECIFIED","40,115,467","15.2"
"CENSUS","2017","YEAR","","COUNTY","IOWA","19","CENTRAL","50","WEBSTER","187","","","00000000","","CORN","CORN, SILAGE - PRODUCTION, MEASURED IN TONS","TOTAL","NOT SPECIFIED","19,767","12.3"
"CENSUS","2017","YEAR","","COUNTY","IOWA","19","EAST CENTRAL","60","BENTON","011","","","00000000","","CORN","CORN - OPERATIONS WITH SALES","TOTAL","NOT SPECIFIED","671","14.7"
"CENSUS","2017","YEAR","","COUNTY","IOWA","19","EAST CENTRAL","60","BENTON","011","","","00000000","","CORN","CORN - SALES, MEASURED IN $","TOTAL","NOT SPECIFIED","129,442,000","15.7"
"CENSUS","2017","YEAR","","COUNTY","IOWA","19","EAST CENTRAL","60","BENTON","011","","","00000000","","CORN","CORN, GRAIN - PRODUCTION, MEASURED IN BU","TOTAL","NOT SPECIFIED","38,997,592","15.2"
"CENSUS","2017","YEAR","","COUNTY","IOWA","19","EAST CENTRAL","60","BENTON","011","","","00000000","","CORN","CORN, SILAGE - PRODUCTION, MEASURED IN TONS","TOTAL","NOT SPECIFIED","65,601","12.3"
"CENSUS","2017","YEAR","","COUNTY","IOWA","19","EAST CENTRAL","60","CEDAR","031","","","00000000","","CORN","CORN - OPERATIONS WITH SALES","TOTAL","NOT SPECIFIED","476","14.7"
"CENSUS","2017","YEAR","","COUNTY","IOWA","19","EAST CENTRAL","60","CEDAR","031","","","00000000","","CORN","CORN - SALES, MEASURED IN $","TOTAL","NOT SPECIFIED","118,371,000","15.7"
"CENSUS","2017","YEAR","","COUNTY","IOWA","19","EAST CENTRAL","60","CEDAR","031","","","00000000","","CORN","CORN, GRAIN - PRODUCTION, MEASURED IN BU","TOTAL","NOT SPECIFIED","35,632,406","15.2"
"CENSUS","2017","YEAR","","COUNTY","IOWA","19","EAST CENTRAL","60","CEDAR","031","","","00000000","","CORN","CORN, SILAGE - PRODUCTION, MEASURED IN TONS","TOTAL","NOT SPECIFIED","12,793","12.3"
"CENSUS","2017","YEAR","","COUNTY","IOWA","19","EAST CENTRAL","60","CLINTON","045","","","00000000","","CORN","CORN - OPERATIONS WITH SALES","TOTAL","NOT SPECIFIED","697","14.7"
"CENSUS","2017","YEAR","","COUNTY","IOWA","19","EAST CENTRAL","60","CLINTON","045","","","00000000","","CORN","CORN - SALES, MEASURED IN $","TOTAL","NOT SPECIFIED","142,508,000","15.7"
"CENSUS","2017","YEAR","","COUNTY","IOWA","19","EAST CENTRAL","60","CLINTON","045","","","00000000","","CORN","CORN, GRAIN - PRODUCTION, MEASURED IN BU","TOTAL","NOT SPECIFIED","42,522,758","15.2"
"CENSUS","2017","YEAR","","COUNTY","IOWA","19","EAST CENTRAL","60","CLINTON","045","","","00000000","","CORN","CORN, SILAGE - PRODUCTION, MEASURED IN TONS","TOTAL","NOT SPECIFIED","70,811","12.3"
"CENSUS","2017","YEAR","","COUNTY","IOWA","19","EAST CENTRAL","60","IOWA","095","","","00000000","","CORN","CORN - OPERATIONS WITH SALES","TOTAL","NOT SPECIFIED","465","14.7"
"CENSUS","2017","YEAR","","COUNTY","IOWA","19","EAST CENTRAL","60","IOWA","095","","","00000000","","CORN","CORN - SALES, MEASURED IN $","TOTAL","NOT SPECIFIED","84,707,000","15.7"
"CENSUS","2017","YEAR","","COUNTY","IOWA","19","EAST CENTRAL","60","IOWA","095","","","00000000","","CORN","CORN, GRAIN - PRODUCTION, MEASURED IN BU","TOTAL","NOT SPECIFIED","25,642,055","15.2"
"CENSUS","2017","YEAR","","COUNTY","IOWA","19","EAST CENTRAL","60","IOWA","095","","","00000000","","CORN","CORN, SILAGE - PRODUCTION, MEASURED IN TONS","TOTAL","NOT SPECIFIED","25,633","12.3"
"CENSUS","2017","YEAR","","COUNTY","IOWA","19","EAST CENTRAL","60","JACKSON","097","","","00000000","","CORN","CORN - OPERATIONS WITH SALES","TOTAL","NOT SPECIFIED","531","14.7"
"CENSUS","2017","YEAR","","COUNTY","IOWA","19","EAST CENTRAL","60","JACKSON","097","","","00000000","","CORN","CORN - SALES, MEASURED IN $","TOTAL","NOT SPECIFIED","70,796,000","15.7"
"CENSUS","2017","YEAR","","COUNTY","IOWA","19","EAST CENTRAL","60","JACKSON","097","","","00000000","","CORN","CORN, GRAIN - PRODUCTION, MEASURED IN BU","TOTAL","NOT SPECIFIED","22,605,519","15.2"
"CENSUS","2017","YEAR","","COUNTY","IOWA","19","EAST CENTRAL","60","JACKSON","097","","","00000000","","CORN","CORN, SILAGE - PRODUCTION, MEASURED IN TONS","TOTAL","NOT SPECIFIED","91,665","12.3"
"CENSUS","2017","YEAR","","COUNTY","IOWA","19","EAST CENTRAL","60","JOHNSON","103","","","00000000","","CORN","CORN - OPERATIONS WITH SALES","TOTAL","NOT SPECIFIED","631","14.7"
"CENSUS","2017","YEAR","","COUNTY","IOWA","19","EAST CENTRAL","60","JOHNSON","103","","","00000000","","CORN","CORN - SALES, MEASURED IN $","TOTAL","NOT SPECIFIED","81,970,000","15.7"
"CENSUS","2017","YEAR","","COUNTY","IOWA","19","EAST CENTRAL","60","JOHNSON","103","","","00000000","","CORN","CORN, GRAIN - PRODUCTION, MEASURED IN BU","TOTAL","NOT SPECIFIED","24,916,901","15.2"
"CENSUS","2017","YEAR","","COUNTY","IOWA","19","EAST CENTRAL","60","JOHNSON","103","","","00000000","","CORN","CORN, SILAGE - PRODUCTION, MEASURED IN TONS","TOTAL","NOT SPECIFIED","27,192","12.3"
"CENSUS","2017","YEAR","","COUNTY","IOWA","19","EAST CENTRAL","60","JONES","105","","","00000000","","CORN","CORN - OPERATIONS WITH SALES","TOTAL","NOT SPECIFIED","585","14.7"
"CENSUS","2017","YEAR","","COUNTY","IOWA","19","EAST CENTRAL","60","JONES","105","","","00000000","","CORN","CORN - SALES, MEASURED IN $","TOTAL","NOT SPECIFIED","112,831,000","15.7"
"CENSUS","2017","YEAR","","COUNTY","IOWA","19","EAST CENTRAL","60","JONES","105","","","00000000","","CORN","CORN, GRAIN - PRODUCTION, MEASURED IN BU","TOTAL","NOT SPECIFIED","34,423,792","15.2"
"CENSUS","2017","YEAR","","COUNTY","IOWA","19","EAST CENTRAL","60","JONES","105","","","00000000","","CORN","CORN, SILAGE - PRODUCTION, MEASURED IN TONS","TOTAL","NOT SPECIFIED","49,653","12.3"
"CENSUS","2017","YEAR","","COUNTY","IOWA","19","EAST CENTRAL","60","JONES","105","","","00000000","","CORN","CORN, TRADITIONAL OR INDIAN - PRODUCTION, MEASURED IN LB","TOTAL","NOT SPECIFIED"," (D)","(D)"
"CENSUS","2017","YEAR","","COUNTY","IOWA","19","EAST CENTRAL","60","LINN","113","","","00000000","","CORN","CORN - OPERATIONS WITH SALES","TOTAL","NOT SPECIFIED","640","14.7"
"CENSUS","2017","YEAR","","COUNTY","IOWA","19","EAST CENTRAL","60","LINN","113","","","00000000","","CORN","CORN - SALES, MEASURED IN $","TOTAL","NOT SPECIFIED","101,158,000","15.7"
"CENSUS","2017","YEAR","","COUNTY","IOWA","19","EAST CENTRAL","60","LINN","113","","","00000000","","CORN","CORN, GRAIN - PRODUCTION, MEASURED IN BU","TOTAL","NOT SPECIFIED","31,403,055","15.2"
"CENSUS","2017","YEAR","","COUNTY","IOWA","19","EAST CENTRAL","60","LINN","113","","","00000000","","CORN","CORN, SILAGE - PRODUCTION, MEASURED IN TONS","TOTAL","NOT SPECIFIED","36,511","12.3"
"CENSUS","2017","YEAR","","COUNTY","IOWA","19","EAST CENTRAL","60","MUSCATINE","139","","","00000000","","CORN","CORN - OPERATIONS WITH SALES","TOTAL","NOT SPECIFIED","348","14.7"
"CENSUS","2017","YEAR","","COUNTY","IOWA","19","EAST CENTRAL","60","MUSCATINE","139","","","00000000","","CORN","CORN - SALES, MEASURED IN $","TOTAL","NOT SPECIFIED","60,627,000","15.7"
"CENSUS","2017","YEAR","","COUNTY","IOWA","19","EAST CENTRAL","60","MUSCATINE","139","","","00000000","","CORN","CORN, GRAIN - PRODUCTION, MEASURED IN BU","TOTAL","NOT SPECIFIED","17,978,088","15.2"
"CENSUS","2017","YEAR","","COUNTY","IOWA","19","EAST CENTRAL","60","MUSCATINE","139","","","00000000","","CORN","CORN, SILAGE - PRODUCTION, MEASURED IN TONS","TOTAL","NOT SPECIFIED","22,772","12.3"
"CENSUS","2017","YEAR","","COUNTY","IOWA","19","EAST CENTRAL","60","SCOTT","163","","","00000000","","CORN","CORN - OPERATIONS WITH SALES","TOTAL","NOT SPECIFIED","413","14.7"
"CENSUS","2017","YEAR","","COUNTY","IOWA","19","EAST CENTRAL","60","SCOTT","163","","","00000000","","CORN","CORN - SALES, MEASURED IN $","TOTAL","NOT SPECIFIED","81,474,000","15.7"
"CENSUS","2017","YEAR","","COUNTY","IOWA","19","EAST CENTRAL","60","SCOTT","163","","","00000000","","CORN","CORN, GRAIN - PRODUCTION, MEASURED IN BU","TOTAL","NOT SPECIFIED","24,603,018","15.2"
"CENSUS","2017","YEAR","","COUNTY","IOWA","19","EAST CENTRAL","60","SCOTT","163","","","00000000","","CORN","CORN, SILAGE - PRODUCTION, MEASURED IN TONS","TOTAL","NOT SPECIFIED","24,685","12.3"
"CENSUS","2017","YEAR","","COUNTY","IOWA","19","EAST CENTRAL","60","SCOTT","163","","","00000000","","CORN","CORN, TRADITIONAL OR INDIAN - PRODUCTION, MEASURED IN LB","TOTAL","NOT SPECIFIED"," (D)","(D)"
"CENSUS","2017","YEAR","","COUNTY","IOWA","19","NORTH CENTRAL","20","BUTLER","023","","","00000000","","CORN","CORN - OPERATIONS WITH SALES","TOTAL","NOT SPECIFIED","504","14.7"
"CENSUS","2017","YEAR","","COUNTY","IOWA","19","NORTH CENTRAL","20","BUTLER","023","","","00000000","","CORN","CORN - SALES, MEASURED IN $","TOTAL","NOT SPECIFIED","118,581,000","15.7"
"CENSUS","2017","YEAR","","COUNTY","IOWA","19","NORTH CENTRAL","20","BUTLER","023","","","00000000","","CORN","CORN, GRAIN - PRODUCTION, MEASURED IN BU","TOTAL","NOT SPECIFIED","35,194,796","15.2"
"CENSUS","2017","YEAR","","COUNTY","IOWA","19","NORTH CENTRAL","20","BUTLER","023","","","00000000","","CORN","CORN, SILAGE - PRODUCTION, MEASURED IN TONS","TOTAL","NOT SPECIFIED","17,205","12.3"
"CENSUS","2017","YEAR","","COUNTY","IOWA","19","NORTH CENTRAL","20","CERRO GORDO","033","","","00000000","","CORN","CORN - OPERATIONS WITH SALES","TOTAL","NOT SPECIFIED","438","14.7"
"CENSUS","2017","YEAR","","COUNTY","IOWA","19","NORTH CENTRAL","20","CERRO GORDO","033","","","00000000","","CORN","CORN - SALES, MEASURED IN $","TOTAL","NOT SPECIFIED","104,114,000","15.7"
"CENSUS","2017","YEAR","","COUNTY","IOWA","19","NORTH CENTRAL","20","CERRO GORDO","033","","","00000000","","CORN","CORN, GRAIN - PRODUCTION, MEASURED IN BU","TOTAL","NOT SPECIFIED","32,449,217","15.2"
"CENSUS","2017","YEAR","","COUNTY","IOWA","19","NORTH CENTRAL","20","CERRO GORDO","033","","","00000000","","CORN","CORN, SILAGE - PRODUCTION, MEASURED IN TONS","TOTAL","NOT SPECIFIED","26,795","12.3"
"CENSUS","2017","YEAR","","COUNTY","IOWA","19","NORTH CENTRAL","20","FLOYD","067","","","00000000","","CORN","CORN - OPERATIONS WITH SALES","TOTAL","NOT SPECIFIED","479","14.7"
"CENSUS","2017","YEAR","","COUNTY","IOWA","19","NORTH CENTRAL","20","FLOYD","067","","","00000000","","CORN","CORN - SALES, MEASURED IN $","TOTAL","NOT SPECIFIED","96,974,000","15.7"
"CENSUS","2017","YEAR","","COUNTY","IOWA","19","NORTH CENTRAL","20","FLOYD","067","","","00000000","","CORN","CORN, GRAIN - PRODUCTION, MEASURED IN BU","TOTAL","NOT SPECIFIED","29,074,265","15.2"
"CENSUS","2017","YEAR","","COUNTY","IOWA","19","NORTH CENTRAL","20","FLOYD","067","","","00000000","","CORN","CORN, SILAGE - PRODUCTION, MEASURED IN TONS","TOTAL","NOT SPECIFIED","55,984","12.3"
"CENSUS","2017","YEAR","","COUNTY","IOWA","19","NORTH CENTRAL","20","FRANKLIN","069","","","00000000","","CORN","CORN - OPERATIONS WITH SALES","TOTAL","NOT SPECIFIED","455","14.7"
"CENSUS","2017","YEAR","","COUNTY","IOWA","19","NORTH CENTRAL","20","FRANKLIN","069","","","00000000","","CORN","CORN - SALES, MEASURED IN $","TOTAL","NOT SPECIFIED","130,272,000","15.7"
"CENSUS","2017","YEAR","","COUNTY","IOWA","19","NORTH CENTRAL","20","FRANKLIN","069","","","00000000","","CORN","CORN, GRAIN - PRODUCTION, MEASURED IN BU","TOTAL","NOT SPECIFIED","39,608,532","15.2"
"CENSUS","2017","YEAR","","COUNTY","IOWA","19","NORTH CENTRAL","20","FRANKLIN","069","","","00000000","","CORN","CORN, SILAGE - PRODUCTION, MEASURED IN TONS","TOTAL","NOT SPECIFIED","13,658","12.3"
"CENSUS","2017","YEAR","","COUNTY","IOWA","19","NORTH CENTRAL","20","HANCOCK","081","","","00000000","","CORN","CORN - OPERATIONS WITH SALES","TOTAL","NOT SPECIFIED","488","14.7"
"CENSUS","2017","YEAR","","COUNTY","IOWA","19","NORTH CENTRAL","20","HANCOCK","081","","","00000000","","CORN","CORN - SALES, MEASURED IN $","TOTAL","NOT SPECIFIED","128,455,000","15.7"
"CENSUS","2017","YEAR","","COUNTY","IOWA","19","NORTH CENTRAL","20","HANCOCK","081","","","00000000","","CORN","CORN, GRAIN - PRODUCTION, MEASURED IN BU","TOTAL","NOT SPECIFIED","39,087,166","15.2"
"CENSUS","2017","YEAR","","COUNTY","IOWA","19","NORTH CENTRAL","20","HANCOCK","081","","","00000000","","CORN","CORN, SILAGE - PRODUCTION, MEASURED IN TONS","TOTAL","NOT SPECIFIED","18,932","12.3"
"CENSUS","2017","YEAR","","COUNTY","IOWA","19","NORTH CENTRAL","20","HUMBOLDT","091","","","00000000","","CORN","CORN - OPERATIONS WITH SALES","TOTAL","NOT SPECIFIED","362","14.7"
"CENSUS","2017","YEAR","","COUNTY","IOWA","19","NORTH CENTRAL","20","HUMBOLDT","091","","","00000000","","CORN","CORN - SALES, MEASURED IN $","TOTAL","NOT SPECIFIED","74,479,000","15.7"
"CENSUS","2017","YEAR","","COUNTY","IOWA","19","NORTH CENTRAL","20","HUMBOLDT","091","","","00000000","","CORN","CORN, GRAIN - PRODUCTION, MEASURED IN BU","TOTAL","NOT SPECIFIED","22,643,357","15.2"
"CENSUS","2017","YEAR","","COUNTY","IOWA","19","NORTH CENTRAL","20","HUMBOLDT","091","","","00000000","","CORN","CORN, SILAGE - PRODUCTION, MEASURED IN TONS","TOTAL","NOT SPECIFIED","21,116","12.3"
"CENSUS","2017","YEAR","","COUNTY","IOWA","19","NORTH CENTRAL","20","KOSSUTH","109","","","00000000","","CORN","CORN - OPERATIONS WITH SALES","TOTAL","NOT SPECIFIED","874","14.7"
"CENSUS","2017","YEAR","","COUNTY","IOWA","19","NORTH CENTRAL","20","KOSSUTH","109","","","00000000","","CORN","CORN - SALES, MEASURED IN $","TOTAL","NOT SPECIFIED","200,720,000","15.7"
"CENSUS","2017","YEAR","","COUNTY","IOWA","19","NORTH CENTRAL","20","KOSSUTH","109","","","00000000","","CORN","CORN, GRAIN - PRODUCTION, MEASURED IN BU","TOTAL","NOT SPECIFIED","61,603,763","15.2"
"CENSUS","2017","YEAR","","COUNTY","IOWA","19","NORTH CENTRAL","20","KOSSUTH","109","","","00000000","","CORN","CORN, SILAGE - PRODUCTION, MEASURED IN TONS","TOTAL","NOT SPECIFIED","39,480","12.3"
"CENSUS","2017","YEAR","","COUNTY","IOWA","19","NORTH CENTRAL","20","MITCHELL","131","","","00000000","","CORN","CORN - OPERATIONS WITH SALES","TOTAL","NOT SPECIFIED","494","14.7"
"CENSUS","2017","YEAR","","COUNTY","IOWA","19","NORTH CENTRAL","20","MITCHELL","131","","","00000000","","CORN","CORN - SALES, MEASURED IN $","TOTAL","NOT SPECIFIED","102,827,000","15.7"
"CENSUS","2017","YEAR","","COUNTY","IOWA","19","NORTH CENTRAL","20","MITCHELL","131","","","00000000","","CORN","CORN, GRAIN - PRODUCTION, MEASURED IN BU","TOTAL","NOT SPECIFIED","30,763,754","15.2"
"CENSUS","2017","YEAR","","COUNTY","IOWA","19","NORTH CENTRAL","20","MITCHELL","131","","","00000000","","CORN","CORN, SILAGE - PRODUCTION, MEASURED IN TONS","TOTAL","NOT SPECIFIED","139,607","12.3"
"CENSUS","2017","YEAR","","COUNTY","IOWA","19","NORTH CENTRAL","20","WINNEBAGO","189","","","00000000","","CORN","CORN - OPERATIONS WITH SALES","TOTAL","NOT SPECIFIED","302","14.7"
"CENSUS","2017","YEAR","","COUNTY","IOWA","19","NORTH CENTRAL","20","WINNEBAGO","189","","","00000000","","CORN","CORN - SALES, MEASURED IN $","TOTAL","NOT SPECIFIED","83,148,000","15.7"
"CENSUS","2017","YEAR","","COUNTY","IOWA","19","NORTH CENTRAL","20","WINNEBAGO","189","","","00000000","","CORN","CORN, GRAIN - PRODUCTION, MEASURED IN BU","TOTAL","NOT SPECIFIED","25,994,224","15.2"
"CENSUS","2017","YEAR","","COUNTY","IOWA","19","NORTH CENTRAL","20","WINNEBAGO","189","","","00000000","","CORN","CORN, SILAGE - PRODUCTION, MEASURED IN TONS","TOTAL","NOT SPECIFIED","7,339","12.3"
"CENSUS","2017","YEAR","","COUNTY","IOWA","19","NORTH CENTRAL","20","WORTH","195","","","00000000","","CORN","CORN - OPERATIONS WITH SALES","TOTAL","NOT SPECIFIED","322","14.7"
"CENSUS","2017","YEAR","","COUNTY","IOWA","19","NORTH CENTRAL","20","WORTH","195","","","00000000","","CORN","CORN - SALES, MEASURED IN $","TOTAL","NOT SPECIFIED","76,685,000","15.7"
"CENSUS","2017","YEAR","","COUNTY","IOWA","19","NORTH CENTRAL","20","WORTH","195","","","00000000","","CORN","CORN, GRAIN - PRODUCTION, MEASURED IN BU","TOTAL","NOT SPECIFIED","23,767,324","15.2"
"CENSUS","2017","YEAR","","COUNTY","IOWA","19","NORTH CENTRAL","20","WORTH","195","","","00000000","","CORN","CORN, SILAGE - PRODUCTION, MEASURED IN TONS","TOTAL","NOT SPECIFIED","7,851","12.3"
"CENSUS","2017","YEAR","","COUNTY","IOWA","19","NORTH CENTRAL","20","WRIGHT","197","","","00000000","","CORN","CORN - OPERATIONS WITH SALES","TOTAL","NOT SPECIFIED","427","14.7"
"CENSUS","2017","YEAR","","COUNTY","IOWA","19","NORTH CENTRAL","20","WRIGHT","197","","","00000000","","CORN","CORN - SALES, MEASURED IN $","TOTAL","NOT SPECIFIED","117,722,000","15.7"
"CENSUS","2017","YEAR","","COUNTY","IOWA","19","NORTH CENTRAL","20","WRIGHT","197","","","00000000","","CORN","CORN, GRAIN - PRODUCTION, MEASURED IN BU","TOTAL","NOT SPECIFIED","36,978,050","15.2"
"CENSUS","2017","YEAR","","COUNTY","IOWA","19","NORTH CENTRAL","20","WRIGHT","197","","","00000000","","CORN","CORN, SILAGE - PRODUCTION, MEASURED IN TONS","TOTAL","NOT SPECIFIED","5,655","12.3"
"CENSUS","2017","YEAR","","COUNTY","IOWA","19","NORTHEAST","30","ALLAMAKEE","005","","","00000000","","CORN","CORN - OPERATIONS WITH SALES","TOTAL","NOT SPECIFIED","403","14.7"
"CENSUS","2017","YEAR","","COUNTY","IOWA","19","NORTHEAST","30","ALLAMAKEE","005","","","00000000","","CORN","CORN - SALES, MEASURED IN $","TOTAL","NOT SPECIFIED","44,819,000","15.7"
"CENSUS","2017","YEAR","","COUNTY","IOWA","19","NORTHEAST","30","ALLAMAKEE","005","","","00000000","","CORN","CORN, GRAIN - PRODUCTION, MEASURED IN BU","TOTAL","NOT SPECIFIED","14,378,509","15.2"
"CENSUS","2017","YEAR","","COUNTY","IOWA","19","NORTHEAST","30","ALLAMAKEE","005","","","00000000","","CORN","CORN, SILAGE - PRODUCTION, MEASURED IN TONS","TOTAL","NOT SPECIFIED","190,330","12.3"
"CENSUS","2017","YEAR","","COUNTY","IOWA","19","NORTHEAST","30","BLACK HAWK","013","","","00000000","","CORN","CORN - OPERATIONS WITH SALES","TOTAL","NOT SPECIFIED","482","14.7"
"CENSUS","2017","YEAR","","COUNTY","IOWA","19","NORTHEAST","30","BLACK HAWK","013","","","00000000","","CORN","CORN - SALES, MEASURED IN $","TOTAL","NOT SPECIFIED","103,569,000","15.7"
"CENSUS","2017","YEAR","","COUNTY","IOWA","19","NORTHEAST","30","BLACK HAWK","013","","","00000000","","CORN","CORN, GRAIN - PRODUCTION, MEASURED IN BU","TOTAL","NOT SPECIFIED","31,207,231","15.2"
"CENSUS","2017","YEAR","","COUNTY","IOWA","19","NORTHEAST","30","BLACK HAWK","013","","","00000000","","CORN","CORN, SILAGE - PRODUCTION, MEASURED IN TONS","TOTAL","NOT SPECIFIED","12,615","12.3"
"CENSUS","2017","YEAR","","COUNTY","IOWA","19","NORTHEAST","30","BREMER","017","","","00000000","","CORN","CORN - OPERATIONS WITH SALES","TOTAL","NOT SPECIFIED","516","14.7"
"CENSUS","2017","YEAR","","COUNTY","IOWA","19","NORTHEAST","30","BREMER","017","","","00000000","","CORN","CORN - SALES, MEASURED IN $","TOTAL","NOT SPECIFIED","94,297,000","15.7"
"CENSUS","2017","YEAR","","COUNTY","IOWA","19","NORTHEAST","30","BREMER","017","","","00000000","","CORN","CORN, GRAIN - PRODUCTION, MEASURED IN BU","TOTAL","NOT SPECIFIED","28,556,129","15.2"
"CENSUS","2017","YEAR","","COUNTY","IOWA","19","NORTHEAST","30","BREMER","017","","","00000000","","CORN","CORN, SILAGE - PRODUCTION, MEASURED IN TONS","TOTAL","NOT SPECIFIED","40,600","12.3"
"CENSUS","2017","YEAR","","COUNTY","IOWA","19","NORTHEAST","30","BUCHANAN","019","","","00000000","","CORN","CORN - OPERATIONS WITH SALES","TOTAL","NOT SPECIFIED","615","14.7"
"CENSUS","2017","YEAR","","COUNTY","IOWA","19","NORTHEAST","30","BUCHANAN","019","","","00000000","","CORN","CORN - SALES, MEASURED IN $","TOTAL","NOT SPECIFIED","136,114,000","15.7"
"CENSUS","2017","YEAR","","COUNTY","IOWA","19","NORTHEAST","30","BUCHANAN","019","","","00000000","","CORN","CORN, GRAIN - PRODUCTION, MEASURED IN BU","TOTAL","NOT SPECIFIED","40,709,195","15.2"
"CENSUS","2017","YEAR","","COUNTY","IOWA","19","NORTHEAST","30","BUCHANAN","019","","","00000000","","CORN","CORN, SILAGE - PRODUCTION, MEASURED IN TONS","TOTAL","NOT SPECIFIED","30,532","12.3"
"CENSUS","2017","YEAR","","COUNTY","IOWA","19","NORTHEAST","30","CHICKASAW","037","","","00000000","","CORN","CORN - OPERATIONS WITH SALES","TOTAL","NOT SPECIFIED","543","14.7"
"CENSUS","2017","YEAR","","COUNTY","IOWA","19","NORTHEAST","30","CHICKASAW","037","","","00000000","","CORN","CORN - SALES, MEASURED IN $","TOTAL","NOT SPECIFIED","100,293,000","15.7"
"CENSUS","2017","YEAR","","COUNTY","IOWA","19","NORTHEAST","30","CHICKASAW","037","","","00000000","","CORN","CORN, GRAIN - PRODUCTION, MEASURED IN BU","TOTAL","NOT SPECIFIED","30,179,795","15.2"
"CENSUS","2017","YEAR","","COUNTY","IOWA","19","NORTHEAST","30","CHICKASAW","037","","","00000000","","CORN","CORN, SILAGE - PRODUCTION, MEASURED IN TONS","TOTAL","NOT SPECIFIED","57,069","12.3"
"CENSUS","2017","YEAR","","COUNTY","IOWA","19","NORTHEAST","30","CLAYTON","043","","","00000000","","CORN","CORN - OPERATIONS WITH SALES","TOTAL","NOT SPECIFIED","668","14.7"
"CENSUS","2017","YEAR","","COUNTY","IOWA","19","NORTHEAST","30","CLAYTON","043","","","00000000","","CORN","CORN - SALES, MEASURED IN $","TOTAL","NOT SPECIFIED","104,128,000","15.7"
"CENSUS","2017","YEAR","","COUNTY","IOWA","19","NORTHEAST","30","CLAYTON","043","","","00000000","","CORN","CORN, GRAIN - PRODUCTION, MEASURED IN BU","TOTAL","NOT SPECIFIED","31,461,716","15.2"
"CENSUS","2017","YEAR","","COUNTY","IOWA","19","NORTHEAST","30","CLAYTON","043","","","00000000","","CORN","CORN, SILAGE - PRODUCTION, MEASURED IN TONS","TOTAL","NOT SPECIFIED","166,383","12.3"
"CENSUS","2017","YEAR","","COUNTY","IOWA","19","NORTHEAST","30","DELAWARE","055","","","00000000","","CORN","CORN - OPERATIONS WITH SALES","TOTAL","NOT SPECIFIED","854","14.7"
"CENSUS","2017","YEAR","","COUNTY","IOWA","19","NORTHEAST","30","DELAWARE","055","","","00000000","","CORN","CORN - SALES, MEASURED IN $","TOTAL","NOT SPECIFIED","154,385,000","15.7"
"CENSUS","2017","YEAR","","COUNTY","IOWA","19","NORTHEAST","30","DELAWARE","055","","","00000000","","CORN","CORN, GRAIN - PRODUCTION, MEASURED IN BU","TOTAL","NOT SPECIFIED","46,886,694","15.2"
"CENSUS","2017","YEAR","","COUNTY","IOWA","19","NORTHEAST","30","DELAWARE","055","","","00000000","","CORN","CORN, SILAGE - PRODUCTION, MEASURED IN TONS","TOTAL","NOT SPECIFIED","219,472","12.3"
"CENSUS","2017","YEAR","","COUNTY","IOWA","19","NORTHEAST","30","DUBUQUE","061","","","00000000","","CORN","CORN - OPERATIONS WITH SALES","TOTAL","NOT SPECIFIED","810","14.7"
"CENSUS","2017","YEAR","","COUNTY","IOWA","19","NORTHEAST","30","DUBUQUE","061","","","00000000","","CORN","CORN - SALES, MEASURED IN $","TOTAL","NOT SPECIFIED","101,990,000","15.7"
"CENSUS","2017","YEAR","","COUNTY","IOWA","19","NORTHEAST","30","DUBUQUE","061","","","00000000","","CORN","CORN, GRAIN - PRODUCTION, MEASURED IN BU","TOTAL","NOT SPECIFIED","31,384,228","15.2"
"CENSUS","2017","YEAR","","COUNTY","IOWA","19","NORTHEAST","30","DUBUQUE","061","","","00000000","","CORN","CORN, SILAGE - PRODUCTION, MEASURED IN TONS","TOTAL","NOT SPECIFIED","243,959","12.3"
"CENSUS","2017","YEAR","","COUNTY","IOWA","19","NORTHEAST","30","FAYETTE","065","","","00000000","","CORN","CORN - OPERATIONS WITH SALES","TOTAL","NOT SPECIFIED","681","14.7"
"CENSUS","2017","YEAR","","COUNTY","IOWA","19","NORTHEAST","30","FAYETTE","065","","","00000000","","CORN","CORN - SALES, MEASURED IN $","TOTAL","NOT SPECIFIED","111,786,000","15.7"
"CENSUS","2017","YEAR","","COUNTY","IOWA","19","NORTHEAST","30","FAYETTE","065","","","00000000","","CORN","CORN, GRAIN - PRODUCTION, MEASURED IN BU","TOTAL","NOT SPECIFIED","34,253,146","15.2"
"CENSUS","2017","YEAR","","COUNTY","IOWA","19","NORTHEAST","30","FAYETTE","065","","","00000000","","CORN","CORN, SILAGE - PRODUCTION, MEASURED IN TONS","TOTAL","NOT SPECIFIED","125,593","12.3"
"CENSUS","2017","YEAR","","COUNTY","IOWA","19","NORTHEAST","30","HOWARD","089","","","00000000","","CORN","CORN - OPERATIONS WITH SALES","TOTAL","NOT SPECIFIED","475","14.7"
"CENSUS","2017","YEAR","","COUNTY","IOWA","19","NORTHEAST","30","HOWARD","089","","","00000000","","CORN","CORN - SALES, MEASURED IN $","TOTAL","NOT SPECIFIED","89,694,000","15.7"
"CENSUS","2017","YEAR","","COUNTY","IOWA","19","NORTHEAST","30","HOWARD","089","","","00000000","","CORN","CORN, GRAIN - PRODUCTION, MEASURED IN BU","TOTAL","NOT SPECIFIED","27,221,890","15.2"
"CENSUS","2017","YEAR","","COUNTY","IOWA","19","NORTHEAST","30","HOWARD","089","","","00000000","","CORN","CORN, SILAGE - PRODUCTION, MEASURED IN TONS","TOTAL","NOT SPECIFIED","79,669","12.3"
"CENSUS","2017","YEAR","","COUNTY","IOWA","19","NORTHEAST","30","WINNESHIEK","191","","","00000000","","CORN","CORN - OPERATIONS WITH SALES","TOTAL","NOT SPECIFIED","781","14.7"
"CENSUS","2017","YEAR","","COUNTY","IOWA","19","NORTHEAST","30","WINNESHIEK","191","","","00000000","","CORN","CORN - SALES, MEASURED IN $","TOTAL","NOT SPECIFIED","99,857,000","15.7"
"CENSUS","2017","YEAR","","COUNTY","IOWA","19","NORTHEAST","30","WINNESHIEK","191","","","00000000","","CORN","CORN, GRAIN - PRODUCTION, MEASURED IN BU","TOTAL","NOT SPECIFIED","31,699,749","15.2"
"CENSUS","2017","YEAR","","COUNTY","IOWA","19","NORTHEAST","30","WINNESHIEK","191","","","00000000","","CORN","CORN, SILAGE - PRODUCTION, MEASURED IN TONS","TOTAL","NOT SPECIFIED","237,583","12.3"
"CENSUS","2017","YEAR","","COUNTY","IOWA","19","NORTHWEST","10","BUENA VISTA","021","","","00000000","","CORN","CORN - OPERATIONS WITH SALES","TOTAL","NOT SPECIFIED","555","14.7"
"CENSUS","2017","YEAR","","COUNTY","IOWA","19","NORTHWEST","10","BUENA VISTA","021","","","00000000","","CORN","CORN - SALES, MEASURED IN $","TOTAL","NOT SPECIFIED","103,858,000","15.7"
"CENSUS","2017","YEAR","","COUNTY","IOWA","19","NORTHWEST","10","BUENA VISTA","021","","","00000000","","CORN","CORN, GRAIN - PRODUCTION, MEASURED IN BU","TOTAL","NOT SPECIFIED","32,147,520","15.2"
"CENSUS","2017","YEAR","","COUNTY","IOWA","19","NORTHWEST","10","BUENA VISTA","021","","","00000000","","CORN","CORN, SILAGE - PRODUCTION, MEASURED IN TONS","TOTAL","NOT SPECIFIED","53,139","12.3"
"CENSUS","2017","YEAR","","COUNTY","IOWA","19","NORTHWEST","10","CHEROKEE","035","","","00000000","","CORN","CORN - OPERATIONS WITH SALES","TOTAL","NOT SPECIFIED","606","14.7"
"CENSUS","2017","YEAR","","COUNTY","IOWA","19","NORTHWEST","10","CHEROKEE","035","","","00000000","","CORN","CORN - SALES, MEASURED IN $","TOTAL","NOT SPECIFIED","90,945,000","15.7"
"CENSUS","2017","YEAR","","COUNTY","IOWA","19","NORTHWEST","10","CHEROKEE","035","","","00000000","","CORN","CORN, GRAIN - PRODUCTION, MEASURED IN BU","TOTAL","NOT SPECIFIED","28,722,320","15.2"
"CENSUS","2017","YEAR","","COUNTY","IOWA","19","NORTHWEST","10","CHEROKEE","035","","","00000000","","CORN","CORN, SILAGE - PRODUCTION, MEASURED IN TONS","TOTAL","NOT SPECIFIED","46,508","12.3"
"CENSUS","2017","YEAR","","COUNTY","IOWA","19","NORTHWEST","10","CLAY","041","","","00000000","","CORN","CORN - OPERATIONS WITH SALES","TOTAL","NOT SPECIFIED","425","14.7"
"CENSUS","2017","YEAR","","COUNTY","IOWA","19","NORTHWEST","10","CLAY","041","","","00000000","","CORN","CORN - SALES, MEASURED IN $","TOTAL","NOT SPECIFIED","93,466,000","15.7"
"CENSUS","2017","YEAR","","COUNTY","IOWA","19","NORTHWEST","10","CLAY","041","","","00000000","","CORN","CORN, GRAIN - PRODUCTION, MEASURED IN BU","TOTAL","NOT SPECIFIED","28,789,734","15.2"
"CENSUS","2017","YEAR","","COUNTY","IOWA","19","NORTHWEST","10","CLAY","041","","","00000000","","CORN","CORN, SILAGE - PRODUCTION, MEASURED IN TONS","TOTAL","NOT SPECIFIED","94,677","12.3"
"CENSUS","2017","YEAR","","COUNTY","IOWA","19","NORTHWEST","10","DICKINSON","059","","","00000000","","CORN","CORN - OPERATIONS WITH SALES","TOTAL","NOT SPECIFIED","240","14.7"
"CENSUS","2017","YEAR","","COUNTY","IOWA","19","NORTHWEST","10","DICKINSON","059","","","00000000","","CORN","CORN - SALES, MEASURED IN $","TOTAL","NOT SPECIFIED","49,631,000","15.7"
"CENSUS","2017","YEAR","","COUNTY","IOWA","19","NORTHWEST","10","DICKINSON","059","","","00000000","","CORN","CORN, GRAIN - PRODUCTION, MEASURED IN BU","TOTAL","NOT SPECIFIED","16,948,761","15.2"
"CENSUS","2017","YEAR","","COUNTY","IOWA","19","NORTHWEST","10","DICKINSON","059","","","00000000","","CORN","CORN, SILAGE - PRODUCTION, MEASURED IN TONS","TOTAL","NOT SPECIFIED","37,158","12.3"
"CENSUS","2017","YEAR","","COUNTY","IOWA","19","NORTHWEST","10","EMMET","063","","","00000000","","CORN","CORN - OPERATIONS WITH SALES","TOTAL","NOT SPECIFIED","312","14.7"
"CENSUS","2017","YEAR","","COUNTY","IOWA","19","NORTHWEST","10","EMMET","063","","","00000000","","CORN","CORN - SALES, MEASURED IN $","TOTAL","NOT SPECIFIED","72,651,000","15.7"
"CENSUS","2017","YEAR","","COUNTY","IOWA","19","NORTHWEST","10","EMMET","063","","","00000000","","CORN","CORN, GRAIN - PRODUCTION, MEASURED IN BU","TOTAL","NOT SPECIFIED","22,393,164","15.2"
"CENSUS","2017","YEAR","","COUNTY","IOWA","19","NORTHWEST","10","EMMET","063","","","00000000","","CORN","CORN, SILAGE - PRODUCTION, MEASURED IN TONS","TOTAL","NOT SPECIFIED","10,065","12.3"
"CENSUS","2017","YEAR","","COUNTY","IOWA","19","NORTHWEST","10","LYON","119","","","00000000","","CORN","CORN - OPERATIONS WITH SALES","TOTAL","NOT SPECIFIED","815","14.7"
"CENSUS","2017","YEAR","","COUNTY","IOWA","19","NORTHWEST","10","LYON","119","","","00000000","","CORN","CORN - SALES, MEASURED IN $","TOTAL","NOT SPECIFIED","119,756,000","15.7"
"CENSUS","2017","YEAR","","COUNTY","IOWA","19","NORTHWEST","10","LYON","119","","","00000000","","CORN","CORN, GRAIN - PRODUCTION, MEASURED IN BU","TOTAL","NOT SPECIFIED","35,997,363","15.2"
"CENSUS","2017","YEAR","","COUNTY","IOWA","19","NORTHWEST","10","LYON","119","","","00000000","","CORN","CORN, SILAGE - PRODUCTION, MEASURED IN TONS","TOTAL","NOT SPECIFIED","306,624","12.3"
"CENSUS","2017","YEAR","","COUNTY","IOWA","19","NORTHWEST","10","O BRIEN","141","","","00000000","","CORN","CORN - OPERATIONS WITH SALES","TOTAL","NOT SPECIFIED","657","14.7"
"CENSUS","2017","YEAR","","COUNTY","IOWA","19","NORTHWEST","10","O BRIEN","141","","","00000000","","CORN","CORN - SALES, MEASURED IN $","TOTAL","NOT SPECIFIED","102,881,000","15.7"
"CENSUS","2017","YEAR","","COUNTY","IOWA","19","NORTHWEST","10","O BRIEN","141","","","00000000","","CORN","CORN, GRAIN - PRODUCTION, MEASURED IN BU","TOTAL","NOT SPECIFIED","31,354,265","15.2"
"CENSUS","2017","YEAR","","COUNTY","IOWA","19","NORTHWEST","10","O BRIEN","141","","","00000000","","CORN","CORN, SILAGE - PRODUCTION, MEASURED IN TONS","TOTAL","NOT SPECIFIED","104,574","12.3"
"CENSUS","2017","YEAR","","COUNTY","IOWA","19","NORTHWEST","10","OSCEOLA","143","","","00000000","","CORN","CORN - OPERATIONS WITH SALES","TOTAL","NOT SPECIFIED","386","14.7"
"CENSUS","2017","YEAR","","COUNTY","IOWA","19","NORTHWEST","10","OSCEOLA","143","","","00000000","","CORN","CORN - SALES, MEASURED IN $","TOTAL","NOT SPECIFIED","75,603,000","15.7"
"CENSUS","2017","YEAR","","COUNTY","IOWA","19","NORTHWEST","10","OSCEOLA","143","","","00000000","","CORN","CORN, GRAIN - PRODUCTION, MEASURED IN BU","TOTAL","NOT SPECIFIED","24,361,877","15.2"
"CENSUS","2017","YEAR","","COUNTY","IOWA","19","NORTHWEST","10","OSCEOLA","143","","","00000000","","CORN","CORN, SILAGE - PRODUCTION, MEASURED IN TONS","TOTAL","NOT SPECIFIED","76,415","12.3"
"CENSUS","2017","YEAR","","COUNTY","IOWA","19","NORTHWEST","10","PALO ALTO","147","","","00000000","","CORN","CORN - OPERATIONS WITH SALES","TOTAL","NOT SPECIFIED","465","14.7"
"CENSUS","2017","YEAR","","COUNTY","IOWA","19","NORTHWEST","10","PALO ALTO","147","","","00000000","","CORN","CORN - SALES, MEASURED IN $","TOTAL","NOT SPECIFIED","120,941,000","15.7"
"CENSUS","2017","YEAR","","COUNTY","IOWA","19","NORTHWEST","10","PALO ALTO","147","","","00000000","","CORN","CORN, GRAIN - PRODUCTION, MEASURED IN BU","TOTAL","NOT SPECIFIED","36,464,439","15.2"
"CENSUS","2017","YEAR","","COUNTY","IOWA","19","NORTHWEST","10","PALO ALTO","147","","","00000000","","CORN","CORN, SILAGE - PRODUCTION, MEASURED IN TONS","TOTAL","NOT SPECIFIED","67,337","12.3"
"CENSUS","2017","YEAR","","COUNTY","IOWA","19","NORTHWEST","10","PLYMOUTH","149","","","00000000","","CORN","CORN - OPERATIONS WITH SALES","TOTAL","NOT SPECIFIED","835","14.7"
"CENSUS","2017","YEAR","","COUNTY","IOWA","19","NORTHWEST","10","PLYMOUTH","149","","","00000000","","CORN","CORN - SALES, MEASURED IN $","TOTAL","NOT SPECIFIED","145,640,000","15.7"
"CENSUS","2017","YEAR","","COUNTY","IOWA","19","NORTHWEST","10","PLYMOUTH","149","","","00000000","","CORN","CORN, GRAIN - PRODUCTION, MEASURED IN BU","TOTAL","NOT SPECIFIED","44,220,879","15.2"
"CENSUS","2017","YEAR","","COUNTY","IOWA","19","NORTHWEST","10","PLYMOUTH","149","","","00000000","","CORN","CORN, SILAGE - PRODUCTION, MEASURED IN TONS","TOTAL","NOT SPECIFIED","197,205","12.3"
"CENSUS","2017","YEAR","","COUNTY","IOWA","19","NORTHWEST","10","POCAHONTAS","151","","","00000000","","CORN","CORN - OPERATIONS WITH SALES","TOTAL","NOT SPECIFIED","510","14.7"
"CENSUS","2017","YEAR","","COUNTY","IOWA","19","NORTHWEST","10","POCAHONTAS","151","","","00000000","","CORN","CORN - SALES, MEASURED IN $","TOTAL","NOT SPECIFIED","101,699,000","15.7"
"CENSUS","2017","YEAR","","COUNTY","IOWA","19","NORTHWEST","10","POCAHONTAS","151","","","00000000","","CORN","CORN, GRAIN - PRODUCTION, MEASURED IN BU","TOTAL","NOT SPECIFIED","31,195,537","15.2"
"CENSUS","2017","YEAR","","COUNTY","IOWA","19","NORTHWEST","10","POCAHONTAS","151","","","00000000","","CORN","CORN, SILAGE - PRODUCTION, MEASURED IN TONS","TOTAL","NOT SPECIFIED","15,765","12.3"
"CENSUS","2017","YEAR","","COUNTY","IOWA","19","NORTHWEST","10","SIOUX","167","","","00000000","","CORN","CORN - OPERATIONS WITH SALES","TOTAL","NOT SPECIFIED","1,092","14.7"
"CENSUS","2017","YEAR","","COUNTY","IOWA","19","NORTHWEST","10","SIOUX","167","","","00000000","","CORN","CORN - SALES, MEASURED IN $","TOTAL","NOT SPECIFIED","170,557,000","15.7"
"CENSUS","2017","YEAR","","COUNTY","IOWA","19","NORTHWEST","10","SIOUX","167","","","00000000","","CORN","CORN, GRAIN - PRODUCTION, MEASURED IN BU","TOTAL","NOT SPECIFIED","47,842,705","15.2"
"CENSUS","2017","YEAR","","COUNTY","IOWA","19","NORTHWEST","10","SIOUX","167","","","00000000","","CORN","CORN, SILAGE - PRODUCTION, MEASURED IN TONS","TOTAL","NOT SPECIFIED","1,034,277","12.3"
"CENSUS","2017","YEAR","","COUNTY","IOWA","19","SOUTH CENTRAL","80","APPANOOSE","007","","","00000000","","CORN","CORN - OPERATIONS WITH SALES","TOTAL","NOT SPECIFIED","126","14.7"
"CENSUS","2017","YEAR","","COUNTY","IOWA","19","SOUTH CENTRAL","80","APPANOOSE","007","","","00000000","","CORN","CORN - SALES, MEASURED IN $","TOTAL","NOT SPECIFIED","10,384,000","15.7"
"CENSUS","2017","YEAR","","COUNTY","IOWA","19","SOUTH CENTRAL","80","APPANOOSE","007","","","00000000","","CORN","CORN, GRAIN - PRODUCTION, MEASURED IN BU","TOTAL","NOT SPECIFIED","3,196,702","15.2"
"CENSUS","2017","YEAR","","COUNTY","IOWA","19","SOUTH CENTRAL","80","APPANOOSE","007","","","00000000","","CORN","CORN, SILAGE - PRODUCTION, MEASURED IN TONS","TOTAL","NOT SPECIFIED","6,646","12.3"
"CENSUS","2017","YEAR","","COUNTY","IOWA","19","SOUTH CENTRAL","80","CLARKE","039","","","00000000","","CORN","CORN - OPERATIONS WITH SALES","TOTAL","NOT SPECIFIED","154","14.7"
"CENSUS","2017","YEAR","","COUNTY","IOWA","19","SOUTH CENTRAL","80","CLARKE","039","","","00000000","","CORN","CORN - SALES, MEASURED IN $","TOTAL","NOT SPECIFIED","10,163,000","15.7"
"CENSUS","2017","YEAR","","COUNTY","IOWA","19","SOUTH CENTRAL","80","CLARKE","039","","","00000000","","CORN","CORN, GRAIN - PRODUCTION, MEASURED IN BU","TOTAL","NOT SPECIFIED","2,910,128","15.2"
"CENSUS","2017","YEAR","","COUNTY","IOWA","19","SOUTH CENTRAL","80","CLARKE","039","","","00000000","","CORN","CORN, SILAGE - PRODUCTION, MEASURED IN TONS","TOTAL","NOT SPECIFIED","38,651","12.3"
"CENSUS","2017","YEAR","","COUNTY","IOWA","19","SOUTH CENTRAL","80","DECATUR","053","","","00000000","","CORN","CORN - OPERATIONS WITH SALES","TOTAL","NOT SPECIFIED","151","14.7"
"CENSUS","2017","YEAR","","COUNTY","IOWA","19","SOUTH CENTRAL","80","DECATUR","053","","","00000000","","CORN","CORN - SALES, MEASURED IN $","TOTAL","NOT SPECIFIED","16,936,000","15.7"
"CENSUS","2017","YEAR","","COUNTY","IOWA","19","SOUTH CENTRAL","80","DECATUR","053","","","00000000","","CORN","CORN, GRAIN - PRODUCTION, MEASURED IN BU","TOTAL","NOT SPECIFIED","5,394,470","15.2"
"CENSUS","2017","YEAR","","COUNTY","IOWA","19","SOUTH CENTRAL","80","DECATUR","053","","","00000000","","CORN","CORN, SILAGE - PRODUCTION, MEASURED IN TONS","TOTAL","NOT SPECIFIED","22,173","12.3"
"CENSUS","2017","YEAR","","COUNTY","IOWA","19","SOUTH CENTRAL","80","LUCAS","117","","","00000000","","CORN","CORN - OPERATIONS WITH SALES","TOTAL","NOT SPECIFIED","107","14.7"
"CENSUS","2017","YEAR","","COUNTY","IOWA","19","SOUTH CENTRAL","80","LUCAS","117","","","00000000","","CORN","CORN - SALES, MEASURED IN $","TOTAL","NOT SPECIFIED","10,377,000","15.7"
"CENSUS","2017","YEAR","","COUNTY","IOWA","19","SOUTH CENTRAL","80","LUCAS","117","","","00000000","","CORN","CORN, GRAIN - PRODUCTION, MEASURED IN BU","TOTAL","NOT SPECIFIED","3,259,993","15.2"
"CENSUS","2017","YEAR","","COUNTY","IOWA","19","SOUTH CENTRAL","80","LUCAS","117","","","00000000","","CORN","CORN, SILAGE - PRODUCTION, MEASURED IN TONS","TOTAL","NOT SPECIFIED","10,661","12.3"
"CENSUS","2017","YEAR","","COUNTY","IOWA","19","SOUTH CENTRAL","80","MADISON","121","","","00000000","","CORN","CORN - OPERATIONS WITH SALES","TOTAL","NOT SPECIFIED","306","14.7"
"CENSUS","2017","YEAR","","COUNTY","IOWA","19","SOUTH CENTRAL","80","MADISON","121","","","00000000","","CORN","CORN - SALES, MEASURED IN $","TOTAL","NOT SPECIFIED","33,541,000","15.7"
"CENSUS","2017","YEAR","","COUNTY","IOWA","19","SOUTH CENTRAL","80","MADISON","121","","","00000000","","CORN","CORN, GRAIN - PRODUCTION, MEASURED IN BU","TOTAL","NOT SPECIFIED","10,456,013","15.2"
"CENSUS","2017","YEAR","","COUNTY","IOWA","19","SOUTH CENTRAL","80","MADISON","121","","","00000000","","CORN","CORN, SILAGE - PRODUCTION, MEASURED IN TONS","TOTAL","NOT SPECIFIED","21,536","12.3"
"CENSUS","2017","YEAR","","COUNTY","IOWA","19","SOUTH CENTRAL","80","MARION","125","","","00000000","","CORN","CORN - OPERATIONS WITH SALES","TOTAL","NOT SPECIFIED","337","14.7"
"CENSUS","2017","YEAR","","COUNTY","IOWA","19","SOUTH CENTRAL","80","MARION","125","","","00000000","","CORN","CORN - SALES, MEASURED IN $","TOTAL","NOT SPECIFIED","41,036,000","15.7"
"CENSUS","2017","YEAR","","COUNTY","IOWA","19","SOUTH CENTRAL","80","MARION","125","","","00000000","","CORN","CORN, GRAIN - PRODUCTION, MEASURED IN BU","TOTAL","NOT SPECIFIED","12,433,106","15.2"
"CENSUS","2017","YEAR","","COUNTY","IOWA","19","SOUTH CENTRAL","80","MARION","125","","","00000000","","CORN","CORN, SILAGE - PRODUCTION, MEASURED IN TONS","TOTAL","NOT SPECIFIED","14,880","12.3"
"CENSUS","2017","YEAR","","COUNTY","IOWA","19","SOUTH CENTRAL","80","MONROE","135","","","00000000","","CORN","CORN - OPERATIONS WITH SALES","TOTAL","NOT SPECIFIED","178","14.7"
"CENSUS","2017","YEAR","","COUNTY","IOWA","19","SOUTH CENTRAL","80","MONROE","135","","","00000000","","CORN","CORN - SALES, MEASURED IN $","TOTAL","NOT SPECIFIED","15,600,000","15.7"
"CENSUS","2017","YEAR","","COUNTY","IOWA","19","SOUTH CENTRAL","80","MONROE","135","","","00000000","","CORN","CORN, GRAIN - PRODUCTION, MEASURED IN BU","TOTAL","NOT SPECIFIED","4,707,784","15.2"
"CENSUS","2017","YEAR","","COUNTY","IOWA","19","SOUTH CENTRAL","80","MONROE","135","","","00000000","","CORN","CORN, SILAGE - PRODUCTION, MEASURED IN TONS","TOTAL","NOT SPECIFIED","14,800","12.3"
"CENSUS","2017","YEAR","","COUNTY","IOWA","19","SOUTH CENTRAL","80","RINGGOLD","159","","","00000000","","CORN","CORN - OPERATIONS WITH SALES","TOTAL","NOT SPECIFIED","199","14.7"
"CENSUS","2017","YEAR","","COUNTY","IOWA","19","SOUTH CENTRAL","80","RINGGOLD","159","","","00000000","","CORN","CORN - SALES, MEASURED IN $","TOTAL","NOT SPECIFIED","22,478,000","15.7"
"CENSUS","2017","YEAR","","COUNTY","IOWA","19","SOUTH CENTRAL","80","RINGGOLD","159","","","00000000","","CORN","CORN, GRAIN - PRODUCTION, MEASURED IN BU","TOTAL","NOT SPECIFIED","6,805,718","15.2"
"CENSUS","2017","YEAR","","COUNTY","IOWA","19","SOUTH CENTRAL","80","RINGGOLD","159","","","00000000","","CORN","CORN, SILAGE - PRODUCTION, MEASURED IN TONS","TOTAL","NOT SPECIFIED","18,462","12.3"
"CENSUS","2017","YEAR","","COUNTY","IOWA","19","SOUTH CENTRAL","80","UNION","175","","","00000000","","CORN","CORN - OPERATIONS WITH SALES","TOTAL","NOT SPECIFIED","231","14.7"
"CENSUS","2017","YEAR","","COUNTY","IOWA","19","SOUTH CENTRAL","80","UNION","175","","","00000000","","CORN","CORN - SALES, MEASURED IN $","TOTAL","NOT SPECIFIED","26,997,000","15.7"
"CENSUS","2017","YEAR","","COUNTY","IOWA","19","SOUTH CENTRAL","80","UNION","175","","","00000000","","CORN","CORN, GRAIN - PRODUCTION, MEASURED IN BU","TOTAL","NOT SPECIFIED","8,425,585","15.2"
"CENSUS","2017","YEAR","","COUNTY","IOWA","19","SOUTH CENTRAL","80","UNION","175","","","00000000","","CORN","CORN, SILAGE - PRODUCTION, MEASURED IN TONS","TOTAL","NOT SPECIFIED","16,960","12.3"
"CENSUS","2017","YEAR","","COUNTY","IOWA","19","SOUTH CENTRAL","80","WARREN","181","","","00000000","","CORN","CORN - OPERATIONS WITH SALES","TOTAL","NOT SPECIFIED","336","14.7"
"CENSUS","2017","YEAR","","COUNTY","IOWA","19","SOUTH CENTRAL","80","WARREN","181","","","00000000","","CORN","CORN - SALES, MEASURED IN $","TOTAL","NOT SPECIFIED","32,381,000","15.7"
"CENSUS","2017","YEAR","","COUNTY","IOWA","19","SOUTH CENTRAL","80","WARREN","181","","","00000000","","CORN","CORN, GRAIN - PRODUCTION, MEASURED IN BU","TOTAL","NOT SPECIFIED","10,404,982","15.2"
"CENSUS","2017","YEAR","","COUNTY","IOWA","19","SOUTH CENTRAL","80","WARREN","181","","","00000000","","CORN","CORN, SILAGE - PRODUCTION, MEASURED IN TONS","TOTAL","NOT SPECIFIED","11,622","12.3"
"CENSUS","2017","YEAR","","COUNTY","IOWA","19","SOUTH CENTRAL","80","WAYNE","185","","","00000000","","CORN","CORN - OPERATIONS WITH SALES","TOTAL","NOT SPECIFIED","169","14.7"
"CENSUS","2017","YEAR","","COUNTY","IOWA","19","SOUTH CENTRAL","80","WAYNE","185","","","00000000","","CORN","CORN - SALES, MEASURED IN $","TOTAL","NOT SPECIFIED","22,444,000","15.7"
"CENSUS","2017","YEAR","","COUNTY","IOWA","19","SOUTH CENTRAL","80","WAYNE","185","","","00000000","","CORN","CORN, GRAIN - PRODUCTION, MEASURED IN BU","TOTAL","NOT SPECIFIED","6,804,325","15.2"
"CENSUS","2017","YEAR","","COUNTY","IOWA","19","SOUTH CENTRAL","80","WAYNE","185","","","00000000","","CORN","CORN, SILAGE - PRODUCTION, MEASURED IN TONS","TOTAL","NOT SPECIFIED","16,177","12.3"
"CENSUS","2017","YEAR","","COUNTY","IOWA","19","SOUTHEAST","90","DAVIS","051","","","00000000","","CORN","CORN - OPERATIONS WITH SALES","TOTAL","NOT SPECIFIED","211","14.7"
"CENSUS","2017","YEAR","","COUNTY","IOWA","19","SOUTHEAST","90","DAVIS","051","","","00000000","","CORN","CORN - SALES, MEASURED IN $","TOTAL","NOT SPECIFIED","13,237,000","15.7"
"CENSUS","2017","YEAR","","COUNTY","IOWA","19","SOUTHEAST","90","DAVIS","051","","","00000000","","CORN","CORN, GRAIN - PRODUCTION, MEASURED IN BU","TOTAL","NOT SPECIFIED","3,605,135","15.2"
"CENSUS","2017","YEAR","","COUNTY","IOWA","19","SOUTHEAST","90","DAVIS","051","","","00000000","","CORN","CORN, SILAGE - PRODUCTION, MEASURED IN TONS","TOTAL","NOT SPECIFIED","55,348","12.3"
"CENSUS","2017","YEAR","","COUNTY","IOWA","19","SOUTHEAST","90","DES MOINES","057","","","00000000","","CORN","CORN - OPERATIONS WITH SALES","TOTAL","NOT SPECIFIED","312","14.7"
"CENSUS","2017","YEAR","","COUNTY","IOWA","19","SOUTHEAST","90","DES MOINES","057","","","00000000","","CORN","CORN - SALES, MEASURED IN $","TOTAL","NOT SPECIFIED","47,673,000","15.7"
"CENSUS","2017","YEAR","","COUNTY","IOWA","19","SOUTHEAST","90","DES MOINES","057","","","00000000","","CORN","CORN, GRAIN - PRODUCTION, MEASURED IN BU","TOTAL","NOT SPECIFIED","13,459,285","15.2"
"CENSUS","2017","YEAR","","COUNTY","IOWA","19","SOUTHEAST","90","DES MOINES","057","","","00000000","","CORN","CORN, SILAGE - PRODUCTION, MEASURED IN TONS","TOTAL","NOT SPECIFIED","5,359","12.3"
"CENSUS","2017","YEAR","","COUNTY","IOWA","19","SOUTHEAST","90","HENRY","087","","","00000000","","CORN","CORN - OPERATIONS WITH SALES","TOTAL","NOT SPECIFIED","379","14.7"
"CENSUS","2017","YEAR","","COUNTY","IOWA","19","SOUTHEAST","90","HENRY","087","","","00000000","","CORN","CORN - SALES, MEASURED IN $","TOTAL","NOT SPECIFIED","58,826,000","15.7"
"CENSUS","2017","YEAR","","COUNTY","IOWA","19","SOUTHEAST","90","HENRY","087","","","00000000","","CORN","CORN, GRAIN - PRODUCTION, MEASURED IN BU","TOTAL","NOT SPECIFIED","17,444,970","15.2"
"CENSUS","2017","YEAR","","COUNTY","IOWA","19","SOUTHEAST","90","HENRY","087","","","00000000","","CORN","CORN, SILAGE - PRODUCTION, MEASURED IN TONS","TOTAL","NOT SPECIFIED","12,024","12.3"
"CENSUS","2017","YEAR","","COUNTY","IOWA","19","SOUTHEAST","90","JEFFERSON","101","","","00000000","","CORN","CORN - OPERATIONS WITH SALES","TOTAL","NOT SPECIFIED","215","14.7"
"CENSUS","2017","YEAR","","COUNTY","IOWA","19","SOUTHEAST","90","JEFFERSON","101","","","00000000","","CORN","CORN - SALES, MEASURED IN $","TOTAL","NOT SPECIFIED","39,439,000","15.7"
"CENSUS","2017","YEAR","","COUNTY","IOWA","19","SOUTHEAST","90","JEFFERSON","101","","","00000000","","CORN","CORN, GRAIN - PRODUCTION, MEASURED IN BU","TOTAL","NOT SPECIFIED","11,820,888","15.2"
"CENSUS","2017","YEAR","","COUNTY","IOWA","19","SOUTHEAST","90","JEFFERSON","101","","","00000000","","CORN","CORN, SILAGE - PRODUCTION, MEASURED IN TONS","TOTAL","NOT SPECIFIED","17,314","12.3"
"CENSUS","2017","YEAR","","COUNTY","IOWA","19","SOUTHEAST","90","KEOKUK","107","","","00000000","","CORN","CORN - OPERATIONS WITH SALES","TOTAL","NOT SPECIFIED","451","14.7"
"CENSUS","2017","YEAR","","COUNTY","IOWA","19","SOUTHEAST","90","KEOKUK","107","","","00000000","","CORN","CORN - SALES, MEASURED IN $","TOTAL","NOT SPECIFIED","65,366,000","15.7"
"CENSUS","2017","YEAR","","COUNTY","IOWA","19","SOUTHEAST","90","KEOKUK","107","","","00000000","","CORN","CORN, GRAIN - PRODUCTION, MEASURED IN BU","TOTAL","NOT SPECIFIED","19,657,188","15.2"
"CENSUS","2017","YEAR","","COUNTY","IOWA","19","SOUTHEAST","90","KEOKUK","107","","","00000000","","CORN","CORN, SILAGE - PRODUCTION, MEASURED IN TONS","TOTAL","NOT SPECIFIED","81,479","12.3"
"CENSUS","2017","YEAR","","COUNTY","IOWA","19","SOUTHEAST","90","LEE","111","","","00000000","","CORN","CORN - OPERATIONS WITH SALES","TOTAL","NOT SPECIFIED","363","14.7"
"CENSUS","2017","YEAR","","COUNTY","IOWA","19","SOUTHEAST","90","LEE","111","","","00000000","","CORN","CORN - SALES, MEASURED IN $","TOTAL","NOT SPECIFIED","39,874,000","15.7"
"CENSUS","2017","YEAR","","COUNTY","IOWA","19","SOUTHEAST","90","LEE","111","","","00000000","","CORN","CORN, GRAIN - PRODUCTION, MEASURED IN BU","TOTAL","NOT SPECIFIED","12,133,688","15.2"
"CENSUS","2017","YEAR","","COUNTY","IOWA","19","SOUTHEAST","90","LEE","111","","","00000000","","CORN","CORN, SILAGE - PRODUCTION, MEASURED IN TONS","TOTAL","NOT SPECIFIED","14,051","12.3"
"CENSUS","2017","YEAR","","COUNTY","IOWA","19","SOUTHEAST","90","LOUISA","115","","","00000000","","CORN","CORN - OPERATIONS WITH SALES","TOTAL","NOT SPECIFIED","265","14.7"
"CENSUS","2017","YEAR","","COUNTY","IOWA","19","SOUTHEAST","90","LOUISA","115","","","00000000","","CORN","CORN - SALES, MEASURED IN $","TOTAL","NOT SPECIFIED","55,135,000","15.7"
"CENSUS","2017","YEAR","","COUNTY","IOWA","19","SOUTHEAST","90","LOUISA","115","","","00000000","","CORN","CORN, GRAIN - PRODUCTION, MEASURED IN BU","TOTAL","NOT SPECIFIED","16,939,155","15.2"
"CENSUS","2017","YEAR","","COUNTY","IOWA","19","SOUTHEAST","90","LOUISA","115","","","00000000","","CORN","CORN, SILAGE - PRODUCTION, MEASURED IN TONS","TOTAL","NOT SPECIFIED","2,522","12.3"
"CENSUS","2017","YEAR","","COUNTY","IOWA","19","SOUTHEAST","90","MAHASKA","123","","","00000000","","CORN","CORN - OPERATIONS WITH SALES","TOTAL","NOT SPECIFIED","476","14.7"
"CENSUS","2017","YEAR","","COUNTY","IOWA","19","SOUTHEAST","90","MAHASKA","123","","","00000000","","CORN","CORN - SALES, MEASURED IN $","TOTAL","NOT SPECIFIED","72,804,000","15.7"
"CENSUS","2017","YEAR","","COUNTY","IOWA","19","SOUTHEAST","90","MAHASKA","123","","","00000000","","CORN","CORN, GRAIN - PRODUCTION, MEASURED IN BU","TOTAL","NOT SPECIFIED","21,282,486","15.2"
"CENSUS","2017","YEAR","","COUNTY","IOWA","19","SOUTHEAST","90","MAHASKA","123","","","00000000","","CORN","CORN, SILAGE - PRODUCTION, MEASURED IN TONS","TOTAL","NOT SPECIFIED","37,808","12.3"
"CENSUS","2017","YEAR","","COUNTY","IOWA","19","SOUTHEAST","90","VAN BUREN","177","","","00000000","","CORN","CORN - OPERATIONS WITH SALES","TOTAL","NOT SPECIFIED","215","14.7"
"CENSUS","2017","YEAR","","COUNTY","IOWA","19","SOUTHEAST","90","VAN BUREN","177","","","00000000","","CORN","CORN - SALES, MEASURED IN $","TOTAL","NOT SPECIFIED","20,745,000","15.7"
"CENSUS","2017","YEAR","","COUNTY","IOWA","19","SOUTHEAST","90","VAN BUREN","177","","","00000000","","CORN","CORN, GRAIN - PRODUCTION, MEASURED IN BU","TOTAL","NOT SPECIFIED","6,285,077","15.2"
"CENSUS","2017","YEAR","","COUNTY","IOWA","19","SOUTHEAST","90","VAN BUREN","177","","","00000000","","CORN","CORN, SILAGE - PRODUCTION, MEASURED IN TONS","TOTAL","NOT SPECIFIED","22,671","12.3"
"CENSUS","2017","YEAR","","COUNTY","IOWA","19","SOUTHEAST","90","WAPELLO","179","","","00000000","","CORN","CORN - OPERATIONS WITH SALES","TOTAL","NOT SPECIFIED","223","14.7"
"CENSUS","2017","YEAR","","COUNTY","IOWA","19","SOUTHEAST","90","WAPELLO","179","","","00000000","","CORN","CORN - SALES, MEASURED IN $","TOTAL","NOT SPECIFIED","31,829,000","15.7"
"CENSUS","2017","YEAR","","COUNTY","IOWA","19","SOUTHEAST","90","WAPELLO","179","","","00000000","","CORN","CORN, GRAIN - PRODUCTION, MEASURED IN BU","TOTAL","NOT SPECIFIED","9,362,791","15.2"
"CENSUS","2017","YEAR","","COUNTY","IOWA","19","SOUTHEAST","90","WAPELLO","179","","","00000000","","CORN","CORN, SILAGE - PRODUCTION, MEASURED IN TONS","TOTAL","NOT SPECIFIED","21,788","12.3"
"CENSUS","2017","YEAR","","COUNTY","IOWA","19","SOUTHEAST","90","WASHINGTON","183","","","00000000","","CORN","CORN - OPERATIONS WITH SALES","TOTAL","NOT SPECIFIED","550","14.7"
"CENSUS","2017","YEAR","","COUNTY","IOWA","19","SOUTHEAST","90","WASHINGTON","183","","","00000000","","CORN","CORN - SALES, MEASURED IN $","TOTAL","NOT SPECIFIED","81,581,000","15.7"
"CENSUS","2017","YEAR","","COUNTY","IOWA","19","SOUTHEAST","90","WASHINGTON","183","","","00000000","","CORN","CORN, GRAIN - PRODUCTION, MEASURED IN BU","TOTAL","NOT SPECIFIED","25,032,161","15.2"
"CENSUS","2017","YEAR","","COUNTY","IOWA","19","SOUTHEAST","90","WASHINGTON","183","","","00000000","","CORN","CORN, SILAGE - PRODUCTION, MEASURED IN TONS","TOTAL","NOT SPECIFIED","38,541","12.3"
"CENSUS","2017","YEAR","","COUNTY","IOWA","19","SOUTHWEST","70","ADAIR","001","","","00000000","","CORN","CORN - OPERATIONS WITH SALES","TOTAL","NOT SPECIFIED","377","14.7"
"CENSUS","2017","YEAR","","COUNTY","IOWA","19","SOUTHWEST","70","ADAIR","001","","","00000000","","CORN","CORN - SALES, MEASURED IN $","TOTAL","NOT SPECIFIED","51,777,000","15.7"
"CENSUS","2017","YEAR","","COUNTY","IOWA","19","SOUTHWEST","70","ADAIR","001","","","00000000","","CORN","CORN, GRAIN - PRODUCTION, MEASURED IN BU","TOTAL","NOT SPECIFIED","15,907,191","15.2"
"CENSUS","2017","YEAR","","COUNTY","IOWA","19","SOUTHWEST","70","ADAIR","001","","","00000000","","CORN","CORN, SILAGE - PRODUCTION, MEASURED IN TONS","TOTAL","NOT SPECIFIED","37,037","12.3"
"CENSUS","2017","YEAR","","COUNTY","IOWA","19","SOUTHWEST","70","ADAMS","003","","","00000000","","CORN","CORN - OPERATIONS WITH SALES","TOTAL","NOT SPECIFIED","215","14.7"
"CENSUS","2017","YEAR","","COUNTY","IOWA","19","SOUTHWEST","70","ADAMS","003","","","00000000","","CORN","CORN - SALES, MEASURED IN $","TOTAL","NOT SPECIFIED","33,595,000","15.7"
"CENSUS","2017","YEAR","","COUNTY","IOWA","19","SOUTHWEST","70","ADAMS","003","","","00000000","","CORN","CORN, GRAIN - PRODUCTION, MEASURED IN BU","TOTAL","NOT SPECIFIED","10,464,614","15.2"
"CENSUS","2017","YEAR","","COUNTY","IOWA","19","SOUTHWEST","70","ADAMS","003","","","00000000","","CORN","CORN, SILAGE - PRODUCTION, MEASURED IN TONS","TOTAL","NOT SPECIFIED","10,132","12.3"
"CENSUS","2017","YEAR","","COUNTY","IOWA","19","SOUTHWEST","70","CASS","029","","","00000000","","CORN","CORN - OPERATIONS WITH SALES","TOTAL","NOT SPECIFIED","348","14.7"
"CENSUS","2017","YEAR","","COUNTY","IOWA","19","SOUTHWEST","70","CASS","029","","","00000000","","CORN","CORN - SALES, MEASURED IN $","TOTAL","NOT SPECIFIED","62,962,000","15.7"
"CENSUS","2017","YEAR","","COUNTY","IOWA","19","SOUTHWEST","70","CASS","029","","","00000000","","CORN","CORN, GRAIN - PRODUCTION, MEASURED IN BU","TOTAL","NOT SPECIFIED","19,007,802","15.2"
"CENSUS","2017","YEAR","","COUNTY","IOWA","19","SOUTHWEST","70","CASS","029","","","00000000","","CORN","CORN, SILAGE - PRODUCTION, MEASURED IN TONS","TOTAL","NOT SPECIFIED","64,338","12.3"
"CENSUS","2017","YEAR","","COUNTY","IOWA","19","SOUTHWEST","70","FREMONT","071","","","00000000","","CORN","CORN - OPERATIONS WITH SALES","TOTAL","NOT SPECIFIED","285","14.7"
"CENSUS","2017","YEAR","","COUNTY","IOWA","19","SOUTHWEST","70","FREMONT","071","","","00000000","","CORN","CORN - SALES, MEASURED IN $","TOTAL","NOT SPECIFIED","69,609,000","15.7"
"CENSUS","2017","YEAR","","COUNTY","IOWA","19","SOUTHWEST","70","FREMONT","071","","","00000000","","CORN","CORN, GRAIN - PRODUCTION, MEASURED IN BU","TOTAL","NOT SPECIFIED","21,210,110","15.2"
"CENSUS","2017","YEAR","","COUNTY","IOWA","19","SOUTHWEST","70","FREMONT","071","","","00000000","","CORN","CORN, SILAGE - PRODUCTION, MEASURED IN TONS","TOTAL","NOT SPECIFIED","2,932","12.3"
"CENSUS","2017","YEAR","","COUNTY","IOWA","19","SOUTHWEST","70","MILLS","129","","","00000000","","CORN","CORN - OPERATIONS WITH SALES","TOTAL","NOT SPECIFIED","264","14.7"
"CENSUS","2017","YEAR","","COUNTY","IOWA","19","SOUTHWEST","70","MILLS","129","","","00000000","","CORN","CORN - SALES, MEASURED IN $","TOTAL","NOT SPECIFIED","51,968,000","15.7"
"CENSUS","2017","YEAR","","COUNTY","IOWA","19","SOUTHWEST","70","MILLS","129","","","00000000","","CORN","CORN, GRAIN - PRODUCTION, MEASURED IN BU","TOTAL","NOT SPECIFIED","16,108,058","15.2"
"CENSUS","2017","YEAR","","COUNTY","IOWA","19","SOUTHWEST","70","MILLS","129","","","00000000","","CORN","CORN, SILAGE - PRODUCTION, MEASURED IN TONS","TOTAL","NOT SPECIFIED"," (D)","(D)"
"CENSUS","2017","YEAR","","COUNTY","IOWA","19","SOUTHWEST","70","MONTGOMERY","137","","","00000000","","CORN","CORN - OPERATIONS WITH SALES","TOTAL","NOT SPECIFIED","321","14.7"
"CENSUS","2017","YEAR","","COUNTY","IOWA","19","SOUTHWEST","70","MONTGOMERY","137","","","00000000","","CORN","CORN - SALES, MEASURED IN $","TOTAL","NOT SPECIFIED","53,729,000","15.7"
"CENSUS","2017","YEAR","","COUNTY","IOWA","19","SOUTHWEST","70","MONTGOMERY","137","","","00000000","","CORN","CORN, GRAIN - PRODUCTION, MEASURED IN BU","TOTAL","NOT SPECIFIED","17,435,385","15.2"
"CENSUS","2017","YEAR","","COUNTY","IOWA","19","SOUTHWEST","70","MONTGOMERY","137","","","00000000","","CORN","CORN, SILAGE - PRODUCTION, MEASURED IN TONS","TOTAL","NOT SPECIFIED","8,086","12.3"
"CENSUS","2017","YEAR","","COUNTY","IOWA","19","SOUTHWEST","70","PAGE","145","","","00000000","","CORN","CORN - OPERATIONS WITH SALES","TOTAL","NOT SPECIFIED","448","14.7"
"CENSUS","2017","YEAR","","COUNTY","IOWA","19","SOUTHWEST","70","PAGE","145","","","00000000","","CORN","CORN - SALES, MEASURED IN $","TOTAL","NOT SPECIFIED","73,163,000","15.7"
"CENSUS","2017","YEAR","","COUNTY","IOWA","19","SOUTHWEST","70","PAGE","145","","","00000000","","CORN","CORN, GRAIN - PRODUCTION, MEASURED IN BU","TOTAL","NOT SPECIFIED","22,848,331","15.2"
"CENSUS","2017","YEAR","","COUNTY","IOWA","19","SOUTHWEST","70","PAGE","145","","","00000000","","CORN","CORN, SILAGE - PRODUCTION, MEASURED IN TONS","TOTAL","NOT SPECIFIED","10,570","12.3"
"CENSUS","2017","YEAR","","COUNTY","IOWA","19","SOUTHWEST","70","POTTAWATTAMIE","155","","","00000000","","CORN","CORN - OPERATIONS WITH SALES","TOTAL","NOT SPECIFIED","691","14.7"
"CENSUS","2017","YEAR","","COUNTY","IOWA","19","SOUTHWEST","70","POTTAWATTAMIE","155","","","00000000","","CORN","CORN - SALES, MEASURED IN $","TOTAL","NOT SPECIFIED","150,644,000","15.7"
"CENSUS","2017","YEAR","","COUNTY","IOWA","19","SOUTHWEST","70","POTTAWATTAMIE","155","","","00000000","","CORN","CORN, GRAIN - PRODUCTION, MEASURED IN BU","TOTAL","NOT SPECIFIED","46,718,810","15.2"
"CENSUS","2017","YEAR","","COUNTY","IOWA","19","SOUTHWEST","70","POTTAWATTAMIE","155","","","00000000","","CORN","CORN, SILAGE - PRODUCTION, MEASURED IN TONS","TOTAL","NOT SPECIFIED","29,049","12.3"
"CENSUS","2017","YEAR","","COUNTY","IOWA","19","SOUTHWEST","70","TAYLOR","173","","","00000000","","CORN","CORN - OPERATIONS WITH SALES","TOTAL","NOT SPECIFIED","266","14.7"
"CENSUS","2017","YEAR","","COUNTY","IOWA","19","SOUTHWEST","70","TAYLOR","173","","","00000000","","CORN","CORN - SALES, MEASURED IN $","TOTAL","NOT SPECIFIED","43,153,000","15.7"
"CENSUS","2017","YEAR","","COUNTY","IOWA","19","SOUTHWEST","70","TAYLOR","173","","","00000000","","CORN","CORN, GRAIN - PRODUCTION, MEASURED IN BU","TOTAL","NOT SPECIFIED","13,452,426","15.2"
"CENSUS","2017","YEAR","","COUNTY","IOWA","19","SOUTHWEST","70","TAYLOR","173","","","00000000","","CORN","CORN, SILAGE - PRODUCTION, MEASURED IN TONS","TOTAL","NOT SPECIFIED","6,682","12.3"
"CENSUS","2017","YEAR","","COUNTY","IOWA","19","WEST CENTRAL","40","AUDUBON","009","","","00000000","","CORN","CORN - OPERATIONS WITH SALES","TOTAL","NOT SPECIFIED","282","14.7"
"CENSUS","2017","YEAR","","COUNTY","IOWA","19","WEST CENTRAL","40","AUDUBON","009","","","00000000","","CORN","CORN - SALES, MEASURED IN $","TOTAL","NOT SPECIFIED","76,975,000","15.7"
"CENSUS","2017","YEAR","","COUNTY","IOWA","19","WEST CENTRAL","40","AUDUBON","009","","","00000000","","CORN","CORN, GRAIN - PRODUCTION, MEASURED IN BU","TOTAL","NOT SPECIFIED","23,056,029","15.2"
"CENSUS","2017","YEAR","","COUNTY","IOWA","19","WEST CENTRAL","40","AUDUBON","009","","","00000000","","CORN","CORN, SILAGE - PRODUCTION, MEASURED IN TONS","TOTAL","NOT SPECIFIED","17,335","12.3"
"CENSUS","2017","YEAR","","COUNTY","IOWA","19","WEST CENTRAL","40","CALHOUN","025","","","00000000","","CORN","CORN - OPERATIONS WITH SALES","TOTAL","NOT SPECIFIED","500","14.7"
"CENSUS","2017","YEAR","","COUNTY","IOWA","19","WEST CENTRAL","40","CALHOUN","025","","","00000000","","CORN","CORN - SALES, MEASURED IN $","TOTAL","NOT SPECIFIED","106,639,000","15.7"
"CENSUS","2017","YEAR","","COUNTY","IOWA","19","WEST CENTRAL","40","CALHOUN","025","","","00000000","","CORN","CORN, GRAIN - PRODUCTION, MEASURED IN BU","TOTAL","NOT SPECIFIED","32,635,374","15.2"
"CENSUS","2017","YEAR","","COUNTY","IOWA","19","WEST CENTRAL","40","CALHOUN","025","","","00000000","","CORN","CORN, SILAGE - PRODUCTION, MEASURED IN TONS","TOTAL","NOT SPECIFIED","15,625","12.3"
"CENSUS","2017","YEAR","","COUNTY","IOWA","19","WEST CENTRAL","40","CARROLL","027","","","00000000","","CORN","CORN - OPERATIONS WITH SALES","TOTAL","NOT SPECIFIED","648","14.7"
"CENSUS","2017","YEAR","","COUNTY","IOWA","19","WEST CENTRAL","40","CARROLL","027","","","00000000","","CORN","CORN - SALES, MEASURED IN $","TOTAL","NOT SPECIFIED","114,423,000","15.7"
"CENSUS","2017","YEAR","","COUNTY","IOWA","19","WEST CENTRAL","40","CARROLL","027","","","00000000","","CORN","CORN, GRAIN - PRODUCTION, MEASURED IN BU","TOTAL","NOT SPECIFIED","35,877,638","15.2"
"CENSUS","2017","YEAR","","COUNTY","IOWA","19","WEST CENTRAL","40","CARROLL","027","","","00000000","","CORN","CORN, SILAGE - PRODUCTION, MEASURED IN TONS","TOTAL","NOT SPECIFIED","38,683","12.3"
"CENSUS","2017","YEAR","","COUNTY","IOWA","19","WEST CENTRAL","40","CRAWFORD","047","","","00000000","","CORN","CORN - OPERATIONS WITH SALES","TOTAL","NOT SPECIFIED","538","14.7"
"CENSUS","2017","YEAR","","COUNTY","IOWA","19","WEST CENTRAL","40","CRAWFORD","047","","","00000000","","CORN","CORN - SALES, MEASURED IN $","TOTAL","NOT SPECIFIED","144,379,000","15.7"
"CENSUS","2017","YEAR","","COUNTY","IOWA","19","WEST CENTRAL","40","CRAWFORD","047","","","00000000","","CORN","CORN, GRAIN - PRODUCTION, MEASURED IN BU","TOTAL","NOT SPECIFIED","45,014,557","15.2"
"CENSUS","2017","YEAR","","COUNTY","IOWA","19","WEST CENTRAL","40","CRAWFORD","047","","","00000000","","CORN","CORN, SILAGE - PRODUCTION, MEASURED IN TONS","TOTAL","NOT SPECIFIED","39,496","12.3"
"CENSUS","2017","YEAR","","COUNTY","IOWA","19","WEST CENTRAL","40","GREENE","073","","","00000000","","CORN","CORN - OPERATIONS WITH SALES","TOTAL","NOT SPECIFIED","437","14.7"
"CENSUS","2017","YEAR","","COUNTY","IOWA","19","WEST CENTRAL","40","GREENE","073","","","00000000","","CORN","CORN - SALES, MEASURED IN $","TOTAL","NOT SPECIFIED","100,431,000","15.7"
"CENSUS","2017","YEAR","","COUNTY","IOWA","19","WEST CENTRAL","40","GREENE","073","","","00000000","","CORN","CORN, GRAIN - PRODUCTION, MEASURED IN BU","TOTAL","NOT SPECIFIED","30,534,670","15.2"
"CENSUS","2017","YEAR","","COUNTY","IOWA","19","WEST CENTRAL","40","GREENE","073","","","00000000","","CORN","CORN, SILAGE - PRODUCTION, MEASURED IN TONS","TOTAL","NOT SPECIFIED","7,559","12.3"
"CENSUS","2017","YEAR","","COUNTY","IOWA","19","WEST CENTRAL","40","GUTHRIE","077","","","00000000","","CORN","CORN - OPERATIONS WITH SALES","TOTAL","NOT SPECIFIED","341","14.7"
"CENSUS","2017","YEAR","","COUNTY","IOWA","19","WEST CENTRAL","40","GUTHRIE","077","","","00000000","","CORN","CORN - SALES, MEASURED IN $","TOTAL","NOT SPECIFIED","72,008,000","15.7"
"CENSUS","2017","YEAR","","COUNTY","IOWA","19","WEST CENTRAL","40","GUTHRIE","077","","","00000000","","CORN","CORN, GRAIN - PRODUCTION, MEASURED IN BU","TOTAL","NOT SPECIFIED","22,116,973","15.2"
"CENSUS","2017","YEAR","","COUNTY","IOWA","19","WEST CENTRAL","40","GUTHRIE","077","","","00000000","","CORN","CORN, SILAGE - PRODUCTION, MEASURED IN TONS","TOTAL","NOT SPECIFIED","11,738","12.3"
"CENSUS","2017","YEAR","","COUNTY","IOWA","19","WEST CENTRAL","40","HARRISON","085","","","00000000","","CORN","CORN - OPERATIONS WITH SALES","TOTAL","NOT SPECIFIED","414","14.7"
"CENSUS","2017","YEAR","","COUNTY","IOWA","19","WEST CENTRAL","40","HARRISON","085","","","00000000","","CORN","CORN - SALES, MEASURED IN $","TOTAL","NOT SPECIFIED","108,561,000","15.7"
"CENSUS","2017","YEAR","","COUNTY","IOWA","19","WEST CENTRAL","40","HARRISON","085","","","00000000","","CORN","CORN, GRAIN - PRODUCTION, MEASURED IN BU","TOTAL","NOT SPECIFIED","33,202,086","15.2"
"CENSUS","2017","YEAR","","COUNTY","IOWA","19","WEST CENTRAL","40","HARRISON","085","","","00000000","","CORN","CORN, SILAGE - PRODUCTION, MEASURED IN TONS","TOTAL","NOT SPECIFIED","3,607","12.3"
"CENSUS","2017","YEAR","","COUNTY","IOWA","19","WEST CENTRAL","40","IDA","093","","","00000000","","CORN","CORN - OPERATIONS WITH SALES","TOTAL","NOT SPECIFIED","305","14.7"
"CENSUS","2017","YEAR","","COUNTY","IOWA","19","WEST CENTRAL","40","IDA","093","","","00000000","","CORN","CORN - SALES, MEASURED IN $","TOTAL","NOT SPECIFIED","84,657,000","15.7"
"CENSUS","2017","YEAR","","COUNTY","IOWA","19","WEST CENTRAL","40","IDA","093","","","00000000","","CORN","CORN, GRAIN - PRODUCTION, MEASURED IN BU","TOTAL","NOT SPECIFIED","25,510,287","15.2"
"CENSUS","2017","YEAR","","COUNTY","IOWA","19","WEST CENTRAL","40","IDA","093","","","00000000","","CORN","CORN, SILAGE - PRODUCTION, MEASURED IN TONS","TOTAL","NOT SPECIFIED","46,632","12.3"
"CENSUS","2017","YEAR","","COUNTY","IOWA","19","WEST CENTRAL","40","MONONA","133","","","00000000","","CORN","CORN - OPERATIONS WITH SALES","TOTAL","NOT SPECIFIED","357","14.7"
"CENSUS","2017","YEAR","","COUNTY","IOWA","19","WEST CENTRAL","40","MONONA","133","","","00000000","","CORN","CORN - SALES, MEASURED IN $","TOTAL","NOT SPECIFIED","98,079,000","15.7"
"CENSUS","2017","YEAR","","COUNTY","IOWA","19","WEST CENTRAL","40","MONONA","133","","","00000000","","CORN","CORN, GRAIN - PRODUCTION, MEASURED IN BU","TOTAL","NOT SPECIFIED","30,043,377","15.2"
"CENSUS","2017","YEAR","","COUNTY","IOWA","19","WEST CENTRAL","40","MONONA","133","","","00000000","","CORN","CORN, SILAGE - PRODUCTION, MEASURED IN TONS","TOTAL","NOT SPECIFIED","11,536","12.3"
"CENSUS","2017","YEAR","","COUNTY","IOWA","19","WEST CENTRAL","40","SAC","161","","","00000000","","CORN","CORN - OPERATIONS WITH SALES","TOTAL","NOT SPECIFIED","548","14.7"
"CENSUS","2017","YEAR","","COUNTY","IOWA","19","WEST CENTRAL","40","SAC","161","","","00000000","","CORN","CORN - SALES, MEASURED IN $","TOTAL","NOT SPECIFIED","106,946,000","15.7"
"CENSUS","2017","YEAR","","COUNTY","IOWA","19","WEST CENTRAL","40","SAC","161","","","00000000","","CORN","CORN, GRAIN - PRODUCTION, MEASURED IN BU","TOTAL","NOT SPECIFIED","32,801,418","15.2"
"CENSUS","2017","YEAR","","COUNTY","IOWA","19","WEST CENTRAL","40","SAC","161","","","00000000","","CORN","CORN, SILAGE - PRODUCTION, MEASURED IN TONS","TOTAL","NOT SPECIFIED","55,515","12.3"
"CENSUS","2017","YEAR","","COUNTY","IOWA","19","WEST CENTRAL","40","SHELBY","165","","","00000000","","CORN","CORN - OPERATIONS WITH SALES","TOTAL","NOT SPECIFIED","569","14.7"
"CENSUS","2017","YEAR","","COUNTY","IOWA","19","WEST CENTRAL","40","SHELBY","165","","","00000000","","CORN","CORN - SALES, MEASURED IN $","TOTAL","NOT SPECIFIED","116,318,000","15.7"
"CENSUS","2017","YEAR","","COUNTY","IOWA","19","WEST CENTRAL","40","SHELBY","165","","","00000000","","CORN","CORN, GRAIN - PRODUCTION, MEASURED IN BU","TOTAL","NOT SPECIFIED","34,986,412","15.2"
"CENSUS","2017","YEAR","","COUNTY","IOWA","19","WEST CENTRAL","40","SHELBY","165","","","00000000","","CORN","CORN, SILAGE - PRODUCTION, MEASURED IN TONS","TOTAL","NOT SPECIFIED","90,509","12.3"
"CENSUS","2017","YEAR","","COUNTY","IOWA","19","WEST CENTRAL","40","WOODBURY","193","","","00000000","","CORN","CORN - OPERATIONS WITH SALES","TOTAL","NOT SPECIFIED","510","14.7"
"CENSUS","2017","YEAR","","COUNTY","IOWA","19","WEST CENTRAL","40","WOODBURY","193","","","00000000","","CORN","CORN - SALES, MEASURED IN $","TOTAL","NOT SPECIFIED","116,683,000","15.7"
"CENSUS","2017","YEAR","","COUNTY","IOWA","19","WEST CENTRAL","40","WOODBURY","193","","","00000000","","CORN","CORN, GRAIN - PRODUCTION, MEASURED IN BU","TOTAL","NOT SPECIFIED","35,610,620","15.2"
"CENSUS","2017","YEAR","","COUNTY","IOWA","19","WEST CENTRAL","40","WOODBURY","193","","","00000000","","CORN","CORN, SILAGE - PRODUCTION, MEASURED IN TONS","TOTAL","NOT SPECIFIED","47,957","12.3"
"CENSUS","2012","YEAR","","COUNTY","IOWA","19","CENTRAL","50","BOONE","015","","","00000000","","CORN","CORN - OPERATIONS WITH SALES","TOTAL","NOT SPECIFIED","447","9.2"
"CENSUS","2012","YEAR","","COUNTY","IOWA","19","CENTRAL","50","BOONE","015","","","00000000","","CORN","CORN - SALES, MEASURED IN $","TOTAL","NOT SPECIFIED","162,986,000","9.6"
"CENSUS","2012","YEAR","","COUNTY","IOWA","19","CENTRAL","50","BOONE","015","","","00000000","","CORN","CORN, GRAIN - PRODUCTION, MEASURED IN BU","TOTAL","NOT SPECIFIED","25,547,788","9.0"
"CENSUS","2012","YEAR","","COUNTY","IOWA","19","CENTRAL","50","BOONE","015","","","00000000","","CORN","CORN, SILAGE - PRODUCTION, MEASURED IN TONS","TOTAL","NOT SPECIFIED","7,334","9.0"
"CENSUS","2012","YEAR","","COUNTY","IOWA","19","CENTRAL","50","DALLAS","049","","","00000000","","CORN","CORN - OPERATIONS WITH SALES","TOTAL","NOT SPECIFIED","438","9.2"
"CENSUS","2012","YEAR","","COUNTY","IOWA","19","CENTRAL","50","DALLAS","049","","","00000000","","CORN","CORN - SALES, MEASURED IN $","TOTAL","NOT SPECIFIED","119,336,000","9.6"
"CENSUS","2012","YEAR","","COUNTY","IOWA","19","CENTRAL","50","DALLAS","049","","","00000000","","CORN","CORN, GRAIN - PRODUCTION, MEASURED IN BU","TOTAL","NOT SPECIFIED","18,126,486","9.0"
"CENSUS","2012","YEAR","","COUNTY","IOWA","19","CENTRAL","50","DALLAS","049","","","00000000","","CORN","CORN, SILAGE - PRODUCTION, MEASURED IN TONS","TOTAL","NOT SPECIFIED","18,483","9.0"
"CENSUS","2012","YEAR","","COUNTY","IOWA","19","CENTRAL","50","GRUNDY","075","","","00000000","","CORN","CORN - OPERATIONS WITH SALES","TOTAL","NOT SPECIFIED","468","9.2"
"CENSUS","2012","YEAR","","COUNTY","IOWA","19","CENTRAL","50","GRUNDY","075","","","00000000","","CORN","CORN - SALES, MEASURED IN $","TOTAL","NOT SPECIFIED","185,418,000","9.6"
"CENSUS","2012","YEAR","","COUNTY","IOWA","19","CENTRAL","50","GRUNDY","075","","","00000000","","CORN","CORN, GRAIN - PRODUCTION, MEASURED IN BU","TOTAL","NOT SPECIFIED","28,001,030","9.0"
"CENSUS","2012","YEAR","","COUNTY","IOWA","19","CENTRAL","50","GRUNDY","075","","","00000000","","CORN","CORN, SILAGE - PRODUCTION, MEASURED IN TONS","TOTAL","NOT SPECIFIED","11,695","9.0"
"CENSUS","2012","YEAR","","COUNTY","IOWA","19","CENTRAL","50","HAMILTON","079","","","00000000","","CORN","CORN - OPERATIONS WITH SALES","TOTAL","NOT SPECIFIED","441","9.2"
"CENSUS","2012","YEAR","","COUNTY","IOWA","19","CENTRAL","50","HAMILTON","079","","","00000000","","CORN","CORN - SALES, MEASURED IN $","TOTAL","NOT SPECIFIED","186,511,000","9.6"
"CENSUS","2012","YEAR","","COUNTY","IOWA","19","CENTRAL","50","HAMILTON","079","","","00000000","","CORN","CORN, GRAIN - PRODUCTION, MEASURED IN BU","TOTAL","NOT SPECIFIED","28,701,703","9.0"
"CENSUS","2012","YEAR","","COUNTY","IOWA","19","CENTRAL","50","HAMILTON","079","","","00000000","","CORN","CORN, SILAGE - PRODUCTION, MEASURED IN TONS","TOTAL","NOT SPECIFIED","5,335","9.0"
"CENSUS","2012","YEAR","","COUNTY","IOWA","19","CENTRAL","50","HARDIN","083","","","00000000","","CORN","CORN - OPERATIONS WITH SALES","TOTAL","NOT SPECIFIED","493","9.2"
"CENSUS","2012","YEAR","","COUNTY","IOWA","19","CENTRAL","50","HARDIN","083","","","00000000","","CORN","CORN - SALES, MEASURED IN $","TOTAL","NOT SPECIFIED","199,572,000","9.6"
"CENSUS","2012","YEAR","","COUNTY","IOWA","19","CENTRAL","50","HARDIN","083","","","00000000","","CORN","CORN, GRAIN - PRODUCTION, MEASURED IN BU","TOTAL","NOT SPECIFIED","31,555,124","9.0"
"CENSUS","2012","YEAR","","COUNTY","IOWA","19","CENTRAL","50","HARDIN","083","","","00000000","","CORN","CORN, SILAGE - PRODUCTION, MEASURED IN TONS","TOTAL","NOT SPECIFIED","6,888","9.0"
"CENSUS","2012","YEAR","","COUNTY","IOWA","19","CENTRAL","50","JASPER","099","","","00000000","","CORN","CORN - OPERATIONS WITH SALES","TOTAL","NOT SPECIFIED","600","9.2"
"CENSUS","2012","YEAR","","COUNTY","IOWA","19","CENTRAL","50","JASPER","099","","","00000000","","CORN","CORN - SALES, MEASURED IN $","TOTAL","NOT SPECIFIED","161,585,000","9.6"
"CENSUS","2012","YEAR","","COUNTY","IOWA","19","CENTRAL","50","JASPER","099","","","00000000","","CORN","CORN, GRAIN - PRODUCTION, MEASURED IN BU","TOTAL","NOT SPECIFIED","25,348,860","9.0"
"CENSUS","2012","YEAR","","COUNTY","IOWA","19","CENTRAL","50","JASPER","099","","","00000000","","CORN","CORN, SILAGE - PRODUCTION, MEASURED IN TONS","TOTAL","NOT SPECIFIED","11,247","9.0"
"CENSUS","2012","YEAR","","COUNTY","IOWA","19","CENTRAL","50","MARSHALL","127","","","00000000","","CORN","CORN - OPERATIONS WITH SALES","TOTAL","NOT SPECIFIED","484","9.2"
"CENSUS","2012","YEAR","","COUNTY","IOWA","19","CENTRAL","50","MARSHALL","127","","","00000000","","CORN","CORN - SALES, MEASURED IN $","TOTAL","NOT SPECIFIED","148,977,000","9.6"
"CENSUS","2012","YEAR","","COUNTY","IOWA","19","CENTRAL","50","MARSHALL","127","","","00000000","","CORN","CORN, GRAIN - PRODUCTION, MEASURED IN BU","TOTAL","NOT SPECIFIED","24,486,251","9.0"
"CENSUS","2012","YEAR","","COUNTY","IOWA","19","CENTRAL","50","MARSHALL","127","","","00000000","","CORN","CORN, SILAGE - PRODUCTION, MEASURED IN TONS","TOTAL","NOT SPECIFIED","45,015","9.0"
"CENSUS","2012","YEAR","","COUNTY","IOWA","19","CENTRAL","50","POLK","153","","","00000000","","CORN","CORN - OPERATIONS WITH SALES","TOTAL","NOT SPECIFIED","322","9.2"
"CENSUS","2012","YEAR","","COUNTY","IOWA","19","CENTRAL","50","POLK","153","","","00000000","","CORN","CORN - SALES, MEASURED IN $","TOTAL","NOT SPECIFIED","90,284,000","9.6"
"CENSUS","2012","YEAR","","COUNTY","IOWA","19","CENTRAL","50","POLK","153","","","00000000","","CORN","CORN, GRAIN - PRODUCTION, MEASURED IN BU","TOTAL","NOT SPECIFIED","13,729,963","9.0"
"CENSUS","2012","YEAR","","COUNTY","IOWA","19","CENTRAL","50","POLK","153","","","00000000","","CORN","CORN, SILAGE - PRODUCTION, MEASURED IN TONS","TOTAL","NOT SPECIFIED","3,257","9.0"
"CENSUS","2012","YEAR","","COUNTY","IOWA","19","CENTRAL","50","POWESHIEK","157","","","00000000","","CORN","CORN - OPERATIONS WITH SALES","TOTAL","NOT SPECIFIED","477","9.2"
"CENSUS","2012","YEAR","","COUNTY","IOWA","19","CENTRAL","50","POWESHIEK","157","","","00000000","","CORN","CORN - SALES, MEASURED IN $","TOTAL","NOT SPECIFIED","133,523,000","9.6"
"CENSUS","2012","YEAR","","COUNTY","IOWA","19","CENTRAL","50","POWESHIEK","157","","","00000000","","CORN","CORN, GRAIN - PRODUCTION, MEASURED IN BU","TOTAL","NOT SPECIFIED","21,041,755","9.0"
"CENSUS","2012","YEAR","","COUNTY","IOWA","19","CENTRAL","50","POWESHIEK","157","","","00000000","","CORN","CORN, SILAGE - PRODUCTION, MEASURED IN TONS","TOTAL","NOT SPECIFIED","37,240","9.0"
"CENSUS","2012","YEAR","","COUNTY","IOWA","19","CENTRAL","50","STORY","169","","","00000000","","CORN","CORN - OPERATIONS WITH SALES","TOTAL","NOT SPECIFIED","473","9.2"
"CENSUS","2012","YEAR","","COUNTY","IOWA","19","CENTRAL","50","STORY","169","","","00000000","","CORN","CORN - SALES, MEASURED IN $","TOTAL","NOT SPECIFIED","164,270,000","9.6"
"CENSUS","2012","YEAR","","COUNTY","IOWA","19","CENTRAL","50","STORY","169","","","00000000","","CORN","CORN, GRAIN - PRODUCTION, MEASURED IN BU","TOTAL","NOT SPECIFIED","24,978,255","9.0"
"CENSUS","2012","YEAR","","COUNTY","IOWA","19","CENTRAL","50","STORY","169","","","00000000","","CORN","CORN, SILAGE - PRODUCTION, MEASURED IN TONS","TOTAL","NOT SPECIFIED","28,351","9.0"
"CENSUS","2012","YEAR","","COUNTY","IOWA","19","CENTRAL","50","TAMA","171","","","00000000","","CORN","CORN - OPERATIONS WITH SALES","TOTAL","NOT SPECIFIED","630","9.2"
"CENSUS","2012","YEAR","","COUNTY","IOWA","19","CENTRAL","50","TAMA","171","","","00000000","","CORN","CORN - SALES, MEASURED IN $","TOTAL","NOT SPECIFIED","183,087,000","9.6"
"CENSUS","2012","YEAR","","COUNTY","IOWA","19","CENTRAL","50","TAMA","171","","","00000000","","CORN","CORN, GRAIN - PRODUCTION, MEASURED IN BU","TOTAL","NOT SPECIFIED","28,079,377","9.0"
"CENSUS","2012","YEAR","","COUNTY","IOWA","19","CENTRAL","50","TAMA","171","","","00000000","","CORN","CORN, SILAGE - PRODUCTION, MEASURED IN TONS","TOTAL","NOT SPECIFIED","23,084","9.0"
"CENSUS","2012","YEAR","","COUNTY","IOWA","19","CENTRAL","50","WEBSTER","187","","","00000000","","CORN","CORN - OPERATIONS WITH SALES","TOTAL","NOT SPECIFIED","625","9.2"
"CENSUS","2012","YEAR","","COUNTY","IOWA","19","CENTRAL","50","WEBSTER","187","","","00000000","","CORN","CORN - SALES, MEASURED IN $","TOTAL","NOT SPECIFIED","210,500,000","9.6"
"CENSUS","2012","YEAR","","COUNTY","IOWA","19","CENTRAL","50","WEBSTER","187","","","00000000","","CORN","CORN, GRAIN - PRODUCTION, MEASURED IN BU","TOTAL","NOT SPECIFIED","33,221,339","9.0"
"CENSUS","2012","YEAR","","COUNTY","IOWA","19","CENTRAL","50","WEBSTER","187","","","00000000","","CORN","CORN, SILAGE - PRODUCTION, MEASURED IN TONS","TOTAL","NOT SPECIFIED","14,744","9.0"
"CENSUS","2012","YEAR","","COUNTY","IOWA","19","EAST CENTRAL","60","BENTON","011","","","00000000","","CORN","CORN - OPERATIONS WITH SALES","TOTAL","NOT SPECIFIED","732","9.2"
"CENSUS","2012","YEAR","","COUNTY","IOWA","19","EAST CENTRAL","60","BENTON","011","","","00000000","","CORN","CORN - SALES, MEASURED IN $","TOTAL","NOT SPECIFIED","177,030,000","9.6"
"CENSUS","2012","YEAR","","COUNTY","IOWA","19","EAST CENTRAL","60","BENTON","011","","","00000000","","CORN","CORN, GRAIN - PRODUCTION, MEASURED IN BU","TOTAL","NOT SPECIFIED","26,601,938","9.0"
"CENSUS","2012","YEAR","","COUNTY","IOWA","19","EAST CENTRAL","60","BENTON","011","","","00000000","","CORN","CORN, SILAGE - PRODUCTION, MEASURED IN TONS","TOTAL","NOT SPECIFIED","53,350","9.0"
"CENSUS","2012","YEAR","","COUNTY","IOWA","19","EAST CENTRAL","60","CEDAR","031","","","00000000","","CORN","CORN - OPERATIONS WITH SALES","TOTAL","NOT SPECIFIED","473","9.2"
"CENSUS","2012","YEAR","","COUNTY","IOWA","19","EAST CENTRAL","60","CEDAR","031","","","00000000","","CORN","CORN - SALES, MEASURED IN $","TOTAL","NOT SPECIFIED","146,384,000","9.6"
"CENSUS","2012","YEAR","","COUNTY","IOWA","19","EAST CENTRAL","60","CEDAR","031","","","00000000","","CORN","CORN, GRAIN - PRODUCTION, MEASURED IN BU","TOTAL","NOT SPECIFIED","23,472,973","9.0"
"CENSUS","2012","YEAR","","COUNTY","IOWA","19","EAST CENTRAL","60","CEDAR","031","","","00000000","","CORN","CORN, SILAGE - PRODUCTION, MEASURED IN TONS","TOTAL","NOT SPECIFIED","13,279","9.0"
"CENSUS","2012","YEAR","","COUNTY","IOWA","19","EAST CENTRAL","60","CLINTON","045","","","00000000","","CORN","CORN - OPERATIONS WITH SALES","TOTAL","NOT SPECIFIED","799","9.2"
"CENSUS","2012","YEAR","","COUNTY","IOWA","19","EAST CENTRAL","60","CLINTON","045","","","00000000","","CORN","CORN - SALES, MEASURED IN $","TOTAL","NOT SPECIFIED","187,623,000","9.6"
"CENSUS","2012","YEAR","","COUNTY","IOWA","19","EAST CENTRAL","60","CLINTON","045","","","00000000","","CORN","CORN, GRAIN - PRODUCTION, MEASURED IN BU","TOTAL","NOT SPECIFIED","30,216,046","9.0"
"CENSUS","2012","YEAR","","COUNTY","IOWA","19","EAST CENTRAL","60","CLINTON","045","","","00000000","","CORN","CORN, SILAGE - PRODUCTION, MEASURED IN TONS","TOTAL","NOT SPECIFIED","101,473","9.0"
"CENSUS","2012","YEAR","","COUNTY","IOWA","19","EAST CENTRAL","60","IOWA","095","","","00000000","","CORN","CORN - OPERATIONS WITH SALES","TOTAL","NOT SPECIFIED","482","9.2"
"CENSUS","2012","YEAR","","COUNTY","IOWA","19","EAST CENTRAL","60","IOWA","095","","","00000000","","CORN","CORN - SALES, MEASURED IN $","TOTAL","NOT SPECIFIED","118,635,000","9.6"
"CENSUS","2012","YEAR","","COUNTY","IOWA","19","EAST CENTRAL","60","IOWA","095","","","00000000","","CORN","CORN, GRAIN - PRODUCTION, MEASURED IN BU","TOTAL","NOT SPECIFIED","17,680,929","9.0"
"CENSUS","2012","YEAR","","COUNTY","IOWA","19","EAST CENTRAL","60","IOWA","095","","","00000000","","CORN","CORN, SILAGE - PRODUCTION, MEASURED IN TONS","TOTAL","NOT SPECIFIED","41,567","9.0"
"CENSUS","2012","YEAR","","COUNTY","IOWA","19","EAST CENTRAL","60","JACKSON","097","","","00000000","","CORN","CORN - OPERATIONS WITH SALES","TOTAL","NOT SPECIFIED","583","9.2"
"CENSUS","2012","YEAR","","COUNTY","IOWA","19","EAST CENTRAL","60","JACKSON","097","","","00000000","","CORN","CORN - SALES, MEASURED IN $","TOTAL","NOT SPECIFIED","78,875,000","9.6"
"CENSUS","2012","YEAR","","COUNTY","IOWA","19","EAST CENTRAL","60","JACKSON","097","","","00000000","","CORN","CORN, GRAIN - PRODUCTION, MEASURED IN BU","TOTAL","NOT SPECIFIED","12,828,578","9.0"
"CENSUS","2012","YEAR","","COUNTY","IOWA","19","EAST CENTRAL","60","JACKSON","097","","","00000000","","CORN","CORN, SILAGE - PRODUCTION, MEASURED IN TONS","TOTAL","NOT SPECIFIED","113,053","9.0"
"CENSUS","2012","YEAR","","COUNTY","IOWA","19","EAST CENTRAL","60","JOHNSON","103","","","00000000","","CORN","CORN - OPERATIONS WITH SALES","TOTAL","NOT SPECIFIED","674","9.2"
"CENSUS","2012","YEAR","","COUNTY","IOWA","19","EAST CENTRAL","60","JOHNSON","103","","","00000000","","CORN","CORN - SALES, MEASURED IN $","TOTAL","NOT SPECIFIED","109,512,000","9.6"
"CENSUS","2012","YEAR","","COUNTY","IOWA","19","EAST CENTRAL","60","JOHNSON","103","","","00000000","","CORN","CORN, GRAIN - PRODUCTION, MEASURED IN BU","TOTAL","NOT SPECIFIED","16,906,311","9.0"
"CENSUS","2012","YEAR","","COUNTY","IOWA","19","EAST CENTRAL","60","JOHNSON","103","","","00000000","","CORN","CORN, SILAGE - PRODUCTION, MEASURED IN TONS","TOTAL","NOT SPECIFIED","39,230","9.0"
"CENSUS","2012","YEAR","","COUNTY","IOWA","19","EAST CENTRAL","60","JONES","105","","","00000000","","CORN","CORN - OPERATIONS WITH SALES","TOTAL","NOT SPECIFIED","599","9.2"
"CENSUS","2012","YEAR","","COUNTY","IOWA","19","EAST CENTRAL","60","JONES","105","","","00000000","","CORN","CORN - SALES, MEASURED IN $","TOTAL","NOT SPECIFIED","121,048,000","9.6"
"CENSUS","2012","YEAR","","COUNTY","IOWA","19","EAST CENTRAL","60","JONES","105","","","00000000","","CORN","CORN, GRAIN - PRODUCTION, MEASURED IN BU","TOTAL","NOT SPECIFIED","19,370,962","9.0"
"CENSUS","2012","YEAR","","COUNTY","IOWA","19","EAST CENTRAL","60","JONES","105","","","00000000","","CORN","CORN, SILAGE - PRODUCTION, MEASURED IN TONS","TOTAL","NOT SPECIFIED","63,993","9.0"
"CENSUS","2012","YEAR","","COUNTY","IOWA","19","EAST CENTRAL","60","LINN","113","","","00000000","","CORN","CORN - OPERATIONS WITH SALES","TOTAL","NOT SPECIFIED","689","9.2"
"CENSUS","2012","YEAR","","COUNTY","IOWA","19","EAST CENTRAL","60","LINN","113","","","00000000","","CORN","CORN - SALES, MEASURED IN $","TOTAL","NOT SPECIFIED","135,015,000","9.6"
"CENSUS","2012","YEAR","","COUNTY","IOWA","19","EAST CENTRAL","60","LINN","113","","","00000000","","CORN","CORN, GRAIN - PRODUCTION, MEASURED IN BU","TOTAL","NOT SPECIFIED","20,524,317","9.0"
"CENSUS","2012","YEAR","","COUNTY","IOWA","19","EAST CENTRAL","60","LINN","113","","","00000000","","CORN","CORN, SILAGE - PRODUCTION, MEASURED IN TONS","TOTAL","NOT SPECIFIED","56,491","9.0"
"CENSUS","2012","YEAR","","COUNTY","IOWA","19","EAST CENTRAL","60","MUSCATINE","139","","","00000000","","CORN","CORN - OPERATIONS WITH SALES","TOTAL","NOT SPECIFIED","383","9.2"
"CENSUS","2012","YEAR","","COUNTY","IOWA","19","EAST CENTRAL","60","MUSCATINE","139","","","00000000","","CORN","CORN - SALES, MEASURED IN $","TOTAL","NOT SPECIFIED","85,453,000","9.6"
"CENSUS","2012","YEAR","","COUNTY","IOWA","19","EAST CENTRAL","60","MUSCATINE","139","","","00000000","","CORN","CORN, GRAIN - PRODUCTION, MEASURED IN BU","TOTAL","NOT SPECIFIED","13,310,211","9.0"
"CENSUS","2012","YEAR","","COUNTY","IOWA","19","EAST CENTRAL","60","MUSCATINE","139","","","00000000","","CORN","CORN, SILAGE - PRODUCTION, MEASURED IN TONS","TOTAL","NOT SPECIFIED","25,884","9.0"
"CENSUS","2012","YEAR","","COUNTY","IOWA","19","EAST CENTRAL","60","SCOTT","163","","","00000000","","CORN","CORN - OPERATIONS WITH SALES","TOTAL","NOT SPECIFIED","447","9.2"
"CENSUS","2012","YEAR","","COUNTY","IOWA","19","EAST CENTRAL","60","SCOTT","163","","","00000000","","CORN","CORN - SALES, MEASURED IN $","TOTAL","NOT SPECIFIED","110,599,000","9.6"
"CENSUS","2012","YEAR","","COUNTY","IOWA","19","EAST CENTRAL","60","SCOTT","163","","","00000000","","CORN","CORN, GRAIN - PRODUCTION, MEASURED IN BU","TOTAL","NOT SPECIFIED","17,005,085","9.0"
"CENSUS","2012","YEAR","","COUNTY","IOWA","19","EAST CENTRAL","60","SCOTT","163","","","00000000","","CORN","CORN, SILAGE - PRODUCTION, MEASURED IN TONS","TOTAL","NOT SPECIFIED","29,804","9.0"
"CENSUS","2012","YEAR","","COUNTY","IOWA","19","NORTH CENTRAL","20","BUTLER","023","","","00000000","","CORN","CORN - OPERATIONS WITH SALES","TOTAL","NOT SPECIFIED","617","9.2"
"CENSUS","2012","YEAR","","COUNTY","IOWA","19","NORTH CENTRAL","20","BUTLER","023","","","00000000","","CORN","CORN - SALES, MEASURED IN $","TOTAL","NOT SPECIFIED","139,066,000","9.6"
"CENSUS","2012","YEAR","","COUNTY","IOWA","19","NORTH CENTRAL","20","BUTLER","023","","","00000000","","CORN","CORN, GRAIN - PRODUCTION, MEASURED IN BU","TOTAL","NOT SPECIFIED","21,411,979","9.0"
"CENSUS","2012","YEAR","","COUNTY","IOWA","19","NORTH CENTRAL","20","BUTLER","023","","","00000000","","CORN","CORN, SILAGE - PRODUCTION, MEASURED IN TONS","TOTAL","NOT SPECIFIED","31,371","9.0"
"CENSUS","2012","YEAR","","COUNTY","IOWA","19","NORTH CENTRAL","20","CERRO GORDO","033","","","00000000","","CORN","CORN - OPERATIONS WITH SALES","TOTAL","NOT SPECIFIED","455","9.2"
"CENSUS","2012","YEAR","","COUNTY","IOWA","19","NORTH CENTRAL","20","CERRO GORDO","033","","","00000000","","CORN","CORN - SALES, MEASURED IN $","TOTAL","NOT SPECIFIED","144,047,000","9.6"
"CENSUS","2012","YEAR","","COUNTY","IOWA","19","NORTH CENTRAL","20","CERRO GORDO","033","","","00000000","","CORN","CORN, GRAIN - PRODUCTION, MEASURED IN BU","TOTAL","NOT SPECIFIED","23,386,015","9.0"
"CENSUS","2012","YEAR","","COUNTY","IOWA","19","NORTH CENTRAL","20","CERRO GORDO","033","","","00000000","","CORN","CORN, SILAGE - PRODUCTION, MEASURED IN TONS","TOTAL","NOT SPECIFIED","22,575","9.0"
"CENSUS","2012","YEAR","","COUNTY","IOWA","19","NORTH CENTRAL","20","FLOYD","067","","","00000000","","CORN","CORN - OPERATIONS WITH SALES","TOTAL","NOT SPECIFIED","517","9.2"
"CENSUS","2012","YEAR","","COUNTY","IOWA","19","NORTH CENTRAL","20","FLOYD","067","","","00000000","","CORN","CORN - SALES, MEASURED IN $","TOTAL","NOT SPECIFIED","130,087,000","9.6"
"CENSUS","2012","YEAR","","COUNTY","IOWA","19","NORTH CENTRAL","20","FLOYD","067","","","00000000","","CORN","CORN, GRAIN - PRODUCTION, MEASURED IN BU","TOTAL","NOT SPECIFIED","19,924,497","9.0"
"CENSUS","2012","YEAR","","COUNTY","IOWA","19","NORTH CENTRAL","20","FLOYD","067","","","00000000","","CORN","CORN, SILAGE - PRODUCTION, MEASURED IN TONS","TOTAL","NOT SPECIFIED","77,697","9.0"
"CENSUS","2012","YEAR","","COUNTY","IOWA","19","NORTH CENTRAL","20","FRANKLIN","069","","","00000000","","CORN","CORN - OPERATIONS WITH SALES","TOTAL","NOT SPECIFIED","545","9.2"
"CENSUS","2012","YEAR","","COUNTY","IOWA","19","NORTH CENTRAL","20","FRANKLIN","069","","","00000000","","CORN","CORN - SALES, MEASURED IN $","TOTAL","NOT SPECIFIED","192,845,000","9.6"
"CENSUS","2012","YEAR","","COUNTY","IOWA","19","NORTH CENTRAL","20","FRANKLIN","069","","","00000000","","CORN","CORN, GRAIN - PRODUCTION, MEASURED IN BU","TOTAL","NOT SPECIFIED","31,174,310","9.0"
"CENSUS","2012","YEAR","","COUNTY","IOWA","19","NORTH CENTRAL","20","FRANKLIN","069","","","00000000","","CORN","CORN, SILAGE - PRODUCTION, MEASURED IN TONS","TOTAL","NOT SPECIFIED","17,067","9.0"
"CENSUS","2012","YEAR","","COUNTY","IOWA","19","NORTH CENTRAL","20","HANCOCK","081","","","00000000","","CORN","CORN - OPERATIONS WITH SALES","TOTAL","NOT SPECIFIED","559","9.2"
"CENSUS","2012","YEAR","","COUNTY","IOWA","19","NORTH CENTRAL","20","HANCOCK","081","","","00000000","","CORN","CORN - SALES, MEASURED IN $","TOTAL","NOT SPECIFIED","173,603,000","9.6"
"CENSUS","2012","YEAR","","COUNTY","IOWA","19","NORTH CENTRAL","20","HANCOCK","081","","","00000000","","CORN","CORN, GRAIN - PRODUCTION, MEASURED IN BU","TOTAL","NOT SPECIFIED","27,457,463","9.0"
"CENSUS","2012","YEAR","","COUNTY","IOWA","19","NORTH CENTRAL","20","HANCOCK","081","","","00000000","","CORN","CORN, SILAGE - PRODUCTION, MEASURED IN TONS","TOTAL","NOT SPECIFIED","20,833","9.0"
"CENSUS","2012","YEAR","","COUNTY","IOWA","19","NORTH CENTRAL","20","HUMBOLDT","091","","","00000000","","CORN","CORN - OPERATIONS WITH SALES","TOTAL","NOT SPECIFIED","365","9.2"
"CENSUS","2012","YEAR","","COUNTY","IOWA","19","NORTH CENTRAL","20","HUMBOLDT","091","","","00000000","","CORN","CORN - SALES, MEASURED IN $","TOTAL","NOT SPECIFIED","117,227,000","9.6"
"CENSUS","2012","YEAR","","COUNTY","IOWA","19","NORTH CENTRAL","20","HUMBOLDT","091","","","00000000","","CORN","CORN, GRAIN - PRODUCTION, MEASURED IN BU","TOTAL","NOT SPECIFIED","17,641,270","9.0"
"CENSUS","2012","YEAR","","COUNTY","IOWA","19","NORTH CENTRAL","20","HUMBOLDT","091","","","00000000","","CORN","CORN, SILAGE - PRODUCTION, MEASURED IN TONS","TOTAL","NOT SPECIFIED","29,327","9.0"
"CENSUS","2012","YEAR","","COUNTY","IOWA","19","NORTH CENTRAL","20","KOSSUTH","109","","","00000000","","CORN","CORN - OPERATIONS WITH SALES","TOTAL","NOT SPECIFIED","947","9.2"
"CENSUS","2012","YEAR","","COUNTY","IOWA","19","NORTH CENTRAL","20","KOSSUTH","109","","","00000000","","CORN","CORN - SALES, MEASURED IN $","TOTAL","NOT SPECIFIED","331,605,000","9.6"
"CENSUS","2012","YEAR","","COUNTY","IOWA","19","NORTH CENTRAL","20","KOSSUTH","109","","","00000000","","CORN","CORN, GRAIN - PRODUCTION, MEASURED IN BU","TOTAL","NOT SPECIFIED","52,626,166","9.0"
"CENSUS","2012","YEAR","","COUNTY","IOWA","19","NORTH CENTRAL","20","KOSSUTH","109","","","00000000","","CORN","CORN, SILAGE - PRODUCTION, MEASURED IN TONS","TOTAL","NOT SPECIFIED","46,902","9.0"
"CENSUS","2012","YEAR","","COUNTY","IOWA","19","NORTH CENTRAL","20","MITCHELL","131","","","00000000","","CORN","CORN - OPERATIONS WITH SALES","TOTAL","NOT SPECIFIED","593","9.2"
"CENSUS","2012","YEAR","","COUNTY","IOWA","19","NORTH CENTRAL","20","MITCHELL","131","","","00000000","","CORN","CORN - SALES, MEASURED IN $","TOTAL","NOT SPECIFIED","117,814,000","9.6"
"CENSUS","2012","YEAR","","COUNTY","IOWA","19","NORTH CENTRAL","20","MITCHELL","131","","","00000000","","CORN","CORN, GRAIN - PRODUCTION, MEASURED IN BU","TOTAL","NOT SPECIFIED","18,570,305","9.0"
"CENSUS","2012","YEAR","","COUNTY","IOWA","19","NORTH CENTRAL","20","MITCHELL","131","","","00000000","","CORN","CORN, SILAGE - PRODUCTION, MEASURED IN TONS","TOTAL","NOT SPECIFIED","95,145","9.0"
"CENSUS","2012","YEAR","","COUNTY","IOWA","19","NORTH CENTRAL","20","WINNEBAGO","189","","","00000000","","CORN","CORN - OPERATIONS WITH SALES","TOTAL","NOT SPECIFIED","361","9.2"
"CENSUS","2012","YEAR","","COUNTY","IOWA","19","NORTH CENTRAL","20","WINNEBAGO","189","","","00000000","","CORN","CORN - SALES, MEASURED IN $","TOTAL","NOT SPECIFIED","120,860,000","9.6"
"CENSUS","2012","YEAR","","COUNTY","IOWA","19","NORTH CENTRAL","20","WINNEBAGO","189","","","00000000","","CORN","CORN, GRAIN - PRODUCTION, MEASURED IN BU","TOTAL","NOT SPECIFIED","19,772,568","9.0"
"CENSUS","2012","YEAR","","COUNTY","IOWA","19","NORTH CENTRAL","20","WINNEBAGO","189","","","00000000","","CORN","CORN, SILAGE - PRODUCTION, MEASURED IN TONS","TOTAL","NOT SPECIFIED","11,049","9.0"
"CENSUS","2012","YEAR","","COUNTY","IOWA","19","NORTH CENTRAL","20","WORTH","195","","","00000000","","CORN","CORN - OPERATIONS WITH SALES","TOTAL","NOT SPECIFIED","364","9.2"
"CENSUS","2012","YEAR","","COUNTY","IOWA","19","NORTH CENTRAL","20","WORTH","195","","","00000000","","CORN","CORN - SALES, MEASURED IN $","TOTAL","NOT SPECIFIED","111,431,000","9.6"
"CENSUS","2012","YEAR","","COUNTY","IOWA","19","NORTH CENTRAL","20","WORTH","195","","","00000000","","CORN","CORN, GRAIN - PRODUCTION, MEASURED IN BU","TOTAL","NOT SPECIFIED","16,978,056","9.0"
"CENSUS","2012","YEAR","","COUNTY","IOWA","19","NORTH CENTRAL","20","WORTH","195","","","00000000","","CORN","CORN, SILAGE - PRODUCTION, MEASURED IN TONS","TOTAL","NOT SPECIFIED","8,135","9.0"
"CENSUS","2012","YEAR","","COUNTY","IOWA","19","NORTH CENTRAL","20","WRIGHT","197","","","00000000","","CORN","CORN - OPERATIONS WITH SALES","TOTAL","NOT SPECIFIED","461","9.2"
"CENSUS","2012","YEAR","","COUNTY","IOWA","19","NORTH CENTRAL","20","WRIGHT","197","","","00000000","","CORN","CORN - SALES, MEASURED IN $","TOTAL","NOT SPECIFIED","180,872,000","9.6"
"CENSUS","2012","YEAR","","COUNTY","IOWA","19","NORTH CENTRAL","20","WRIGHT","197","","","00000000","","CORN","CORN, GRAIN - PRODUCTION, MEASURED IN BU","TOTAL","NOT SPECIFIED","28,861,075","9.0"
"CENSUS","2012","YEAR","","COUNTY","IOWA","19","NORTH CENTRAL","20","WRIGHT","197","","","00000000","","CORN","CORN, SILAGE - PRODUCTION, MEASURED IN TONS","TOTAL","NOT SPECIFIED","2,553","9.0"
"CENSUS","2012","YEAR","","COUNTY","IOWA","19","NORTHEAST","30","ALLAMAKEE","005","","","00000000","","CORN","CORN - OPERATIONS WITH SALES","TOTAL","NOT SPECIFIED","433","9.2"
"CENSUS","2012","YEAR","","COUNTY","IOWA","19","NORTHEAST","30","ALLAMAKEE","005","","","00000000","","CORN","CORN - SALES, MEASURED IN $","TOTAL","NOT SPECIFIED","69,176,000","9.6"
"CENSUS","2012","YEAR","","COUNTY","IOWA","19","NORTHEAST","30","ALLAMAKEE","005","","","00000000","","CORN","CORN, GRAIN - PRODUCTION, MEASURED IN BU","TOTAL","NOT SPECIFIED","12,073,557","9.0"
"CENSUS","2012","YEAR","","COUNTY","IOWA","19","NORTHEAST","30","ALLAMAKEE","005","","","00000000","","CORN","CORN, SILAGE - PRODUCTION, MEASURED IN TONS","TOTAL","NOT SPECIFIED","158,417","9.0"
"CENSUS","2012","YEAR","","COUNTY","IOWA","19","NORTHEAST","30","BLACK HAWK","013","","","00000000","","CORN","CORN - OPERATIONS WITH SALES","TOTAL","NOT SPECIFIED","574","9.2"
"CENSUS","2012","YEAR","","COUNTY","IOWA","19","NORTHEAST","30","BLACK HAWK","013","","","00000000","","CORN","CORN - SALES, MEASURED IN $","TOTAL","NOT SPECIFIED","130,471,000","9.6"
"CENSUS","2012","YEAR","","COUNTY","IOWA","19","NORTHEAST","30","BLACK HAWK","013","","","00000000","","CORN","CORN, GRAIN - PRODUCTION, MEASURED IN BU","TOTAL","NOT SPECIFIED","19,234,326","9.0"
"CENSUS","2012","YEAR","","COUNTY","IOWA","19","NORTHEAST","30","BLACK HAWK","013","","","00000000","","CORN","CORN, SILAGE - PRODUCTION, MEASURED IN TONS","TOTAL","NOT SPECIFIED","24,361","9.0"
"CENSUS","2012","YEAR","","COUNTY","IOWA","19","NORTHEAST","30","BREMER","017","","","00000000","","CORN","CORN - OPERATIONS WITH SALES","TOTAL","NOT SPECIFIED","571","9.2"
"CENSUS","2012","YEAR","","COUNTY","IOWA","19","NORTHEAST","30","BREMER","017","","","00000000","","CORN","CORN - SALES, MEASURED IN $","TOTAL","NOT SPECIFIED","127,004,000","9.6"
"CENSUS","2012","YEAR","","COUNTY","IOWA","19","NORTHEAST","30","BREMER","017","","","00000000","","CORN","CORN, GRAIN - PRODUCTION, MEASURED IN BU","TOTAL","NOT SPECIFIED","19,372,108","9.0"
"CENSUS","2012","YEAR","","COUNTY","IOWA","19","NORTHEAST","30","BREMER","017","","","00000000","","CORN","CORN, SILAGE - PRODUCTION, MEASURED IN TONS","TOTAL","NOT SPECIFIED","67,101","9.0"
"CENSUS","2012","YEAR","","COUNTY","IOWA","19","NORTHEAST","30","BUCHANAN","019","","","00000000","","CORN","CORN - OPERATIONS WITH SALES","TOTAL","NOT SPECIFIED","694","9.2"
"CENSUS","2012","YEAR","","COUNTY","IOWA","19","NORTHEAST","30","BUCHANAN","019","","","00000000","","CORN","CORN - SALES, MEASURED IN $","TOTAL","NOT SPECIFIED","193,562,000","9.6"
"CENSUS","2012","YEAR","","COUNTY","IOWA","19","NORTHEAST","30","BUCHANAN","019","","","00000000","","CORN","CORN, GRAIN - PRODUCTION, MEASURED IN BU","TOTAL","NOT SPECIFIED","29,948,931","9.0"
"CENSUS","2012","YEAR","","COUNTY","IOWA","19","NORTHEAST","30","BUCHANAN","019","","","00000000","","CORN","CORN, SILAGE - PRODUCTION, MEASURED IN TONS","TOTAL","NOT SPECIFIED","33,453","9.0"
"CENSUS","2012","YEAR","","COUNTY","IOWA","19","NORTHEAST","30","CHICKASAW","037","","","00000000","","CORN","CORN - OPERATIONS WITH SALES","TOTAL","NOT SPECIFIED","607","9.2"
"CENSUS","2012","YEAR","","COUNTY","IOWA","19","NORTHEAST","30","CHICKASAW","037","","","00000000","","CORN","CORN - SALES, MEASURED IN $","TOTAL","NOT SPECIFIED","122,188,000","9.6"
"CENSUS","2012","YEAR","","COUNTY","IOWA","19","NORTHEAST","30","CHICKASAW","037","","","00000000","","CORN","CORN, GRAIN - PRODUCTION, MEASURED IN BU","TOTAL","NOT SPECIFIED","19,505,839","9.0"
"CENSUS","2012","YEAR","","COUNTY","IOWA","19","NORTHEAST","30","CHICKASAW","037","","","00000000","","CORN","CORN, SILAGE - PRODUCTION, MEASURED IN TONS","TOTAL","NOT SPECIFIED","68,700","9.0"
"CENSUS","2012","YEAR","","COUNTY","IOWA","19","NORTHEAST","30","CLAYTON","043","","","00000000","","CORN","CORN - OPERATIONS WITH SALES","TOTAL","NOT SPECIFIED","729","9.2"
"CENSUS","2012","YEAR","","COUNTY","IOWA","19","NORTHEAST","30","CLAYTON","043","","","00000000","","CORN","CORN - SALES, MEASURED IN $","TOTAL","NOT SPECIFIED","150,583,000","9.6"
"CENSUS","2012","YEAR","","COUNTY","IOWA","19","NORTHEAST","30","CLAYTON","043","","","00000000","","CORN","CORN, GRAIN - PRODUCTION, MEASURED IN BU","TOTAL","NOT SPECIFIED","25,144,636","9.0"
"CENSUS","2012","YEAR","","COUNTY","IOWA","19","NORTHEAST","30","CLAYTON","043","","","00000000","","CORN","CORN, SILAGE - PRODUCTION, MEASURED IN TONS","TOTAL","NOT SPECIFIED","128,651","9.0"
"CENSUS","2012","YEAR","","COUNTY","IOWA","19","NORTHEAST","30","DELAWARE","055","","","00000000","","CORN","CORN - OPERATIONS WITH SALES","TOTAL","NOT SPECIFIED","884","9.2"
"CENSUS","2012","YEAR","","COUNTY","IOWA","19","NORTHEAST","30","DELAWARE","055","","","00000000","","CORN","CORN - SALES, MEASURED IN $","TOTAL","NOT SPECIFIED","173,597,000","9.6"
"CENSUS","2012","YEAR","","COUNTY","IOWA","19","NORTHEAST","30","DELAWARE","055","","","00000000","","CORN","CORN, GRAIN - PRODUCTION, MEASURED IN BU","TOTAL","NOT SPECIFIED","28,679,110","9.0"
"CENSUS","2012","YEAR","","COUNTY","IOWA","19","NORTHEAST","30","DELAWARE","055","","","00000000","","CORN","CORN, SILAGE - PRODUCTION, MEASURED IN TONS","TOTAL","NOT SPECIFIED","240,312","9.0"
"CENSUS","2012","YEAR","","COUNTY","IOWA","19","NORTHEAST","30","DUBUQUE","061","","","00000000","","CORN","CORN - OPERATIONS WITH SALES","TOTAL","NOT SPECIFIED","853","9.2"
"CENSUS","2012","YEAR","","COUNTY","IOWA","19","NORTHEAST","30","DUBUQUE","061","","","00000000","","CORN","CORN - SALES, MEASURED IN $","TOTAL","NOT SPECIFIED","97,897,000","9.6"
"CENSUS","2012","YEAR","","COUNTY","IOWA","19","NORTHEAST","30","DUBUQUE","061","","","00000000","","CORN","CORN, GRAIN - PRODUCTION, MEASURED IN BU","TOTAL","NOT SPECIFIED","16,124,314","9.0"
"CENSUS","2012","YEAR","","COUNTY","IOWA","19","NORTHEAST","30","DUBUQUE","061","","","00000000","","CORN","CORN, SILAGE - PRODUCTION, MEASURED IN TONS","TOTAL","NOT SPECIFIED","231,493","9.0"
"CENSUS","2012","YEAR","","COUNTY","IOWA","19","NORTHEAST","30","FAYETTE","065","","","00000000","","CORN","CORN - OPERATIONS WITH SALES","TOTAL","NOT SPECIFIED","719","9.2"
"CENSUS","2012","YEAR","","COUNTY","IOWA","19","NORTHEAST","30","FAYETTE","065","","","00000000","","CORN","CORN - SALES, MEASURED IN $","TOTAL","NOT SPECIFIED","165,818,000","9.6"
"CENSUS","2012","YEAR","","COUNTY","IOWA","19","NORTHEAST","30","FAYETTE","065","","","00000000","","CORN","CORN, GRAIN - PRODUCTION, MEASURED IN BU","TOTAL","NOT SPECIFIED","26,405,606","9.0"
"CENSUS","2012","YEAR","","COUNTY","IOWA","19","NORTHEAST","30","FAYETTE","065","","","00000000","","CORN","CORN, SILAGE - PRODUCTION, MEASURED IN TONS","TOTAL","NOT SPECIFIED","141,252","9.0"
"CENSUS","2012","YEAR","","COUNTY","IOWA","19","NORTHEAST","30","HOWARD","089","","","00000000","","CORN","CORN - OPERATIONS WITH SALES","TOTAL","NOT SPECIFIED","503","9.2"
"CENSUS","2012","YEAR","","COUNTY","IOWA","19","NORTHEAST","30","HOWARD","089","","","00000000","","CORN","CORN - SALES, MEASURED IN $","TOTAL","NOT SPECIFIED","118,303,000","9.6"
"CENSUS","2012","YEAR","","COUNTY","IOWA","19","NORTHEAST","30","HOWARD","089","","","00000000","","CORN","CORN, GRAIN - PRODUCTION, MEASURED IN BU","TOTAL","NOT SPECIFIED","18,432,562","9.0"
"CENSUS","2012","YEAR","","COUNTY","IOWA","19","NORTHEAST","30","HOWARD","089","","","00000000","","CORN","CORN, SILAGE - PRODUCTION, MEASURED IN TONS","TOTAL","NOT SPECIFIED","82,965","9.0"
"CENSUS","2012","YEAR","","COUNTY","IOWA","19","NORTHEAST","30","WINNESHIEK","191","","","00000000","","CORN","CORN - OPERATIONS WITH SALES","TOTAL","NOT SPECIFIED","799","9.2"
"CENSUS","2012","YEAR","","COUNTY","IOWA","19","NORTHEAST","30","WINNESHIEK","191","","","00000000","","CORN","CORN - SALES, MEASURED IN $","TOTAL","NOT SPECIFIED","128,372,000","9.6"
"CENSUS","2012","YEAR","","COUNTY","IOWA","19","NORTHEAST","30","WINNESHIEK","191","","","00000000","","CORN","CORN, GRAIN - PRODUCTION, MEASURED IN BU","TOTAL","NOT SPECIFIED","21,137,630","9.0"
"CENSUS","2012","YEAR","","COUNTY","IOWA","19","NORTHEAST","30","WINNESHIEK","191","","","00000000","","CORN","CORN, SILAGE - PRODUCTION, MEASURED IN TONS","TOTAL","NOT SPECIFIED","217,305","9.0"
"CENSUS","2012","YEAR","","COUNTY","IOWA","19","NORTHWEST","10","BUENA VISTA","021","","","00000000","","CORN","CORN - OPERATIONS WITH SALES","TOTAL","NOT SPECIFIED","573","9.2"
"CENSUS","2012","YEAR","","COUNTY","IOWA","19","NORTHWEST","10","BUENA VISTA","021","","","00000000","","CORN","CORN - SALES, MEASURED IN $","TOTAL","NOT SPECIFIED","175,730,000","9.6"
"CENSUS","2012","YEAR","","COUNTY","IOWA","19","NORTHWEST","10","BUENA VISTA","021","","","00000000","","CORN","CORN, GRAIN - PRODUCTION, MEASURED IN BU","TOTAL","NOT SPECIFIED","26,838,986","9.0"
"CENSUS","2012","YEAR","","COUNTY","IOWA","19","NORTHWEST","10","BUENA VISTA","021","","","00000000","","CORN","CORN, SILAGE - PRODUCTION, MEASURED IN TONS","TOTAL","NOT SPECIFIED","42,252","9.0"
"CENSUS","2012","YEAR","","COUNTY","IOWA","19","NORTHWEST","10","CHEROKEE","035","","","00000000","","CORN","CORN - OPERATIONS WITH SALES","TOTAL","NOT SPECIFIED","585","9.2"
"CENSUS","2012","YEAR","","COUNTY","IOWA","19","NORTHWEST","10","CHEROKEE","035","","","00000000","","CORN","CORN - SALES, MEASURED IN $","TOTAL","NOT SPECIFIED","146,793,000","9.6"
"CENSUS","2012","YEAR","","COUNTY","IOWA","19","NORTHWEST","10","CHEROKEE","035","","","00000000","","CORN","CORN, GRAIN - PRODUCTION, MEASURED IN BU","TOTAL","NOT SPECIFIED","23,418,558","9.0"
"CENSUS","2012","YEAR","","COUNTY","IOWA","19","NORTHWEST","10","CHEROKEE","035","","","00000000","","CORN","CORN, SILAGE - PRODUCTION, MEASURED IN TONS","TOTAL","NOT SPECIFIED","57,788","9.0"
"CENSUS","2012","YEAR","","COUNTY","IOWA","19","NORTHWEST","10","CLAY","041","","","00000000","","CORN","CORN - OPERATIONS WITH SALES","TOTAL","NOT SPECIFIED","458","9.2"
"CENSUS","2012","YEAR","","COUNTY","IOWA","19","NORTHWEST","10","CLAY","041","","","00000000","","CORN","CORN - SALES, MEASURED IN $","TOTAL","NOT SPECIFIED","153,729,000","9.6"
"CENSUS","2012","YEAR","","COUNTY","IOWA","19","NORTHWEST","10","CLAY","041","","","00000000","","CORN","CORN, GRAIN - PRODUCTION, MEASURED IN BU","TOTAL","NOT SPECIFIED","23,649,926","9.0"
"CENSUS","2012","YEAR","","COUNTY","IOWA","19","NORTHWEST","10","CLAY","041","","","00000000","","CORN","CORN, SILAGE - PRODUCTION, MEASURED IN TONS","TOTAL","NOT SPECIFIED","98,002","9.0"
"CENSUS","2012","YEAR","","COUNTY","IOWA","19","NORTHWEST","10","DICKINSON","059","","","00000000","","CORN","CORN - OPERATIONS WITH SALES","TOTAL","NOT SPECIFIED","269","9.2"
"CENSUS","2012","YEAR","","COUNTY","IOWA","19","NORTHWEST","10","DICKINSON","059","","","00000000","","CORN","CORN - SALES, MEASURED IN $","TOTAL","NOT SPECIFIED","84,708,000","9.6"
"CENSUS","2012","YEAR","","COUNTY","IOWA","19","NORTHWEST","10","DICKINSON","059","","","00000000","","CORN","CORN, GRAIN - PRODUCTION, MEASURED IN BU","TOTAL","NOT SPECIFIED","13,086,381","9.0"
"CENSUS","2012","YEAR","","COUNTY","IOWA","19","NORTHWEST","10","DICKINSON","059","","","00000000","","CORN","CORN, SILAGE - PRODUCTION, MEASURED IN TONS","TOTAL","NOT SPECIFIED","79,317","9.0"
"CENSUS","2012","YEAR","","COUNTY","IOWA","19","NORTHWEST","10","EMMET","063","","","00000000","","CORN","CORN - OPERATIONS WITH SALES","TOTAL","NOT SPECIFIED","301","9.2"
"CENSUS","2012","YEAR","","COUNTY","IOWA","19","NORTHWEST","10","EMMET","063","","","00000000","","CORN","CORN - SALES, MEASURED IN $","TOTAL","NOT SPECIFIED","108,128,000","9.6"
"CENSUS","2012","YEAR","","COUNTY","IOWA","19","NORTHWEST","10","EMMET","063","","","00000000","","CORN","CORN, GRAIN - PRODUCTION, MEASURED IN BU","TOTAL","NOT SPECIFIED","17,144,234","9.0"
"CENSUS","2012","YEAR","","COUNTY","IOWA","19","NORTHWEST","10","EMMET","063","","","00000000","","CORN","CORN, SILAGE - PRODUCTION, MEASURED IN TONS","TOTAL","NOT SPECIFIED","62,681","9.0"
"CENSUS","2012","YEAR","","COUNTY","IOWA","19","NORTHWEST","10","LYON","119","","","00000000","","CORN","CORN - OPERATIONS WITH SALES","TOTAL","NOT SPECIFIED","812","9.2"
"CENSUS","2012","YEAR","","COUNTY","IOWA","19","NORTHWEST","10","LYON","119","","","00000000","","CORN","CORN - SALES, MEASURED IN $","TOTAL","NOT SPECIFIED","176,158,000","9.6"
"CENSUS","2012","YEAR","","COUNTY","IOWA","19","NORTHWEST","10","LYON","119","","","00000000","","CORN","CORN, GRAIN - PRODUCTION, MEASURED IN BU","TOTAL","NOT SPECIFIED","27,904,172","9.0"
"CENSUS","2012","YEAR","","COUNTY","IOWA","19","NORTHWEST","10","LYON","119","","","00000000","","CORN","CORN, SILAGE - PRODUCTION, MEASURED IN TONS","TOTAL","NOT SPECIFIED","257,010","9.0"
"CENSUS","2012","YEAR","","COUNTY","IOWA","19","NORTHWEST","10","O BRIEN","141","","","00000000","","CORN","CORN - OPERATIONS WITH SALES","TOTAL","NOT SPECIFIED","646","9.2"
"CENSUS","2012","YEAR","","COUNTY","IOWA","19","NORTHWEST","10","O BRIEN","141","","","00000000","","CORN","CORN - SALES, MEASURED IN $","TOTAL","NOT SPECIFIED","149,932,000","9.6"
"CENSUS","2012","YEAR","","COUNTY","IOWA","19","NORTHWEST","10","O BRIEN","141","","","00000000","","CORN","CORN, GRAIN - PRODUCTION, MEASURED IN BU","TOTAL","NOT SPECIFIED","23,508,366","9.0"
"CENSUS","2012","YEAR","","COUNTY","IOWA","19","NORTHWEST","10","O BRIEN","141","","","00000000","","CORN","CORN, SILAGE - PRODUCTION, MEASURED IN TONS","TOTAL","NOT SPECIFIED","137,185","9.0"
"CENSUS","2012","YEAR","","COUNTY","IOWA","19","NORTHWEST","10","OSCEOLA","143","","","00000000","","CORN","CORN - OPERATIONS WITH SALES","TOTAL","NOT SPECIFIED","386","9.2"
"CENSUS","2012","YEAR","","COUNTY","IOWA","19","NORTHWEST","10","OSCEOLA","143","","","00000000","","CORN","CORN - SALES, MEASURED IN $","TOTAL","NOT SPECIFIED","114,447,000","9.6"
"CENSUS","2012","YEAR","","COUNTY","IOWA","19","NORTHWEST","10","OSCEOLA","143","","","00000000","","CORN","CORN, GRAIN - PRODUCTION, MEASURED IN BU","TOTAL","NOT SPECIFIED","18,304,649","9.0"
"CENSUS","2012","YEAR","","COUNTY","IOWA","19","NORTHWEST","10","OSCEOLA","143","","","00000000","","CORN","CORN, SILAGE - PRODUCTION, MEASURED IN TONS","TOTAL","NOT SPECIFIED","66,301","9.0"
"CENSUS","2012","YEAR","","COUNTY","IOWA","19","NORTHWEST","10","PALO ALTO","147","","","00000000","","CORN","CORN - OPERATIONS WITH SALES","TOTAL","NOT SPECIFIED","508","9.2"
"CENSUS","2012","YEAR","","COUNTY","IOWA","19","NORTHWEST","10","PALO ALTO","147","","","00000000","","CORN","CORN - SALES, MEASURED IN $","TOTAL","NOT SPECIFIED","199,591,000","9.6"
"CENSUS","2012","YEAR","","COUNTY","IOWA","19","NORTHWEST","10","PALO ALTO","147","","","00000000","","CORN","CORN, GRAIN - PRODUCTION, MEASURED IN BU","TOTAL","NOT SPECIFIED","31,847,722","9.0"
"CENSUS","2012","YEAR","","COUNTY","IOWA","19","NORTHWEST","10","PALO ALTO","147","","","00000000","","CORN","CORN, SILAGE - PRODUCTION, MEASURED IN TONS","TOTAL","NOT SPECIFIED","68,356","9.0"
"CENSUS","2012","YEAR","","COUNTY","IOWA","19","NORTHWEST","10","PLYMOUTH","149","","","00000000","","CORN","CORN - OPERATIONS WITH SALES","TOTAL","NOT SPECIFIED","885","9.2"
"CENSUS","2012","YEAR","","COUNTY","IOWA","19","NORTHWEST","10","PLYMOUTH","149","","","00000000","","CORN","CORN - SALES, MEASURED IN $","TOTAL","NOT SPECIFIED","159,301,000","9.6"
"CENSUS","2012","YEAR","","COUNTY","IOWA","19","NORTHWEST","10","PLYMOUTH","149","","","00000000","","CORN","CORN, GRAIN - PRODUCTION, MEASURED IN BU","TOTAL","NOT SPECIFIED","23,767,432","9.0"
"CENSUS","2012","YEAR","","COUNTY","IOWA","19","NORTHWEST","10","PLYMOUTH","149","","","00000000","","CORN","CORN, SILAGE - PRODUCTION, MEASURED IN TONS","TOTAL","NOT SPECIFIED","206,595","9.0"
"CENSUS","2012","YEAR","","COUNTY","IOWA","19","NORTHWEST","10","POCAHONTAS","151","","","00000000","","CORN","CORN - OPERATIONS WITH SALES","TOTAL","NOT SPECIFIED","547","9.2"
"CENSUS","2012","YEAR","","COUNTY","IOWA","19","NORTHWEST","10","POCAHONTAS","151","","","00000000","","CORN","CORN - SALES, MEASURED IN $","TOTAL","NOT SPECIFIED","184,166,000","9.6"
"CENSUS","2012","YEAR","","COUNTY","IOWA","19","NORTHWEST","10","POCAHONTAS","151","","","00000000","","CORN","CORN, GRAIN - PRODUCTION, MEASURED IN BU","TOTAL","NOT SPECIFIED","28,486,444","9.0"
"CENSUS","2012","YEAR","","COUNTY","IOWA","19","NORTHWEST","10","POCAHONTAS","151","","","00000000","","CORN","CORN, SILAGE - PRODUCTION, MEASURED IN TONS","TOTAL","NOT SPECIFIED","36,602","9.0"
"CENSUS","2012","YEAR","","COUNTY","IOWA","19","NORTHWEST","10","SIOUX","167","","","00000000","","CORN","CORN - OPERATIONS WITH SALES","TOTAL","NOT SPECIFIED","1,060","9.2"
"CENSUS","2012","YEAR","","COUNTY","IOWA","19","NORTHWEST","10","SIOUX","167","","","00000000","","CORN","CORN - SALES, MEASURED IN $","TOTAL","NOT SPECIFIED","214,922,000","9.6"
"CENSUS","2012","YEAR","","COUNTY","IOWA","19","NORTHWEST","10","SIOUX","167","","","00000000","","CORN","CORN, GRAIN - PRODUCTION, MEASURED IN BU","TOTAL","NOT SPECIFIED","31,479,639","9.0"
"CENSUS","2012","YEAR","","COUNTY","IOWA","19","NORTHWEST","10","SIOUX","167","","","00000000","","CORN","CORN, SILAGE - PRODUCTION, MEASURED IN TONS","TOTAL","NOT SPECIFIED","742,293","9.0"
"CENSUS","2012","YEAR","","COUNTY","IOWA","19","SOUTH CENTRAL","80","APPANOOSE","007","","","00000000","","CORN","CORN - OPERATIONS WITH SALES","TOTAL","NOT SPECIFIED","160","9.2"
"CENSUS","2012","YEAR","","COUNTY","IOWA","19","SOUTH CENTRAL","80","APPANOOSE","007","","","00000000","","CORN","CORN - SALES, MEASURED IN $","TOTAL","NOT SPECIFIED","7,701,000","9.6"
"CENSUS","2012","YEAR","","COUNTY","IOWA","19","SOUTH CENTRAL","80","APPANOOSE","007","","","00000000","","CORN","CORN, GRAIN - PRODUCTION, MEASURED IN BU","TOTAL","NOT SPECIFIED","1,041,009","9.0"
"CENSUS","2012","YEAR","","COUNTY","IOWA","19","SOUTH CENTRAL","80","APPANOOSE","007","","","00000000","","CORN","CORN, SILAGE - PRODUCTION, MEASURED IN TONS","TOTAL","NOT SPECIFIED","29,125","9.0"
"CENSUS","2012","YEAR","","COUNTY","IOWA","19","SOUTH CENTRAL","80","CLARKE","039","","","00000000","","CORN","CORN - OPERATIONS WITH SALES","TOTAL","NOT SPECIFIED","180","9.2"
"CENSUS","2012","YEAR","","COUNTY","IOWA","19","SOUTH CENTRAL","80","CLARKE","039","","","00000000","","CORN","CORN - SALES, MEASURED IN $","TOTAL","NOT SPECIFIED","12,949,000","9.6"
"CENSUS","2012","YEAR","","COUNTY","IOWA","19","SOUTH CENTRAL","80","CLARKE","039","","","00000000","","CORN","CORN, GRAIN - PRODUCTION, MEASURED IN BU","TOTAL","NOT SPECIFIED","2,186,797","9.0"
"CENSUS","2012","YEAR","","COUNTY","IOWA","19","SOUTH CENTRAL","80","CLARKE","039","","","00000000","","CORN","CORN, SILAGE - PRODUCTION, MEASURED IN TONS","TOTAL","NOT SPECIFIED","15,898","9.0"
"CENSUS","2012","YEAR","","COUNTY","IOWA","19","SOUTH CENTRAL","80","DECATUR","053","","","00000000","","CORN","CORN - OPERATIONS WITH SALES","TOTAL","NOT SPECIFIED","165","9.2"
"CENSUS","2012","YEAR","","COUNTY","IOWA","19","SOUTH CENTRAL","80","DECATUR","053","","","00000000","","CORN","CORN - SALES, MEASURED IN $","TOTAL","NOT SPECIFIED","14,003,000","9.6"
"CENSUS","2012","YEAR","","COUNTY","IOWA","19","SOUTH CENTRAL","80","DECATUR","053","","","00000000","","CORN","CORN, GRAIN - PRODUCTION, MEASURED IN BU","TOTAL","NOT SPECIFIED","2,151,052","9.0"
"CENSUS","2012","YEAR","","COUNTY","IOWA","19","SOUTH CENTRAL","80","DECATUR","053","","","00000000","","CORN","CORN, SILAGE - PRODUCTION, MEASURED IN TONS","TOTAL","NOT SPECIFIED","23,967","9.0"
"CENSUS","2012","YEAR","","COUNTY","IOWA","19","SOUTH CENTRAL","80","LUCAS","117","","","00000000","","CORN","CORN - OPERATIONS WITH SALES","TOTAL","NOT SPECIFIED","159","9.2"
"CENSUS","2012","YEAR","","COUNTY","IOWA","19","SOUTH CENTRAL","80","LUCAS","117","","","00000000","","CORN","CORN - SALES, MEASURED IN $","TOTAL","NOT SPECIFIED","11,316,000","9.6"
"CENSUS","2012","YEAR","","COUNTY","IOWA","19","SOUTH CENTRAL","80","LUCAS","117","","","00000000","","CORN","CORN, GRAIN - PRODUCTION, MEASURED IN BU","TOTAL","NOT SPECIFIED","1,753,857","9.0"
"CENSUS","2012","YEAR","","COUNTY","IOWA","19","SOUTH CENTRAL","80","LUCAS","117","","","00000000","","CORN","CORN, SILAGE - PRODUCTION, MEASURED IN TONS","TOTAL","NOT SPECIFIED","32,840","9.0"
"CENSUS","2012","YEAR","","COUNTY","IOWA","19","SOUTH CENTRAL","80","MADISON","121","","","00000000","","CORN","CORN - OPERATIONS WITH SALES","TOTAL","NOT SPECIFIED","341","9.2"
"CENSUS","2012","YEAR","","COUNTY","IOWA","19","SOUTH CENTRAL","80","MADISON","121","","","00000000","","CORN","CORN - SALES, MEASURED IN $","TOTAL","NOT SPECIFIED","49,240,000","9.6"
"CENSUS","2012","YEAR","","COUNTY","IOWA","19","SOUTH CENTRAL","80","MADISON","121","","","00000000","","CORN","CORN, GRAIN - PRODUCTION, MEASURED IN BU","TOTAL","NOT SPECIFIED","7,438,773","9.0"
"CENSUS","2012","YEAR","","COUNTY","IOWA","19","SOUTH CENTRAL","80","MADISON","121","","","00000000","","CORN","CORN, SILAGE - PRODUCTION, MEASURED IN TONS","TOTAL","NOT SPECIFIED","20,767","9.0"
"CENSUS","2012","YEAR","","COUNTY","IOWA","19","SOUTH CENTRAL","80","MARION","125","","","00000000","","CORN","CORN - OPERATIONS WITH SALES","TOTAL","NOT SPECIFIED","378","9.2"
"CENSUS","2012","YEAR","","COUNTY","IOWA","19","SOUTH CENTRAL","80","MARION","125","","","00000000","","CORN","CORN - SALES, MEASURED IN $","TOTAL","NOT SPECIFIED","59,082,000","9.6"
"CENSUS","2012","YEAR","","COUNTY","IOWA","19","SOUTH CENTRAL","80","MARION","125","","","00000000","","CORN","CORN, GRAIN - PRODUCTION, MEASURED IN BU","TOTAL","NOT SPECIFIED","9,070,849","9.0"
"CENSUS","2012","YEAR","","COUNTY","IOWA","19","SOUTH CENTRAL","80","MARION","125","","","00000000","","CORN","CORN, SILAGE - PRODUCTION, MEASURED IN TONS","TOTAL","NOT SPECIFIED","28,270","9.0"
"CENSUS","2012","YEAR","","COUNTY","IOWA","19","SOUTH CENTRAL","80","MONROE","135","","","00000000","","CORN","CORN - OPERATIONS WITH SALES","TOTAL","NOT SPECIFIED","185","9.2"
"CENSUS","2012","YEAR","","COUNTY","IOWA","19","SOUTH CENTRAL","80","MONROE","135","","","00000000","","CORN","CORN - SALES, MEASURED IN $","TOTAL","NOT SPECIFIED","14,083,000","9.6"
"CENSUS","2012","YEAR","","COUNTY","IOWA","19","SOUTH CENTRAL","80","MONROE","135","","","00000000","","CORN","CORN, GRAIN - PRODUCTION, MEASURED IN BU","TOTAL","NOT SPECIFIED","2,216,765","9.0"
"CENSUS","2012","YEAR","","COUNTY","IOWA","19","SOUTH CENTRAL","80","MONROE","135","","","00000000","","CORN","CORN, SILAGE - PRODUCTION, MEASURED IN TONS","TOTAL","NOT SPECIFIED","25,599","9.0"
"CENSUS","2012","YEAR","","COUNTY","IOWA","19","SOUTH CENTRAL","80","RINGGOLD","159","","","00000000","","CORN","CORN - OPERATIONS WITH SALES","TOTAL","NOT SPECIFIED","249","9.2"
"CENSUS","2012","YEAR","","COUNTY","IOWA","19","SOUTH CENTRAL","80","RINGGOLD","159","","","00000000","","CORN","CORN - SALES, MEASURED IN $","TOTAL","NOT SPECIFIED","20,545,000","9.6"
"CENSUS","2012","YEAR","","COUNTY","IOWA","19","SOUTH CENTRAL","80","RINGGOLD","159","","","00000000","","CORN","CORN, GRAIN - PRODUCTION, MEASURED IN BU","TOTAL","NOT SPECIFIED","3,060,553","9.0"
"CENSUS","2012","YEAR","","COUNTY","IOWA","19","SOUTH CENTRAL","80","RINGGOLD","159","","","00000000","","CORN","CORN, SILAGE - PRODUCTION, MEASURED IN TONS","TOTAL","NOT SPECIFIED","33,673","9.0"
"CENSUS","2012","YEAR","","COUNTY","IOWA","19","SOUTH CENTRAL","80","UNION","175","","","00000000","","CORN","CORN - OPERATIONS WITH SALES","TOTAL","NOT SPECIFIED","248","9.2"
"CENSUS","2012","YEAR","","COUNTY","IOWA","19","SOUTH CENTRAL","80","UNION","175","","","00000000","","CORN","CORN - SALES, MEASURED IN $","TOTAL","NOT SPECIFIED","27,071,000","9.6"
"CENSUS","2012","YEAR","","COUNTY","IOWA","19","SOUTH CENTRAL","80","UNION","175","","","00000000","","CORN","CORN, GRAIN - PRODUCTION, MEASURED IN BU","TOTAL","NOT SPECIFIED","4,139,482","9.0"
"CENSUS","2012","YEAR","","COUNTY","IOWA","19","SOUTH CENTRAL","80","UNION","175","","","00000000","","CORN","CORN, SILAGE - PRODUCTION, MEASURED IN TONS","TOTAL","NOT SPECIFIED","17,877","9.0"
"CENSUS","2012","YEAR","","COUNTY","IOWA","19","SOUTH CENTRAL","80","WARREN","181","","","00000000","","CORN","CORN - OPERATIONS WITH SALES","TOTAL","NOT SPECIFIED","379","9.2"
"CENSUS","2012","YEAR","","COUNTY","IOWA","19","SOUTH CENTRAL","80","WARREN","181","","","00000000","","CORN","CORN - SALES, MEASURED IN $","TOTAL","NOT SPECIFIED","50,728,000","9.6"
"CENSUS","2012","YEAR","","COUNTY","IOWA","19","SOUTH CENTRAL","80","WARREN","181","","","00000000","","CORN","CORN, GRAIN - PRODUCTION, MEASURED IN BU","TOTAL","NOT SPECIFIED","7,781,765","9.0"
"CENSUS","2012","YEAR","","COUNTY","IOWA","19","SOUTH CENTRAL","80","WARREN","181","","","00000000","","CORN","CORN, SILAGE - PRODUCTION, MEASURED IN TONS","TOTAL","NOT SPECIFIED","25,350","9.0"
"CENSUS","2012","YEAR","","COUNTY","IOWA","19","SOUTH CENTRAL","80","WAYNE","185","","","00000000","","CORN","CORN - OPERATIONS WITH SALES","TOTAL","NOT SPECIFIED","200","9.2"
"CENSUS","2012","YEAR","","COUNTY","IOWA","19","SOUTH CENTRAL","80","WAYNE","185","","","00000000","","CORN","CORN - SALES, MEASURED IN $","TOTAL","NOT SPECIFIED","20,205,000","9.6"
"CENSUS","2012","YEAR","","COUNTY","IOWA","19","SOUTH CENTRAL","80","WAYNE","185","","","00000000","","CORN","CORN, GRAIN - PRODUCTION, MEASURED IN BU","TOTAL","NOT SPECIFIED","3,100,256","9.0"
"CENSUS","2012","YEAR","","COUNTY","IOWA","19","SOUTH CENTRAL","80","WAYNE","185","","","00000000","","CORN","CORN, SILAGE - PRODUCTION, MEASURED IN TONS","TOTAL","NOT SPECIFIED","9,572","9.0"
"CENSUS","2012","YEAR","","COUNTY","IOWA","19","SOUTHEAST","90","DAVIS","051","","","00000000","","CORN","CORN - OPERATIONS WITH SALES","TOTAL","NOT SPECIFIED","248","9.2"
"CENSUS","2012","YEAR","","COUNTY","IOWA","19","SOUTHEAST","90","DAVIS","051","","","00000000","","CORN","CORN - SALES, MEASURED IN $","TOTAL","NOT SPECIFIED","13,206,000","9.6"
"CENSUS","2012","YEAR","","COUNTY","IOWA","19","SOUTHEAST","90","DAVIS","051","","","00000000","","CORN","CORN, GRAIN - PRODUCTION, MEASURED IN BU","TOTAL","NOT SPECIFIED","1,821,443","9.0"
"CENSUS","2012","YEAR","","COUNTY","IOWA","19","SOUTHEAST","90","DAVIS","051","","","00000000","","CORN","CORN, SILAGE - PRODUCTION, MEASURED IN TONS","TOTAL","NOT SPECIFIED","38,543","9.0"
"CENSUS","2012","YEAR","","COUNTY","IOWA","19","SOUTHEAST","90","DES MOINES","057","","","00000000","","CORN","CORN - OPERATIONS WITH SALES","TOTAL","NOT SPECIFIED","332","9.2"
"CENSUS","2012","YEAR","","COUNTY","IOWA","19","SOUTHEAST","90","DES MOINES","057","","","00000000","","CORN","CORN - SALES, MEASURED IN $","TOTAL","NOT SPECIFIED","59,779,000","9.6"
"CENSUS","2012","YEAR","","COUNTY","IOWA","19","SOUTHEAST","90","DES MOINES","057","","","00000000","","CORN","CORN, GRAIN - PRODUCTION, MEASURED IN BU","TOTAL","NOT SPECIFIED","9,249,043","9.0"
"CENSUS","2012","YEAR","","COUNTY","IOWA","19","SOUTHEAST","90","DES MOINES","057","","","00000000","","CORN","CORN, SILAGE - PRODUCTION, MEASURED IN TONS","TOTAL","NOT SPECIFIED","9,353","9.0"
"CENSUS","2012","YEAR","","COUNTY","IOWA","19","SOUTHEAST","90","HENRY","087","","","00000000","","CORN","CORN - OPERATIONS WITH SALES","TOTAL","NOT SPECIFIED","358","9.2"
"CENSUS","2012","YEAR","","COUNTY","IOWA","19","SOUTHEAST","90","HENRY","087","","","00000000","","CORN","CORN - SALES, MEASURED IN $","TOTAL","NOT SPECIFIED","74,870,000","9.6"
"CENSUS","2012","YEAR","","COUNTY","IOWA","19","SOUTHEAST","90","HENRY","087","","","00000000","","CORN","CORN, GRAIN - PRODUCTION, MEASURED IN BU","TOTAL","NOT SPECIFIED","11,762,917","9.0"
"CENSUS","2012","YEAR","","COUNTY","IOWA","19","SOUTHEAST","90","HENRY","087","","","00000000","","CORN","CORN, SILAGE - PRODUCTION, MEASURED IN TONS","TOTAL","NOT SPECIFIED","12,572","9.0"
"CENSUS","2012","YEAR","","COUNTY","IOWA","19","SOUTHEAST","90","JEFFERSON","101","","","00000000","","CORN","CORN - OPERATIONS WITH SALES","TOTAL","NOT SPECIFIED","242","9.2"
"CENSUS","2012","YEAR","","COUNTY","IOWA","19","SOUTHEAST","90","JEFFERSON","101","","","00000000","","CORN","CORN - SALES, MEASURED IN $","TOTAL","NOT SPECIFIED","40,406,000","9.6"
"CENSUS","2012","YEAR","","COUNTY","IOWA","19","SOUTHEAST","90","JEFFERSON","101","","","00000000","","CORN","CORN, GRAIN - PRODUCTION, MEASURED IN BU","TOTAL","NOT SPECIFIED","6,100,802","9.0"
"CENSUS","2012","YEAR","","COUNTY","IOWA","19","SOUTHEAST","90","JEFFERSON","101","","","00000000","","CORN","CORN, SILAGE - PRODUCTION, MEASURED IN TONS","TOTAL","NOT SPECIFIED","16,772","9.0"
"CENSUS","2012","YEAR","","COUNTY","IOWA","19","SOUTHEAST","90","KEOKUK","107","","","00000000","","CORN","CORN - OPERATIONS WITH SALES","TOTAL","NOT SPECIFIED","447","9.2"
"CENSUS","2012","YEAR","","COUNTY","IOWA","19","SOUTHEAST","90","KEOKUK","107","","","00000000","","CORN","CORN - SALES, MEASURED IN $","TOTAL","NOT SPECIFIED","79,555,000","9.6"
"CENSUS","2012","YEAR","","COUNTY","IOWA","19","SOUTHEAST","90","KEOKUK","107","","","00000000","","CORN","CORN, GRAIN - PRODUCTION, MEASURED IN BU","TOTAL","NOT SPECIFIED","12,248,952","9.0"
"CENSUS","2012","YEAR","","COUNTY","IOWA","19","SOUTHEAST","90","KEOKUK","107","","","00000000","","CORN","CORN, SILAGE - PRODUCTION, MEASURED IN TONS","TOTAL","NOT SPECIFIED","36,486","9.0"
"CENSUS","2012","YEAR","","COUNTY","IOWA","19","SOUTHEAST","90","LEE","111","","","00000000","","CORN","CORN - OPERATIONS WITH SALES","TOTAL","NOT SPECIFIED","381","9.2"
"CENSUS","2012","YEAR","","COUNTY","IOWA","19","SOUTHEAST","90","LEE","111","","","00000000","","CORN","CORN - SALES, MEASURED IN $","TOTAL","NOT SPECIFIED","52,620,000","9.6"
"CENSUS","2012","YEAR","","COUNTY","IOWA","19","SOUTHEAST","90","LEE","111","","","00000000","","CORN","CORN, GRAIN - PRODUCTION, MEASURED IN BU","TOTAL","NOT SPECIFIED","8,669,721","9.0"
"CENSUS","2012","YEAR","","COUNTY","IOWA","19","SOUTHEAST","90","LEE","111","","","00000000","","CORN","CORN, SILAGE - PRODUCTION, MEASURED IN TONS","TOTAL","NOT SPECIFIED","46,081","9.0"
"CENSUS","2012","YEAR","","COUNTY","IOWA","19","SOUTHEAST","90","LOUISA","115","","","00000000","","CORN","CORN - OPERATIONS WITH SALES","TOTAL","NOT SPECIFIED","272","9.2"
"CENSUS","2012","YEAR","","COUNTY","IOWA","19","SOUTHEAST","90","LOUISA","115","","","00000000","","CORN","CORN - SALES, MEASURED IN $","TOTAL","NOT SPECIFIED","67,265,000","9.6"
"CENSUS","2012","YEAR","","COUNTY","IOWA","19","SOUTHEAST","90","LOUISA","115","","","00000000","","CORN","CORN, GRAIN - PRODUCTION, MEASURED IN BU","TOTAL","NOT SPECIFIED","10,213,259","9.0"
"CENSUS","2012","YEAR","","COUNTY","IOWA","19","SOUTHEAST","90","LOUISA","115","","","00000000","","CORN","CORN, SILAGE - PRODUCTION, MEASURED IN TONS","TOTAL","NOT SPECIFIED","6,417","9.0"
"CENSUS","2012","YEAR","","COUNTY","IOWA","19","SOUTHEAST","90","MAHASKA","123","","","00000000","","CORN","CORN - OPERATIONS WITH SALES","TOTAL","NOT SPECIFIED","526","9.2"
"CENSUS","2012","YEAR","","COUNTY","IOWA","19","SOUTHEAST","90","MAHASKA","123","","","00000000","","CORN","CORN - SALES, MEASURED IN $","TOTAL","NOT SPECIFIED","106,144,000","9.6"
"CENSUS","2012","YEAR","","COUNTY","IOWA","19","SOUTHEAST","90","MAHASKA","123","","","00000000","","CORN","CORN, GRAIN - PRODUCTION, MEASURED IN BU","TOTAL","NOT SPECIFIED","16,298,811","9.0"
"CENSUS","2012","YEAR","","COUNTY","IOWA","19","SOUTHEAST","90","MAHASKA","123","","","00000000","","CORN","CORN, SILAGE - PRODUCTION, MEASURED IN TONS","TOTAL","NOT SPECIFIED","42,653","9.0"
"CENSUS","2012","YEAR","","COUNTY","IOWA","19","SOUTHEAST","90","VAN BUREN","177","","","00000000","","CORN","CORN - OPERATIONS WITH SALES","TOTAL","NOT SPECIFIED","230","9.2"
"CENSUS","2012","YEAR","","COUNTY","IOWA","19","SOUTHEAST","90","VAN BUREN","177","","","00000000","","CORN","CORN - SALES, MEASURED IN $","TOTAL","NOT SPECIFIED","31,262,000","9.6"
"CENSUS","2012","YEAR","","COUNTY","IOWA","19","SOUTHEAST","90","VAN BUREN","177","","","00000000","","CORN","CORN, GRAIN - PRODUCTION, MEASURED IN BU","TOTAL","NOT SPECIFIED","5,026,363","9.0"
"CENSUS","2012","YEAR","","COUNTY","IOWA","19","SOUTHEAST","90","VAN BUREN","177","","","00000000","","CORN","CORN, SILAGE - PRODUCTION, MEASURED IN TONS","TOTAL","NOT SPECIFIED","19,229","9.0"
"CENSUS","2012","YEAR","","COUNTY","IOWA","19","SOUTHEAST","90","WAPELLO","179","","","00000000","","CORN","CORN - OPERATIONS WITH SALES","TOTAL","NOT SPECIFIED","246","9.2"
"CENSUS","2012","YEAR","","COUNTY","IOWA","19","SOUTHEAST","90","WAPELLO","179","","","00000000","","CORN","CORN - SALES, MEASURED IN $","TOTAL","NOT SPECIFIED","34,600,000","9.6"
"CENSUS","2012","YEAR","","COUNTY","IOWA","19","SOUTHEAST","90","WAPELLO","179","","","00000000","","CORN","CORN, GRAIN - PRODUCTION, MEASURED IN BU","TOTAL","NOT SPECIFIED","5,517,794","9.0"
"CENSUS","2012","YEAR","","COUNTY","IOWA","19","SOUTHEAST","90","WAPELLO","179","","","00000000","","CORN","CORN, SILAGE - PRODUCTION, MEASURED IN TONS","TOTAL","NOT SPECIFIED","17,931","9.0"
"CENSUS","2012","YEAR","","COUNTY","IOWA","19","SOUTHEAST","90","WASHINGTON","183","","","00000000","","CORN","CORN - OPERATIONS WITH SALES","TOTAL","NOT SPECIFIED","553","9.2"
"CENSUS","2012","YEAR","","COUNTY","IOWA","19","SOUTHEAST","90","WASHINGTON","183","","","00000000","","CORN","CORN - SALES, MEASURED IN $","TOTAL","NOT SPECIFIED","105,968,000","9.6"
"CENSUS","2012","YEAR","","COUNTY","IOWA","19","SOUTHEAST","90","WASHINGTON","183","","","00000000","","CORN","CORN, GRAIN - PRODUCTION, MEASURED IN BU","TOTAL","NOT SPECIFIED","17,432,181","9.0"
"CENSUS","2012","YEAR","","COUNTY","IOWA","19","SOUTHEAST","90","WASHINGTON","183","","","00000000","","CORN","CORN, SILAGE - PRODUCTION, MEASURED IN TONS","TOTAL","NOT SPECIFIED","18,226","9.0"
"CENSUS","2012","YEAR","","COUNTY","IOWA","19","SOUTHWEST","70","ADAIR","001","","","00000000","","CORN","CORN - OPERATIONS WITH SALES","TOTAL","NOT SPECIFIED","392","9.2"
"CENSUS","2012","YEAR","","COUNTY","IOWA","19","SOUTHWEST","70","ADAIR","001","","","00000000","","CORN","CORN - SALES, MEASURED IN $","TOTAL","NOT SPECIFIED","71,142,000","9.6"
"CENSUS","2012","YEAR","","COUNTY","IOWA","19","SOUTHWEST","70","ADAIR","001","","","00000000","","CORN","CORN, GRAIN - PRODUCTION, MEASURED IN BU","TOTAL","NOT SPECIFIED","10,814,631","9.0"
"CENSUS","2012","YEAR","","COUNTY","IOWA","19","SOUTHWEST","70","ADAIR","001","","","00000000","","CORN","CORN, SILAGE - PRODUCTION, MEASURED IN TONS","TOTAL","NOT SPECIFIED","45,469","9.0"
"CENSUS","2012","YEAR","","COUNTY","IOWA","19","SOUTHWEST","70","ADAMS","003","","","00000000","","CORN","CORN - OPERATIONS WITH SALES","TOTAL","NOT SPECIFIED","230","9.2"
"CENSUS","2012","YEAR","","COUNTY","IOWA","19","SOUTHWEST","70","ADAMS","003","","","00000000","","CORN","CORN - SALES, MEASURED IN $","TOTAL","NOT SPECIFIED","45,334,000","9.6"
"CENSUS","2012","YEAR","","COUNTY","IOWA","19","SOUTHWEST","70","ADAMS","003","","","00000000","","CORN","CORN, GRAIN - PRODUCTION, MEASURED IN BU","TOTAL","NOT SPECIFIED","7,074,308","9.0"
"CENSUS","2012","YEAR","","COUNTY","IOWA","19","SOUTHWEST","70","ADAMS","003","","","00000000","","CORN","CORN, SILAGE - PRODUCTION, MEASURED IN TONS","TOTAL","NOT SPECIFIED","13,709","9.0"
"CENSUS","2012","YEAR","","COUNTY","IOWA","19","SOUTHWEST","70","CASS","029","","","00000000","","CORN","CORN - OPERATIONS WITH SALES","TOTAL","NOT SPECIFIED","390","9.2"
"CENSUS","2012","YEAR","","COUNTY","IOWA","19","SOUTHWEST","70","CASS","029","","","00000000","","CORN","CORN - SALES, MEASURED IN $","TOTAL","NOT SPECIFIED","84,717,000","9.6"
"CENSUS","2012","YEAR","","COUNTY","IOWA","19","SOUTHWEST","70","CASS","029","","","00000000","","CORN","CORN, GRAIN - PRODUCTION, MEASURED IN BU","TOTAL","NOT SPECIFIED","12,959,710","9.0"
"CENSUS","2012","YEAR","","COUNTY","IOWA","19","SOUTHWEST","70","CASS","029","","","00000000","","CORN","CORN, SILAGE - PRODUCTION, MEASURED IN TONS","TOTAL","NOT SPECIFIED","49,021","9.0"
"CENSUS","2012","YEAR","","COUNTY","IOWA","19","SOUTHWEST","70","FREMONT","071","","","00000000","","CORN","CORN - OPERATIONS WITH SALES","TOTAL","NOT SPECIFIED","304","9.2"
"CENSUS","2012","YEAR","","COUNTY","IOWA","19","SOUTHWEST","70","FREMONT","071","","","00000000","","CORN","CORN - SALES, MEASURED IN $","TOTAL","NOT SPECIFIED","100,042,000","9.6"
"CENSUS","2012","YEAR","","COUNTY","IOWA","19","SOUTHWEST","70","FREMONT","071","","","00000000","","CORN","CORN, GRAIN - PRODUCTION, MEASURED IN BU","TOTAL","NOT SPECIFIED","15,756,386","9.0"
"CENSUS","2012","YEAR","","COUNTY","IOWA","19","SOUTHWEST","70","FREMONT","071","","","00000000","","CORN","CORN, SILAGE - PRODUCTION, MEASURED IN TONS","TOTAL","NOT SPECIFIED","2,691","9.0"
"CENSUS","2012","YEAR","","COUNTY","IOWA","19","SOUTHWEST","70","MILLS","129","","","00000000","","CORN","CORN - OPERATIONS WITH SALES","TOTAL","NOT SPECIFIED","266","9.2"
"CENSUS","2012","YEAR","","COUNTY","IOWA","19","SOUTHWEST","70","MILLS","129","","","00000000","","CORN","CORN - SALES, MEASURED IN $","TOTAL","NOT SPECIFIED","74,021,000","9.6"
"CENSUS","2012","YEAR","","COUNTY","IOWA","19","SOUTHWEST","70","MILLS","129","","","00000000","","CORN","CORN, GRAIN - PRODUCTION, MEASURED IN BU","TOTAL","NOT SPECIFIED","11,136,995","9.0"
"CENSUS","2012","YEAR","","COUNTY","IOWA","19","SOUTHWEST","70","MILLS","129","","","00000000","","CORN","CORN, SILAGE - PRODUCTION, MEASURED IN TONS","TOTAL","NOT SPECIFIED","998","9.0"
"CENSUS","2012","YEAR","","COUNTY","IOWA","19","SOUTHWEST","70","MONTGOMERY","137","","","00000000","","CORN","CORN - OPERATIONS WITH SALES","TOTAL","NOT SPECIFIED","310","9.2"
"CENSUS","2012","YEAR","","COUNTY","IOWA","19","SOUTHWEST","70","MONTGOMERY","137","","","00000000","","CORN","CORN - SALES, MEASURED IN $","TOTAL","NOT SPECIFIED","79,220,000","9.6"
"CENSUS","2012","YEAR","","COUNTY","IOWA","19","SOUTHWEST","70","MONTGOMERY","137","","","00000000","","CORN","CORN, GRAIN - PRODUCTION, MEASURED IN BU","TOTAL","NOT SPECIFIED","12,377,347","9.0"
"CENSUS","2012","YEAR","","COUNTY","IOWA","19","SOUTHWEST","70","MONTGOMERY","137","","","00000000","","CORN","CORN, SILAGE - PRODUCTION, MEASURED IN TONS","TOTAL","NOT SPECIFIED","7,946","9.0"
"CENSUS","2012","YEAR","","COUNTY","IOWA","19","SOUTHWEST","70","PAGE","145","","","00000000","","CORN","CORN - OPERATIONS WITH SALES","TOTAL","NOT SPECIFIED","447","9.2"
"CENSUS","2012","YEAR","","COUNTY","IOWA","19","SOUTHWEST","70","PAGE","145","","","00000000","","CORN","CORN - SALES, MEASURED IN $","TOTAL","NOT SPECIFIED","91,413,000","9.6"
"CENSUS","2012","YEAR","","COUNTY","IOWA","19","SOUTHWEST","70","PAGE","145","","","00000000","","CORN","CORN, GRAIN - PRODUCTION, MEASURED IN BU","TOTAL","NOT SPECIFIED","13,717,235","9.0"
"CENSUS","2012","YEAR","","COUNTY","IOWA","19","SOUTHWEST","70","PAGE","145","","","00000000","","CORN","CORN, SILAGE - PRODUCTION, MEASURED IN TONS","TOTAL","NOT SPECIFIED","10,066","9.0"
"CENSUS","2012","YEAR","","COUNTY","IOWA","19","SOUTHWEST","70","POTTAWATTAMIE","155","","","00000000","","CORN","CORN - OPERATIONS WITH SALES","TOTAL","NOT SPECIFIED","712","9.2"
"CENSUS","2012","YEAR","","COUNTY","IOWA","19","SOUTHWEST","70","POTTAWATTAMIE","155","","","00000000","","CORN","CORN - SALES, MEASURED IN $","TOTAL","NOT SPECIFIED","206,420,000","9.6"
"CENSUS","2012","YEAR","","COUNTY","IOWA","19","SOUTHWEST","70","POTTAWATTAMIE","155","","","00000000","","CORN","CORN, GRAIN - PRODUCTION, MEASURED IN BU","TOTAL","NOT SPECIFIED","30,929,764","9.0"
"CENSUS","2012","YEAR","","COUNTY","IOWA","19","SOUTHWEST","70","POTTAWATTAMIE","155","","","00000000","","CORN","CORN, SILAGE - PRODUCTION, MEASURED IN TONS","TOTAL","NOT SPECIFIED","55,141","9.0"
"CENSUS","2012","YEAR","","COUNTY","IOWA","19","SOUTHWEST","70","TAYLOR","173","","","00000000","","CORN","CORN - OPERATIONS WITH SALES","TOTAL","NOT SPECIFIED","266","9.2"
"CENSUS","2012","YEAR","","COUNTY","IOWA","19","SOUTHWEST","70","TAYLOR","173","","","00000000","","CORN","CORN - SALES, MEASURED IN $","TOTAL","NOT SPECIFIED","42,971,000","9.6"
"CENSUS","2012","YEAR","","COUNTY","IOWA","19","SOUTHWEST","70","TAYLOR","173","","","00000000","","CORN","CORN, GRAIN - PRODUCTION, MEASURED IN BU","TOTAL","NOT SPECIFIED","6,438,443","9.0"
"CENSUS","2012","YEAR","","COUNTY","IOWA","19","SOUTHWEST","70","TAYLOR","173","","","00000000","","CORN","CORN, SILAGE - PRODUCTION, MEASURED IN TONS","TOTAL","NOT SPECIFIED","5,218","9.0"
"CENSUS","2012","YEAR","","COUNTY","IOWA","19","WEST CENTRAL","40","AUDUBON","009","","","00000000","","CORN","CORN - OPERATIONS WITH SALES","TOTAL","NOT SPECIFIED","312","9.2"
"CENSUS","2012","YEAR","","COUNTY","IOWA","19","WEST CENTRAL","40","AUDUBON","009","","","00000000","","CORN","CORN - SALES, MEASURED IN $","TOTAL","NOT SPECIFIED","89,732,000","9.6"
"CENSUS","2012","YEAR","","COUNTY","IOWA","19","WEST CENTRAL","40","AUDUBON","009","","","00000000","","CORN","CORN, GRAIN - PRODUCTION, MEASURED IN BU","TOTAL","NOT SPECIFIED","14,466,732","9.0"
"CENSUS","2012","YEAR","","COUNTY","IOWA","19","WEST CENTRAL","40","AUDUBON","009","","","00000000","","CORN","CORN, SILAGE - PRODUCTION, MEASURED IN TONS","TOTAL","NOT SPECIFIED","28,755","9.0"
"CENSUS","2012","YEAR","","COUNTY","IOWA","19","WEST CENTRAL","40","CALHOUN","025","","","00000000","","CORN","CORN - OPERATIONS WITH SALES","TOTAL","NOT SPECIFIED","510","9.2"
"CENSUS","2012","YEAR","","COUNTY","IOWA","19","WEST CENTRAL","40","CALHOUN","025","","","00000000","","CORN","CORN - SALES, MEASURED IN $","TOTAL","NOT SPECIFIED","148,288,000","9.6"
"CENSUS","2012","YEAR","","COUNTY","IOWA","19","WEST CENTRAL","40","CALHOUN","025","","","00000000","","CORN","CORN, GRAIN - PRODUCTION, MEASURED IN BU","TOTAL","NOT SPECIFIED","23,693,002","9.0"
"CENSUS","2012","YEAR","","COUNTY","IOWA","19","WEST CENTRAL","40","CALHOUN","025","","","00000000","","CORN","CORN, SILAGE - PRODUCTION, MEASURED IN TONS","TOTAL","NOT SPECIFIED","20,530","9.0"
"CENSUS","2012","YEAR","","COUNTY","IOWA","19","WEST CENTRAL","40","CARROLL","027","","","00000000","","CORN","CORN - OPERATIONS WITH SALES","TOTAL","NOT SPECIFIED","718","9.2"
"CENSUS","2012","YEAR","","COUNTY","IOWA","19","WEST CENTRAL","40","CARROLL","027","","","00000000","","CORN","CORN - SALES, MEASURED IN $","TOTAL","NOT SPECIFIED","139,338,000","9.6"
"CENSUS","2012","YEAR","","COUNTY","IOWA","19","WEST CENTRAL","40","CARROLL","027","","","00000000","","CORN","CORN, GRAIN - PRODUCTION, MEASURED IN BU","TOTAL","NOT SPECIFIED","21,598,518","9.0"
"CENSUS","2012","YEAR","","COUNTY","IOWA","19","WEST CENTRAL","40","CARROLL","027","","","00000000","","CORN","CORN, SILAGE - PRODUCTION, MEASURED IN TONS","TOTAL","NOT SPECIFIED","69,735","9.0"
"CENSUS","2012","YEAR","","COUNTY","IOWA","19","WEST CENTRAL","40","CRAWFORD","047","","","00000000","","CORN","CORN - OPERATIONS WITH SALES","TOTAL","NOT SPECIFIED","583","9.2"
"CENSUS","2012","YEAR","","COUNTY","IOWA","19","WEST CENTRAL","40","CRAWFORD","047","","","00000000","","CORN","CORN - SALES, MEASURED IN $","TOTAL","NOT SPECIFIED","181,537,000","9.6"
"CENSUS","2012","YEAR","","COUNTY","IOWA","19","WEST CENTRAL","40","CRAWFORD","047","","","00000000","","CORN","CORN, GRAIN - PRODUCTION, MEASURED IN BU","TOTAL","NOT SPECIFIED","28,702,130","9.0"
"CENSUS","2012","YEAR","","COUNTY","IOWA","19","WEST CENTRAL","40","CRAWFORD","047","","","00000000","","CORN","CORN, SILAGE - PRODUCTION, MEASURED IN TONS","TOTAL","NOT SPECIFIED","56,700","9.0"
"CENSUS","2012","YEAR","","COUNTY","IOWA","19","WEST CENTRAL","40","GREENE","073","","","00000000","","CORN","CORN - OPERATIONS WITH SALES","TOTAL","NOT SPECIFIED","485","9.2"
"CENSUS","2012","YEAR","","COUNTY","IOWA","19","WEST CENTRAL","40","GREENE","073","","","00000000","","CORN","CORN - SALES, MEASURED IN $","TOTAL","NOT SPECIFIED","151,120,000","9.6"
"CENSUS","2012","YEAR","","COUNTY","IOWA","19","WEST CENTRAL","40","GREENE","073","","","00000000","","CORN","CORN, GRAIN - PRODUCTION, MEASURED IN BU","TOTAL","NOT SPECIFIED","22,608,810","9.0"
"CENSUS","2012","YEAR","","COUNTY","IOWA","19","WEST CENTRAL","40","GREENE","073","","","00000000","","CORN","CORN, SILAGE - PRODUCTION, MEASURED IN TONS","TOTAL","NOT SPECIFIED","32,015","9.0"
"CENSUS","2012","YEAR","","COUNTY","IOWA","19","WEST CENTRAL","40","GUTHRIE","077","","","00000000","","CORN","CORN - OPERATIONS WITH SALES","TOTAL","NOT SPECIFIED","388","9.2"
"CENSUS","2012","YEAR","","COUNTY","IOWA","19","WEST CENTRAL","40","GUTHRIE","077","","","00000000","","CORN","CORN - SALES, MEASURED IN $","TOTAL","NOT SPECIFIED","87,048,000","9.6"
"CENSUS","2012","YEAR","","COUNTY","IOWA","19","WEST CENTRAL","40","GUTHRIE","077","","","00000000","","CORN","CORN, GRAIN - PRODUCTION, MEASURED IN BU","TOTAL","NOT SPECIFIED","13,952,146","9.0"
"CENSUS","2012","YEAR","","COUNTY","IOWA","19","WEST CENTRAL","40","GUTHRIE","077","","","00000000","","CORN","CORN, SILAGE - PRODUCTION, MEASURED IN TONS","TOTAL","NOT SPECIFIED","9,759","9.0"
"CENSUS","2012","YEAR","","COUNTY","IOWA","19","WEST CENTRAL","40","HARRISON","085","","","00000000","","CORN","CORN - OPERATIONS WITH SALES","TOTAL","NOT SPECIFIED","490","9.2"
"CENSUS","2012","YEAR","","COUNTY","IOWA","19","WEST CENTRAL","40","HARRISON","085","","","00000000","","CORN","CORN - SALES, MEASURED IN $","TOTAL","NOT SPECIFIED","159,647,000","9.6"
"CENSUS","2012","YEAR","","COUNTY","IOWA","19","WEST CENTRAL","40","HARRISON","085","","","00000000","","CORN","CORN, GRAIN - PRODUCTION, MEASURED IN BU","TOTAL","NOT SPECIFIED","25,167,451","9.0"
"CENSUS","2012","YEAR","","COUNTY","IOWA","19","WEST CENTRAL","40","HARRISON","085","","","00000000","","CORN","CORN, SILAGE - PRODUCTION, MEASURED IN TONS","TOTAL","NOT SPECIFIED","15,151","9.0"
"CENSUS","2012","YEAR","","COUNTY","IOWA","19","WEST CENTRAL","40","IDA","093","","","00000000","","CORN","CORN - OPERATIONS WITH SALES","TOTAL","NOT SPECIFIED","343","9.2"
"CENSUS","2012","YEAR","","COUNTY","IOWA","19","WEST CENTRAL","40","IDA","093","","","00000000","","CORN","CORN - SALES, MEASURED IN $","TOTAL","NOT SPECIFIED","109,896,000","9.6"
"CENSUS","2012","YEAR","","COUNTY","IOWA","19","WEST CENTRAL","40","IDA","093","","","00000000","","CORN","CORN, GRAIN - PRODUCTION, MEASURED IN BU","TOTAL","NOT SPECIFIED","17,001,399","9.0"
"CENSUS","2012","YEAR","","COUNTY","IOWA","19","WEST CENTRAL","40","IDA","093","","","00000000","","CORN","CORN, SILAGE - PRODUCTION, MEASURED IN TONS","TOTAL","NOT SPECIFIED","102,644","9.0"
"CENSUS","2012","YEAR","","COUNTY","IOWA","19","WEST CENTRAL","40","MONONA","133","","","00000000","","CORN","CORN - OPERATIONS WITH SALES","TOTAL","NOT SPECIFIED","361","9.2"
"CENSUS","2012","YEAR","","COUNTY","IOWA","19","WEST CENTRAL","40","MONONA","133","","","00000000","","CORN","CORN - SALES, MEASURED IN $","TOTAL","NOT SPECIFIED","134,021,000","9.6"
"CENSUS","2012","YEAR","","COUNTY","IOWA","19","WEST CENTRAL","40","MONONA","133","","","00000000","","CORN","CORN, GRAIN - PRODUCTION, MEASURED IN BU","TOTAL","NOT SPECIFIED","20,670,135","9.0"
"CENSUS","2012","YEAR","","COUNTY","IOWA","19","WEST CENTRAL","40","MONONA","133","","","00000000","","CORN","CORN, SILAGE - PRODUCTION, MEASURED IN TONS","TOTAL","NOT SPECIFIED","32,026","9.0"
"CENSUS","2012","YEAR","","COUNTY","IOWA","19","WEST CENTRAL","40","SAC","161","","","00000000","","CORN","CORN - OPERATIONS WITH SALES","TOTAL","NOT SPECIFIED","593","9.2"
"CENSUS","2012","YEAR","","COUNTY","IOWA","19","WEST CENTRAL","40","SAC","161","","","00000000","","CORN","CORN - SALES, MEASURED IN $","TOTAL","NOT SPECIFIED","144,415,000","9.6"
"CENSUS","2012","YEAR","","COUNTY","IOWA","19","WEST CENTRAL","40","SAC","161","","","00000000","","CORN","CORN, GRAIN - PRODUCTION, MEASURED IN BU","TOTAL","NOT SPECIFIED","23,175,518","9.0"
"CENSUS","2012","YEAR","","COUNTY","IOWA","19","WEST CENTRAL","40","SAC","161","","","00000000","","CORN","CORN, SILAGE - PRODUCTION, MEASURED IN TONS","TOTAL","NOT SPECIFIED","43,688","9.0"
"CENSUS","2012","YEAR","","COUNTY","IOWA","19","WEST CENTRAL","40","SHELBY","165","","","00000000","","CORN","CORN - OPERATIONS WITH SALES","TOTAL","NOT SPECIFIED","652","9.2"
"CENSUS","2012","YEAR","","COUNTY","IOWA","19","WEST CENTRAL","40","SHELBY","165","","","00000000","","CORN","CORN - SALES, MEASURED IN $","TOTAL","NOT SPECIFIED","172,795,000","9.6"
"CENSUS","2012","YEAR","","COUNTY","IOWA","19","WEST CENTRAL","40","SHELBY","165","","","00000000","","CORN","CORN, GRAIN - PRODUCTION, MEASURED IN BU","TOTAL","NOT SPECIFIED","26,620,148","9.0"
"CENSUS","2012","YEAR","","COUNTY","IOWA","19","WEST CENTRAL","40","SHELBY","165","","","00000000","","CORN","CORN, SILAGE - PRODUCTION, MEASURED IN TONS","TOTAL","NOT SPECIFIED","52,146","9.0"
"CENSUS","2012","YEAR","","COUNTY","IOWA","19","WEST CENTRAL","40","WOODBURY","193","","","00000000","","CORN","CORN - OPERATIONS WITH SALES","TOTAL","NOT SPECIFIED","574","9.2"
"CENSUS","2012","YEAR","","COUNTY","IOWA","19","WEST CENTRAL","40","WOODBURY","193","","","00000000","","CORN","CORN - SALES, MEASURED IN $","TOTAL","NOT SPECIFIED","159,834,000","9.6"
"CENSUS","2012","YEAR","","COUNTY","IOWA","19","WEST CENTRAL","40","WOODBURY","193","","","00000000","","CORN","CORN, GRAIN - PRODUCTION, MEASURED IN BU","TOTAL","NOT SPECIFIED","24,180,874","9.0"
"CENSUS","2012","YEAR","","COUNTY","IOWA","19","WEST CENTRAL","40","WOODBURY","193","","","00000000","","CORN","CORN, SILAGE - PRODUCTION, MEASURED IN TONS","TOTAL","NOT SPECIFIED","111,851","9.0"
"CENSUS","2007","YEAR","","COUNTY","IOWA","19","CENTRAL","50","BOONE","015","","","00000000","","CORN","CORN - OPERATIONS WITH SALES","TOTAL","NOT SPECIFIED","506",""
"CENSUS","2007","YEAR","","COUNTY","IOWA","19","CENTRAL","50","BOONE","015","","","00000000","","CORN","CORN - SALES, MEASURED IN $","TOTAL","NOT SPECIFIED","90,849,000",""
"CENSUS","2007","YEAR","","COUNTY","IOWA","19","CENTRAL","50","BOONE","015","","","00000000","","CORN","CORN, GRAIN - PRODUCTION, MEASURED IN BU","TOTAL","NOT SPECIFIED","30,394,991",""
"CENSUS","2007","YEAR","","COUNTY","IOWA","19","CENTRAL","50","BOONE","015","","","00000000","","CORN","CORN, SILAGE - PRODUCTION, MEASURED IN TONS","TOTAL","NOT SPECIFIED","15,420",""
"CENSUS","2007","YEAR","","COUNTY","IOWA","19","CENTRAL","50","DALLAS","049","","","00000000","","CORN","CORN - OPERATIONS WITH SALES","TOTAL","NOT SPECIFIED","462",""
"CENSUS","2007","YEAR","","COUNTY","IOWA","19","CENTRAL","50","DALLAS","049","","","00000000","","CORN","CORN - SALES, MEASURED IN $","TOTAL","NOT SPECIFIED","69,611,000",""
"CENSUS","2007","YEAR","","COUNTY","IOWA","19","CENTRAL","50","DALLAS","049","","","00000000","","CORN","CORN, GRAIN - PRODUCTION, MEASURED IN BU","TOTAL","NOT SPECIFIED","22,447,834",""
"CENSUS","2007","YEAR","","COUNTY","IOWA","19","CENTRAL","50","DALLAS","049","","","00000000","","CORN","CORN, SILAGE - PRODUCTION, MEASURED IN TONS","TOTAL","NOT SPECIFIED","6,322",""
"CENSUS","2007","YEAR","","COUNTY","IOWA","19","CENTRAL","50","GRUNDY","075","","","00000000","","CORN","CORN - OPERATIONS WITH SALES","TOTAL","NOT SPECIFIED","526",""
"CENSUS","2007","YEAR","","COUNTY","IOWA","19","CENTRAL","50","GRUNDY","075","","","00000000","","CORN","CORN - SALES, MEASURED IN $","TOTAL","NOT SPECIFIED","105,700,000",""
"CENSUS","2007","YEAR","","COUNTY","IOWA","19","CENTRAL","50","GRUNDY","075","","","00000000","","CORN","CORN, GRAIN - PRODUCTION, MEASURED IN BU","TOTAL","NOT SPECIFIED","30,442,923",""
"CENSUS","2007","YEAR","","COUNTY","IOWA","19","CENTRAL","50","GRUNDY","075","","","00000000","","CORN","CORN, SILAGE - PRODUCTION, MEASURED IN TONS","TOTAL","NOT SPECIFIED","16,386",""
"CENSUS","2007","YEAR","","COUNTY","IOWA","19","CENTRAL","50","HAMILTON","079","","","00000000","","CORN","CORN - OPERATIONS WITH SALES","TOTAL","NOT SPECIFIED","532",""
"CENSUS","2007","YEAR","","COUNTY","IOWA","19","CENTRAL","50","HAMILTON","079","","","00000000","","CORN","CORN - SALES, MEASURED IN $","TOTAL","NOT SPECIFIED","113,625,000",""
"CENSUS","2007","YEAR","","COUNTY","IOWA","19","CENTRAL","50","HAMILTON","079","","","00000000","","CORN","CORN, GRAIN - PRODUCTION, MEASURED IN BU","TOTAL","NOT SPECIFIED","36,661,342",""
"CENSUS","2007","YEAR","","COUNTY","IOWA","19","CENTRAL","50","HAMILTON","079","","","00000000","","CORN","CORN, SILAGE - PRODUCTION, MEASURED IN TONS","TOTAL","NOT SPECIFIED"," (D)",""
"CENSUS","2007","YEAR","","COUNTY","IOWA","19","CENTRAL","50","HARDIN","083","","","00000000","","CORN","CORN - OPERATIONS WITH SALES","TOTAL","NOT SPECIFIED","579",""
"CENSUS","2007","YEAR","","COUNTY","IOWA","19","CENTRAL","50","HARDIN","083","","","00000000","","CORN","CORN - SALES, MEASURED IN $","TOTAL","NOT SPECIFIED","103,996,000",""
"CENSUS","2007","YEAR","","COUNTY","IOWA","19","CENTRAL","50","HARDIN","083","","","00000000","","CORN","CORN, GRAIN - PRODUCTION, MEASURED IN BU","TOTAL","NOT SPECIFIED","34,250,780",""
"CENSUS","2007","YEAR","","COUNTY","IOWA","19","CENTRAL","50","HARDIN","083","","","00000000","","CORN","CORN, SILAGE - PRODUCTION, MEASURED IN TONS","TOTAL","NOT SPECIFIED","8,967",""
"CENSUS","2007","YEAR","","COUNTY","IOWA","19","CENTRAL","50","JASPER","099","","","00000000","","CORN","CORN - OPERATIONS WITH SALES","TOTAL","NOT SPECIFIED","671",""
"CENSUS","2007","YEAR","","COUNTY","IOWA","19","CENTRAL","50","JASPER","099","","","00000000","","CORN","CORN - SALES, MEASURED IN $","TOTAL","NOT SPECIFIED","130,783,000",""
"CENSUS","2007","YEAR","","COUNTY","IOWA","19","CENTRAL","50","JASPER","099","","","00000000","","CORN","CORN, GRAIN - PRODUCTION, MEASURED IN BU","TOTAL","NOT SPECIFIED","38,568,453",""
"CENSUS","2007","YEAR","","COUNTY","IOWA","19","CENTRAL","50","JASPER","099","","","00000000","","CORN","CORN, SILAGE - PRODUCTION, MEASURED IN TONS","TOTAL","NOT SPECIFIED","14,094",""
"CENSUS","2007","YEAR","","COUNTY","IOWA","19","CENTRAL","50","MARSHALL","127","","","00000000","","CORN","CORN - OPERATIONS WITH SALES","TOTAL","NOT SPECIFIED","543",""
"CENSUS","2007","YEAR","","COUNTY","IOWA","19","CENTRAL","50","MARSHALL","127","","","00000000","","CORN","CORN - SALES, MEASURED IN $","TOTAL","NOT SPECIFIED","88,887,000",""
"CENSUS","2007","YEAR","","COUNTY","IOWA","19","CENTRAL","50","MARSHALL","127","","","00000000","","CORN","CORN, GRAIN - PRODUCTION, MEASURED IN BU","TOTAL","NOT SPECIFIED","29,061,113",""
"CENSUS","2007","YEAR","","COUNTY","IOWA","19","CENTRAL","50","MARSHALL","127","","","00000000","","CORN","CORN, SILAGE - PRODUCTION, MEASURED IN TONS","TOTAL","NOT SPECIFIED","50,018",""
"CENSUS","2007","YEAR","","COUNTY","IOWA","19","CENTRAL","50","POLK","153","","","00000000","","CORN","CORN - OPERATIONS WITH SALES","TOTAL","NOT SPECIFIED","340",""
"CENSUS","2007","YEAR","","COUNTY","IOWA","19","CENTRAL","50","POLK","153","","","00000000","","CORN","CORN - SALES, MEASURED IN $","TOTAL","NOT SPECIFIED","67,461,000",""
"CENSUS","2007","YEAR","","COUNTY","IOWA","19","CENTRAL","50","POLK","153","","","00000000","","CORN","CORN, GRAIN - PRODUCTION, MEASURED IN BU","TOTAL","NOT SPECIFIED","22,276,602",""
"CENSUS","2007","YEAR","","COUNTY","IOWA","19","CENTRAL","50","POLK","153","","","00000000","","CORN","CORN, SILAGE - PRODUCTION, MEASURED IN TONS","TOTAL","NOT SPECIFIED","10,957",""
"CENSUS","2007","YEAR","","COUNTY","IOWA","19","CENTRAL","50","POWESHIEK","157","","","00000000","","CORN","CORN - OPERATIONS WITH SALES","TOTAL","NOT SPECIFIED","482",""
"CENSUS","2007","YEAR","","COUNTY","IOWA","19","CENTRAL","50","POWESHIEK","157","","","00000000","","CORN","CORN - SALES, MEASURED IN $","TOTAL","NOT SPECIFIED","70,402,000",""
"CENSUS","2007","YEAR","","COUNTY","IOWA","19","CENTRAL","50","POWESHIEK","157","","","00000000","","CORN","CORN, GRAIN - PRODUCTION, MEASURED IN BU","TOTAL","NOT SPECIFIED","21,549,205",""
"CENSUS","2007","YEAR","","COUNTY","IOWA","19","CENTRAL","50","POWESHIEK","157","","","00000000","","CORN","CORN, SILAGE - PRODUCTION, MEASURED IN TONS","TOTAL","NOT SPECIFIED","20,016",""
"CENSUS","2007","YEAR","","COUNTY","IOWA","19","CENTRAL","50","STORY","169","","","00000000","","CORN","CORN - OPERATIONS WITH SALES","TOTAL","NOT SPECIFIED","629",""
"CENSUS","2007","YEAR","","COUNTY","IOWA","19","CENTRAL","50","STORY","169","","","00000000","","CORN","CORN - SALES, MEASURED IN $","TOTAL","NOT SPECIFIED","114,423,000",""
"CENSUS","2007","YEAR","","COUNTY","IOWA","19","CENTRAL","50","STORY","169","","","00000000","","CORN","CORN, GRAIN - PRODUCTION, MEASURED IN BU","TOTAL","NOT SPECIFIED","35,527,583",""
"CENSUS","2007","YEAR","","COUNTY","IOWA","19","CENTRAL","50","STORY","169","","","00000000","","CORN","CORN, SILAGE - PRODUCTION, MEASURED IN TONS","TOTAL","NOT SPECIFIED","22,442",""
"CENSUS","2007","YEAR","","COUNTY","IOWA","19","CENTRAL","50","TAMA","171","","","00000000","","CORN","CORN - OPERATIONS WITH SALES","TOTAL","NOT SPECIFIED","682",""
"CENSUS","2007","YEAR","","COUNTY","IOWA","19","CENTRAL","50","TAMA","171","","","00000000","","CORN","CORN - SALES, MEASURED IN $","TOTAL","NOT SPECIFIED","104,611,000",""
"CENSUS","2007","YEAR","","COUNTY","IOWA","19","CENTRAL","50","TAMA","171","","","00000000","","CORN","CORN, GRAIN - PRODUCTION, MEASURED IN BU","TOTAL","NOT SPECIFIED","33,475,285",""
"CENSUS","2007","YEAR","","COUNTY","IOWA","19","CENTRAL","50","TAMA","171","","","00000000","","CORN","CORN, SILAGE - PRODUCTION, MEASURED IN TONS","TOTAL","NOT SPECIFIED","17,733",""
"CENSUS","2007","YEAR","","COUNTY","IOWA","19","CENTRAL","50","WEBSTER","187","","","00000000","","CORN","CORN - OPERATIONS WITH SALES","TOTAL","NOT SPECIFIED","736",""
"CENSUS","2007","YEAR","","COUNTY","IOWA","19","CENTRAL","50","WEBSTER","187","","","00000000","","CORN","CORN - SALES, MEASURED IN $","TOTAL","NOT SPECIFIED","133,802,000",""
"CENSUS","2007","YEAR","","COUNTY","IOWA","19","CENTRAL","50","WEBSTER","187","","","00000000","","CORN","CORN, GRAIN - PRODUCTION, MEASURED IN BU","TOTAL","NOT SPECIFIED","42,141,858",""
"CENSUS","2007","YEAR","","COUNTY","IOWA","19","CENTRAL","50","WEBSTER","187","","","00000000","","CORN","CORN, SILAGE - PRODUCTION, MEASURED IN TONS","TOTAL","NOT SPECIFIED","9,523",""
"CENSUS","2007","YEAR","","COUNTY","IOWA","19","EAST CENTRAL","60","BENTON","011","","","00000000","","CORN","CORN - OPERATIONS WITH SALES","TOTAL","NOT SPECIFIED","749",""
"CENSUS","2007","YEAR","","COUNTY","IOWA","19","EAST CENTRAL","60","BENTON","011","","","00000000","","CORN","CORN - SALES, MEASURED IN $","TOTAL","NOT SPECIFIED","99,769,000",""
"CENSUS","2007","YEAR","","COUNTY","IOWA","19","EAST CENTRAL","60","BENTON","011","","","00000000","","CORN","CORN, GRAIN - PRODUCTION, MEASURED IN BU","TOTAL","NOT SPECIFIED","33,052,802",""
"CENSUS","2007","YEAR","","COUNTY","IOWA","19","EAST CENTRAL","60","BENTON","011","","","00000000","","CORN","CORN, SILAGE - PRODUCTION, MEASURED IN TONS","TOTAL","NOT SPECIFIED","43,350",""
"CENSUS","2007","YEAR","","COUNTY","IOWA","19","EAST CENTRAL","60","CEDAR","031","","","00000000","","CORN","CORN - OPERATIONS WITH SALES","TOTAL","NOT SPECIFIED","602",""
"CENSUS","2007","YEAR","","COUNTY","IOWA","19","EAST CENTRAL","60","CEDAR","031","","","00000000","","CORN","CORN - SALES, MEASURED IN $","TOTAL","NOT SPECIFIED","93,272,000",""
"CENSUS","2007","YEAR","","COUNTY","IOWA","19","EAST CENTRAL","60","CEDAR","031","","","00000000","","CORN","CORN, GRAIN - PRODUCTION, MEASURED IN BU","TOTAL","NOT SPECIFIED","31,437,715",""
"CENSUS","2007","YEAR","","COUNTY","IOWA","19","EAST CENTRAL","60","CEDAR","031","","","00000000","","CORN","CORN, SILAGE - PRODUCTION, MEASURED IN TONS","TOTAL","NOT SPECIFIED","16,023",""
"CENSUS","2007","YEAR","","COUNTY","IOWA","19","EAST CENTRAL","60","CLINTON","045","","","00000000","","CORN","CORN - OPERATIONS WITH SALES","TOTAL","NOT SPECIFIED","830",""
"CENSUS","2007","YEAR","","COUNTY","IOWA","19","EAST CENTRAL","60","CLINTON","045","","","00000000","","CORN","CORN - SALES, MEASURED IN $","TOTAL","NOT SPECIFIED","105,856,000",""
"CENSUS","2007","YEAR","","COUNTY","IOWA","19","EAST CENTRAL","60","CLINTON","045","","","00000000","","CORN","CORN, GRAIN - PRODUCTION, MEASURED IN BU","TOTAL","NOT SPECIFIED","37,427,710",""
"CENSUS","2007","YEAR","","COUNTY","IOWA","19","EAST CENTRAL","60","CLINTON","045","","","00000000","","CORN","CORN, SILAGE - PRODUCTION, MEASURED IN TONS","TOTAL","NOT SPECIFIED","60,746",""
"CENSUS","2007","YEAR","","COUNTY","IOWA","19","EAST CENTRAL","60","IOWA","095","","","00000000","","CORN","CORN - OPERATIONS WITH SALES","TOTAL","NOT SPECIFIED","568",""
"CENSUS","2007","YEAR","","COUNTY","IOWA","19","EAST CENTRAL","60","IOWA","095","","","00000000","","CORN","CORN - SALES, MEASURED IN $","TOTAL","NOT SPECIFIED","66,018,000",""
"CENSUS","2007","YEAR","","COUNTY","IOWA","19","EAST CENTRAL","60","IOWA","095","","","00000000","","CORN","CORN, GRAIN - PRODUCTION, MEASURED IN BU","TOTAL","NOT SPECIFIED","23,265,887",""
"CENSUS","2007","YEAR","","COUNTY","IOWA","19","EAST CENTRAL","60","IOWA","095","","","00000000","","CORN","CORN, SILAGE - PRODUCTION, MEASURED IN TONS","TOTAL","NOT SPECIFIED","62,930",""
"CENSUS","2007","YEAR","","COUNTY","IOWA","19","EAST CENTRAL","60","JACKSON","097","","","00000000","","CORN","CORN - OPERATIONS WITH SALES","TOTAL","NOT SPECIFIED","478",""
"CENSUS","2007","YEAR","","COUNTY","IOWA","19","EAST CENTRAL","60","JACKSON","097","","","00000000","","CORN","CORN - SALES, MEASURED IN $","TOTAL","NOT SPECIFIED","37,820,000",""
"CENSUS","2007","YEAR","","COUNTY","IOWA","19","EAST CENTRAL","60","JACKSON","097","","","00000000","","CORN","CORN, GRAIN - PRODUCTION, MEASURED IN BU","TOTAL","NOT SPECIFIED","14,008,201",""
"CENSUS","2007","YEAR","","COUNTY","IOWA","19","EAST CENTRAL","60","JACKSON","097","","","00000000","","CORN","CORN, SILAGE - PRODUCTION, MEASURED IN TONS","TOTAL","NOT SPECIFIED","56,354",""
"CENSUS","2007","YEAR","","COUNTY","IOWA","19","EAST CENTRAL","60","JOHNSON","103","","","00000000","","CORN","CORN - OPERATIONS WITH SALES","TOTAL","NOT SPECIFIED","652",""
"CENSUS","2007","YEAR","","COUNTY","IOWA","19","EAST CENTRAL","60","JOHNSON","103","","","00000000","","CORN","CORN - SALES, MEASURED IN $","TOTAL","NOT SPECIFIED","70,915,000",""
"CENSUS","2007","YEAR","","COUNTY","IOWA","19","EAST CENTRAL","60","JOHNSON","103","","","00000000","","CORN","CORN, GRAIN - PRODUCTION, MEASURED IN BU","TOTAL","NOT SPECIFIED","24,528,764",""
"CENSUS","2007","YEAR","","COUNTY","IOWA","19","EAST CENTRAL","60","JOHNSON","103","","","00000000","","CORN","CORN, SILAGE - PRODUCTION, MEASURED IN TONS","TOTAL","NOT SPECIFIED","30,499",""
"CENSUS","2007","YEAR","","COUNTY","IOWA","19","EAST CENTRAL","60","JONES","105","","","00000000","","CORN","CORN - OPERATIONS WITH SALES","TOTAL","NOT SPECIFIED","628",""
"CENSUS","2007","YEAR","","COUNTY","IOWA","19","EAST CENTRAL","60","JONES","105","","","00000000","","CORN","CORN - SALES, MEASURED IN $","TOTAL","NOT SPECIFIED","76,942,000",""
"CENSUS","2007","YEAR","","COUNTY","IOWA","19","EAST CENTRAL","60","JONES","105","","","00000000","","CORN","CORN, GRAIN - PRODUCTION, MEASURED IN BU","TOTAL","NOT SPECIFIED","29,617,480",""
"CENSUS","2007","YEAR","","COUNTY","IOWA","19","EAST CENTRAL","60","JONES","105","","","00000000","","CORN","CORN, SILAGE - PRODUCTION, MEASURED IN TONS","TOTAL","NOT SPECIFIED","51,652",""
"CENSUS","2007","YEAR","","COUNTY","IOWA","19","EAST CENTRAL","60","LINN","113","","","00000000","","CORN","CORN - OPERATIONS WITH SALES","TOTAL","NOT SPECIFIED","814",""
"CENSUS","2007","YEAR","","COUNTY","IOWA","19","EAST CENTRAL","60","LINN","113","","","00000000","","CORN","CORN - SALES, MEASURED IN $","TOTAL","NOT SPECIFIED","79,012,000",""
"CENSUS","2007","YEAR","","COUNTY","IOWA","19","EAST CENTRAL","60","LINN","113","","","00000000","","CORN","CORN, GRAIN - PRODUCTION, MEASURED IN BU","TOTAL","NOT SPECIFIED","27,527,356",""
"CENSUS","2007","YEAR","","COUNTY","IOWA","19","EAST CENTRAL","60","LINN","113","","","00000000","","CORN","CORN, SILAGE - PRODUCTION, MEASURED IN TONS","TOTAL","NOT SPECIFIED","36,700",""
"CENSUS","2007","YEAR","","COUNTY","IOWA","19","EAST CENTRAL","60","MUSCATINE","139","","","00000000","","CORN","CORN - OPERATIONS WITH SALES","TOTAL","NOT SPECIFIED","457",""
"CENSUS","2007","YEAR","","COUNTY","IOWA","19","EAST CENTRAL","60","MUSCATINE","139","","","00000000","","CORN","CORN - SALES, MEASURED IN $","TOTAL","NOT SPECIFIED","56,179,000",""
"CENSUS","2007","YEAR","","COUNTY","IOWA","19","EAST CENTRAL","60","MUSCATINE","139","","","00000000","","CORN","CORN, GRAIN - PRODUCTION, MEASURED IN BU","TOTAL","NOT SPECIFIED","18,151,368",""
"CENSUS","2007","YEAR","","COUNTY","IOWA","19","EAST CENTRAL","60","MUSCATINE","139","","","00000000","","CORN","CORN, SILAGE - PRODUCTION, MEASURED IN TONS","TOTAL","NOT SPECIFIED","18,110",""
"CENSUS","2007","YEAR","","COUNTY","IOWA","19","EAST CENTRAL","60","SCOTT","163","","","00000000","","CORN","CORN - OPERATIONS WITH SALES","TOTAL","NOT SPECIFIED","554",""
"CENSUS","2007","YEAR","","COUNTY","IOWA","19","EAST CENTRAL","60","SCOTT","163","","","00000000","","CORN","CORN - SALES, MEASURED IN $","TOTAL","NOT SPECIFIED","71,921,000",""
"CENSUS","2007","YEAR","","COUNTY","IOWA","19","EAST CENTRAL","60","SCOTT","163","","","00000000","","CORN","CORN, GRAIN - PRODUCTION, MEASURED IN BU","TOTAL","NOT SPECIFIED","26,647,105",""
"CENSUS","2007","YEAR","","COUNTY","IOWA","19","EAST CENTRAL","60","SCOTT","163","","","00000000","","CORN","CORN, SILAGE - PRODUCTION, MEASURED IN TONS","TOTAL","NOT SPECIFIED","15,739",""
"CENSUS","2007","YEAR","","COUNTY","IOWA","19","NORTH CENTRAL","20","BUTLER","023","","","00000000","","CORN","CORN - OPERATIONS WITH SALES","TOTAL","NOT SPECIFIED","689",""
"CENSUS","2007","YEAR","","COUNTY","IOWA","19","NORTH CENTRAL","20","BUTLER","023","","","00000000","","CORN","CORN - SALES, MEASURED IN $","TOTAL","NOT SPECIFIED","108,970,000",""
"CENSUS","2007","YEAR","","COUNTY","IOWA","19","NORTH CENTRAL","20","BUTLER","023","","","00000000","","CORN","CORN, GRAIN - PRODUCTION, MEASURED IN BU","TOTAL","NOT SPECIFIED","36,507,878",""
"CENSUS","2007","YEAR","","COUNTY","IOWA","19","NORTH CENTRAL","20","BUTLER","023","","","00000000","","CORN","CORN, SILAGE - PRODUCTION, MEASURED IN TONS","TOTAL","NOT SPECIFIED","23,695",""
"CENSUS","2007","YEAR","","COUNTY","IOWA","19","NORTH CENTRAL","20","CERRO GORDO","033","","","00000000","","CORN","CORN - OPERATIONS WITH SALES","TOTAL","NOT SPECIFIED","505",""
"CENSUS","2007","YEAR","","COUNTY","IOWA","19","NORTH CENTRAL","20","CERRO GORDO","033","","","00000000","","CORN","CORN - SALES, MEASURED IN $","TOTAL","NOT SPECIFIED","107,003,000",""
"CENSUS","2007","YEAR","","COUNTY","IOWA","19","NORTH CENTRAL","20","CERRO GORDO","033","","","00000000","","CORN","CORN, GRAIN - PRODUCTION, MEASURED IN BU","TOTAL","NOT SPECIFIED","36,673,527",""
"CENSUS","2007","YEAR","","COUNTY","IOWA","19","NORTH CENTRAL","20","CERRO GORDO","033","","","00000000","","CORN","CORN, SILAGE - PRODUCTION, MEASURED IN TONS","TOTAL","NOT SPECIFIED","9,981",""
"CENSUS","2007","YEAR","","COUNTY","IOWA","19","NORTH CENTRAL","20","FLOYD","067","","","00000000","","CORN","CORN - OPERATIONS WITH SALES","TOTAL","NOT SPECIFIED","553",""
"CENSUS","2007","YEAR","","COUNTY","IOWA","19","NORTH CENTRAL","20","FLOYD","067","","","00000000","","CORN","CORN - SALES, MEASURED IN $","TOTAL","NOT SPECIFIED","71,552,000",""
"CENSUS","2007","YEAR","","COUNTY","IOWA","19","NORTH CENTRAL","20","FLOYD","067","","","00000000","","CORN","CORN, GRAIN - PRODUCTION, MEASURED IN BU","TOTAL","NOT SPECIFIED","25,516,357",""
"CENSUS","2007","YEAR","","COUNTY","IOWA","19","NORTH CENTRAL","20","FLOYD","067","","","00000000","","CORN","CORN, SILAGE - PRODUCTION, MEASURED IN TONS","TOTAL","NOT SPECIFIED","46,821",""
"CENSUS","2007","YEAR","","COUNTY","IOWA","19","NORTH CENTRAL","20","FRANKLIN","069","","","00000000","","CORN","CORN - OPERATIONS WITH SALES","TOTAL","NOT SPECIFIED","595",""
"CENSUS","2007","YEAR","","COUNTY","IOWA","19","NORTH CENTRAL","20","FRANKLIN","069","","","00000000","","CORN","CORN - SALES, MEASURED IN $","TOTAL","NOT SPECIFIED","115,039,000",""
"CENSUS","2007","YEAR","","COUNTY","IOWA","19","NORTH CENTRAL","20","FRANKLIN","069","","","00000000","","CORN","CORN, GRAIN - PRODUCTION, MEASURED IN BU","TOTAL","NOT SPECIFIED","39,222,127",""
"CENSUS","2007","YEAR","","COUNTY","IOWA","19","NORTH CENTRAL","20","FRANKLIN","069","","","00000000","","CORN","CORN, SILAGE - PRODUCTION, MEASURED IN TONS","TOTAL","NOT SPECIFIED","26,196",""
"CENSUS","2007","YEAR","","COUNTY","IOWA","19","NORTH CENTRAL","20","HANCOCK","081","","","00000000","","CORN","CORN - OPERATIONS WITH SALES","TOTAL","NOT SPECIFIED","647",""
"CENSUS","2007","YEAR","","COUNTY","IOWA","19","NORTH CENTRAL","20","HANCOCK","081","","","00000000","","CORN","CORN - SALES, MEASURED IN $","TOTAL","NOT SPECIFIED","110,539,000",""
"CENSUS","2007","YEAR","","COUNTY","IOWA","19","NORTH CENTRAL","20","HANCOCK","081","","","00000000","","CORN","CORN, GRAIN - PRODUCTION, MEASURED IN BU","TOTAL","NOT SPECIFIED","38,351,445",""
"CENSUS","2007","YEAR","","COUNTY","IOWA","19","NORTH CENTRAL","20","HANCOCK","081","","","00000000","","CORN","CORN, SILAGE - PRODUCTION, MEASURED IN TONS","TOTAL","NOT SPECIFIED","18,542",""
"CENSUS","2007","YEAR","","COUNTY","IOWA","19","NORTH CENTRAL","20","HUMBOLDT","091","","","00000000","","CORN","CORN - OPERATIONS WITH SALES","TOTAL","NOT SPECIFIED","473",""
"CENSUS","2007","YEAR","","COUNTY","IOWA","19","NORTH CENTRAL","20","HUMBOLDT","091","","","00000000","","CORN","CORN - SALES, MEASURED IN $","TOTAL","NOT SPECIFIED","78,926,000",""
"CENSUS","2007","YEAR","","COUNTY","IOWA","19","NORTH CENTRAL","20","HUMBOLDT","091","","","00000000","","CORN","CORN, GRAIN - PRODUCTION, MEASURED IN BU","TOTAL","NOT SPECIFIED","25,684,300",""
"CENSUS","2007","YEAR","","COUNTY","IOWA","19","NORTH CENTRAL","20","HUMBOLDT","091","","","00000000","","CORN","CORN, SILAGE - PRODUCTION, MEASURED IN TONS","TOTAL","NOT SPECIFIED","22,480",""
"CENSUS","2007","YEAR","","COUNTY","IOWA","19","NORTH CENTRAL","20","KOSSUTH","109","","","00000000","","CORN","CORN - OPERATIONS WITH SALES","TOTAL","NOT SPECIFIED","982",""
"CENSUS","2007","YEAR","","COUNTY","IOWA","19","NORTH CENTRAL","20","KOSSUTH","109","","","00000000","","CORN","CORN - SALES, MEASURED IN $","TOTAL","NOT SPECIFIED","168,206,000",""
"CENSUS","2007","YEAR","","COUNTY","IOWA","19","NORTH CENTRAL","20","KOSSUTH","109","","","00000000","","CORN","CORN, GRAIN - PRODUCTION, MEASURED IN BU","TOTAL","NOT SPECIFIED","59,020,098",""
"CENSUS","2007","YEAR","","COUNTY","IOWA","19","NORTH CENTRAL","20","KOSSUTH","109","","","00000000","","CORN","CORN, SILAGE - PRODUCTION, MEASURED IN TONS","TOTAL","NOT SPECIFIED","51,978",""
"CENSUS","2007","YEAR","","COUNTY","IOWA","19","NORTH CENTRAL","20","MITCHELL","131","","","00000000","","CORN","CORN - OPERATIONS WITH SALES","TOTAL","NOT SPECIFIED","550",""
"CENSUS","2007","YEAR","","COUNTY","IOWA","19","NORTH CENTRAL","20","MITCHELL","131","","","00000000","","CORN","CORN - SALES, MEASURED IN $","TOTAL","NOT SPECIFIED","79,503,000",""
"CENSUS","2007","YEAR","","COUNTY","IOWA","19","NORTH CENTRAL","20","MITCHELL","131","","","00000000","","CORN","CORN, GRAIN - PRODUCTION, MEASURED IN BU","TOTAL","NOT SPECIFIED","27,331,080",""
"CENSUS","2007","YEAR","","COUNTY","IOWA","19","NORTH CENTRAL","20","MITCHELL","131","","","00000000","","CORN","CORN, SILAGE - PRODUCTION, MEASURED IN TONS","TOTAL","NOT SPECIFIED","95,400",""
"CENSUS","2007","YEAR","","COUNTY","IOWA","19","NORTH CENTRAL","20","WINNEBAGO","189","","","00000000","","CORN","CORN - OPERATIONS WITH SALES","TOTAL","NOT SPECIFIED","388",""
"CENSUS","2007","YEAR","","COUNTY","IOWA","19","NORTH CENTRAL","20","WINNEBAGO","189","","","00000000","","CORN","CORN - SALES, MEASURED IN $","TOTAL","NOT SPECIFIED","72,706,000",""
"CENSUS","2007","YEAR","","COUNTY","IOWA","19","NORTH CENTRAL","20","WINNEBAGO","189","","","00000000","","CORN","CORN, GRAIN - PRODUCTION, MEASURED IN BU","TOTAL","NOT SPECIFIED","24,901,961",""
"CENSUS","2007","YEAR","","COUNTY","IOWA","19","NORTH CENTRAL","20","WINNEBAGO","189","","","00000000","","CORN","CORN, SILAGE - PRODUCTION, MEASURED IN TONS","TOTAL","NOT SPECIFIED","5,366",""
"CENSUS","2007","YEAR","","COUNTY","IOWA","19","NORTH CENTRAL","20","WORTH","195","","","00000000","","CORN","CORN - OPERATIONS WITH SALES","TOTAL","NOT SPECIFIED","348",""
"CENSUS","2007","YEAR","","COUNTY","IOWA","19","NORTH CENTRAL","20","WORTH","195","","","00000000","","CORN","CORN - SALES, MEASURED IN $","TOTAL","NOT SPECIFIED","60,693,000",""
"CENSUS","2007","YEAR","","COUNTY","IOWA","19","NORTH CENTRAL","20","WORTH","195","","","00000000","","CORN","CORN, GRAIN - PRODUCTION, MEASURED IN BU","TOTAL","NOT SPECIFIED","19,773,356",""
"CENSUS","2007","YEAR","","COUNTY","IOWA","19","NORTH CENTRAL","20","WORTH","195","","","00000000","","CORN","CORN, SILAGE - PRODUCTION, MEASURED IN TONS","TOTAL","NOT SPECIFIED","9,153",""
"CENSUS","2007","YEAR","","COUNTY","IOWA","19","NORTH CENTRAL","20","WRIGHT","197","","","00000000","","CORN","CORN - OPERATIONS WITH SALES","TOTAL","NOT SPECIFIED","490",""
"CENSUS","2007","YEAR","","COUNTY","IOWA","19","NORTH CENTRAL","20","WRIGHT","197","","","00000000","","CORN","CORN - SALES, MEASURED IN $","TOTAL","NOT SPECIFIED","96,266,000",""
"CENSUS","2007","YEAR","","COUNTY","IOWA","19","NORTH CENTRAL","20","WRIGHT","197","","","00000000","","CORN","CORN, GRAIN - PRODUCTION, MEASURED IN BU","TOTAL","NOT SPECIFIED","30,627,763",""
"CENSUS","2007","YEAR","","COUNTY","IOWA","19","NORTH CENTRAL","20","WRIGHT","197","","","00000000","","CORN","CORN, SILAGE - PRODUCTION, MEASURED IN TONS","TOTAL","NOT SPECIFIED","3,110",""
"CENSUS","2007","YEAR","","COUNTY","IOWA","19","NORTHEAST","30","ALLAMAKEE","005","","","00000000","","CORN","CORN - OPERATIONS WITH SALES","TOTAL","NOT SPECIFIED","343",""
"CENSUS","2007","YEAR","","COUNTY","IOWA","19","NORTHEAST","30","ALLAMAKEE","005","","","00000000","","CORN","CORN - SALES, MEASURED IN $","TOTAL","NOT SPECIFIED","21,837,000",""
"CENSUS","2007","YEAR","","COUNTY","IOWA","19","NORTHEAST","30","ALLAMAKEE","005","","","00000000","","CORN","CORN, GRAIN - PRODUCTION, MEASURED IN BU","TOTAL","NOT SPECIFIED","9,816,831",""
"CENSUS","2007","YEAR","","COUNTY","IOWA","19","NORTHEAST","30","ALLAMAKEE","005","","","00000000","","CORN","CORN, SILAGE - PRODUCTION, MEASURED IN TONS","TOTAL","NOT SPECIFIED","149,549",""
"CENSUS","2007","YEAR","","COUNTY","IOWA","19","NORTHEAST","30","BLACK HAWK","013","","","00000000","","CORN","CORN - OPERATIONS WITH SALES","TOTAL","NOT SPECIFIED","600",""
"CENSUS","2007","YEAR","","COUNTY","IOWA","19","NORTHEAST","30","BLACK HAWK","013","","","00000000","","CORN","CORN - SALES, MEASURED IN $","TOTAL","NOT SPECIFIED","79,862,000",""
"CENSUS","2007","YEAR","","COUNTY","IOWA","19","NORTHEAST","30","BLACK HAWK","013","","","00000000","","CORN","CORN, GRAIN - PRODUCTION, MEASURED IN BU","TOTAL","NOT SPECIFIED","25,419,237",""
"CENSUS","2007","YEAR","","COUNTY","IOWA","19","NORTHEAST","30","BLACK HAWK","013","","","00000000","","CORN","CORN, SILAGE - PRODUCTION, MEASURED IN TONS","TOTAL","NOT SPECIFIED","27,292",""
"CENSUS","2007","YEAR","","COUNTY","IOWA","19","NORTHEAST","30","BREMER","017","","","00000000","","CORN","CORN - OPERATIONS WITH SALES","TOTAL","NOT SPECIFIED","610",""
"CENSUS","2007","YEAR","","COUNTY","IOWA","19","NORTHEAST","30","BREMER","017","","","00000000","","CORN","CORN - SALES, MEASURED IN $","TOTAL","NOT SPECIFIED","69,244,000",""
"CENSUS","2007","YEAR","","COUNTY","IOWA","19","NORTHEAST","30","BREMER","017","","","00000000","","CORN","CORN, GRAIN - PRODUCTION, MEASURED IN BU","TOTAL","NOT SPECIFIED","23,420,829",""
"CENSUS","2007","YEAR","","COUNTY","IOWA","19","NORTHEAST","30","BREMER","017","","","00000000","","CORN","CORN, SILAGE - PRODUCTION, MEASURED IN TONS","TOTAL","NOT SPECIFIED","32,149",""
"CENSUS","2007","YEAR","","COUNTY","IOWA","19","NORTHEAST","30","BUCHANAN","019","","","00000000","","CORN","CORN - OPERATIONS WITH SALES","TOTAL","NOT SPECIFIED","762",""
"CENSUS","2007","YEAR","","COUNTY","IOWA","19","NORTHEAST","30","BUCHANAN","019","","","00000000","","CORN","CORN - SALES, MEASURED IN $","TOTAL","NOT SPECIFIED","104,922,000",""
"CENSUS","2007","YEAR","","COUNTY","IOWA","19","NORTHEAST","30","BUCHANAN","019","","","00000000","","CORN","CORN, GRAIN - PRODUCTION, MEASURED IN BU","TOTAL","NOT SPECIFIED","37,902,000",""
"CENSUS","2007","YEAR","","COUNTY","IOWA","19","NORTHEAST","30","BUCHANAN","019","","","00000000","","CORN","CORN, SILAGE - PRODUCTION, MEASURED IN TONS","TOTAL","NOT SPECIFIED","39,700",""
"CENSUS","2007","YEAR","","COUNTY","IOWA","19","NORTHEAST","30","CHICKASAW","037","","","00000000","","CORN","CORN - OPERATIONS WITH SALES","TOTAL","NOT SPECIFIED","616",""
"CENSUS","2007","YEAR","","COUNTY","IOWA","19","NORTHEAST","30","CHICKASAW","037","","","00000000","","CORN","CORN - SALES, MEASURED IN $","TOTAL","NOT SPECIFIED","64,286,000",""
"CENSUS","2007","YEAR","","COUNTY","IOWA","19","NORTHEAST","30","CHICKASAW","037","","","00000000","","CORN","CORN, GRAIN - PRODUCTION, MEASURED IN BU","TOTAL","NOT SPECIFIED","23,972,536",""
"CENSUS","2007","YEAR","","COUNTY","IOWA","19","NORTHEAST","30","CHICKASAW","037","","","00000000","","CORN","CORN, SILAGE - PRODUCTION, MEASURED IN TONS","TOTAL","NOT SPECIFIED","65,365",""
"CENSUS","2007","YEAR","","COUNTY","IOWA","19","NORTHEAST","30","CLAYTON","043","","","00000000","","CORN","CORN - OPERATIONS WITH SALES","TOTAL","NOT SPECIFIED","741",""
"CENSUS","2007","YEAR","","COUNTY","IOWA","19","NORTHEAST","30","CLAYTON","043","","","00000000","","CORN","CORN - SALES, MEASURED IN $","TOTAL","NOT SPECIFIED","63,855,000",""
"CENSUS","2007","YEAR","","COUNTY","IOWA","19","NORTHEAST","30","CLAYTON","043","","","00000000","","CORN","CORN, GRAIN - PRODUCTION, MEASURED IN BU","TOTAL","NOT SPECIFIED","25,113,280",""
"CENSUS","2007","YEAR","","COUNTY","IOWA","19","NORTHEAST","30","CLAYTON","043","","","00000000","","CORN","CORN, SILAGE - PRODUCTION, MEASURED IN TONS","TOTAL","NOT SPECIFIED","113,807",""
"CENSUS","2007","YEAR","","COUNTY","IOWA","19","NORTHEAST","30","DELAWARE","055","","","00000000","","CORN","CORN - OPERATIONS WITH SALES","TOTAL","NOT SPECIFIED","866",""
"CENSUS","2007","YEAR","","COUNTY","IOWA","19","NORTHEAST","30","DELAWARE","055","","","00000000","","CORN","CORN - SALES, MEASURED IN $","TOTAL","NOT SPECIFIED","78,136,000",""
"CENSUS","2007","YEAR","","COUNTY","IOWA","19","NORTHEAST","30","DELAWARE","055","","","00000000","","CORN","CORN, GRAIN - PRODUCTION, MEASURED IN BU","TOTAL","NOT SPECIFIED","33,926,814",""
"CENSUS","2007","YEAR","","COUNTY","IOWA","19","NORTHEAST","30","DELAWARE","055","","","00000000","","CORN","CORN, SILAGE - PRODUCTION, MEASURED IN TONS","TOTAL","NOT SPECIFIED","178,136",""
"CENSUS","2007","YEAR","","COUNTY","IOWA","19","NORTHEAST","30","DUBUQUE","061","","","00000000","","CORN","CORN - OPERATIONS WITH SALES","TOTAL","NOT SPECIFIED","749",""
"CENSUS","2007","YEAR","","COUNTY","IOWA","19","NORTHEAST","30","DUBUQUE","061","","","00000000","","CORN","CORN - SALES, MEASURED IN $","TOTAL","NOT SPECIFIED","48,255,000",""
"CENSUS","2007","YEAR","","COUNTY","IOWA","19","NORTHEAST","30","DUBUQUE","061","","","00000000","","CORN","CORN, GRAIN - PRODUCTION, MEASURED IN BU","TOTAL","NOT SPECIFIED","23,551,191",""
"CENSUS","2007","YEAR","","COUNTY","IOWA","19","NORTHEAST","30","DUBUQUE","061","","","00000000","","CORN","CORN, SILAGE - PRODUCTION, MEASURED IN TONS","TOTAL","NOT SPECIFIED","172,174",""
"CENSUS","2007","YEAR","","COUNTY","IOWA","19","NORTHEAST","30","FAYETTE","065","","","00000000","","CORN","CORN - OPERATIONS WITH SALES","TOTAL","NOT SPECIFIED","777",""
"CENSUS","2007","YEAR","","COUNTY","IOWA","19","NORTHEAST","30","FAYETTE","065","","","00000000","","CORN","CORN - SALES, MEASURED IN $","TOTAL","NOT SPECIFIED","96,256,000",""
"CENSUS","2007","YEAR","","COUNTY","IOWA","19","NORTHEAST","30","FAYETTE","065","","","00000000","","CORN","CORN, GRAIN - PRODUCTION, MEASURED IN BU","TOTAL","NOT SPECIFIED","32,851,451",""
"CENSUS","2007","YEAR","","COUNTY","IOWA","19","NORTHEAST","30","FAYETTE","065","","","00000000","","CORN","CORN, SILAGE - PRODUCTION, MEASURED IN TONS","TOTAL","NOT SPECIFIED","125,286",""
"CENSUS","2007","YEAR","","COUNTY","IOWA","19","NORTHEAST","30","HOWARD","089","","","00000000","","CORN","CORN - OPERATIONS WITH SALES","TOTAL","NOT SPECIFIED","459",""
"CENSUS","2007","YEAR","","COUNTY","IOWA","19","NORTHEAST","30","HOWARD","089","","","00000000","","CORN","CORN - SALES, MEASURED IN $","TOTAL","NOT SPECIFIED","55,634,000",""
"CENSUS","2007","YEAR","","COUNTY","IOWA","19","NORTHEAST","30","HOWARD","089","","","00000000","","CORN","CORN, GRAIN - PRODUCTION, MEASURED IN BU","TOTAL","NOT SPECIFIED","20,610,632",""
"CENSUS","2007","YEAR","","COUNTY","IOWA","19","NORTHEAST","30","HOWARD","089","","","00000000","","CORN","CORN, SILAGE - PRODUCTION, MEASURED IN TONS","TOTAL","NOT SPECIFIED","92,739",""
"CENSUS","2007","YEAR","","COUNTY","IOWA","19","NORTHEAST","30","WINNESHIEK","191","","","00000000","","CORN","CORN - OPERATIONS WITH SALES","TOTAL","NOT SPECIFIED","621",""
"CENSUS","2007","YEAR","","COUNTY","IOWA","19","NORTHEAST","30","WINNESHIEK","191","","","00000000","","CORN","CORN - SALES, MEASURED IN $","TOTAL","NOT SPECIFIED","49,092,000",""
"CENSUS","2007","YEAR","","COUNTY","IOWA","19","NORTHEAST","30","WINNESHIEK","191","","","00000000","","CORN","CORN, GRAIN - PRODUCTION, MEASURED IN BU","TOTAL","NOT SPECIFIED","19,188,269",""
"CENSUS","2007","YEAR","","COUNTY","IOWA","19","NORTHEAST","30","WINNESHIEK","191","","","00000000","","CORN","CORN, SILAGE - PRODUCTION, MEASURED IN TONS","TOTAL","NOT SPECIFIED","179,835",""
"CENSUS","2007","YEAR","","COUNTY","IOWA","19","NORTHWEST","10","BUENA VISTA","021","","","00000000","","CORN","CORN - OPERATIONS WITH SALES","TOTAL","NOT SPECIFIED","625",""
"CENSUS","2007","YEAR","","COUNTY","IOWA","19","NORTHWEST","10","BUENA VISTA","021","","","00000000","","CORN","CORN - SALES, MEASURED IN $","TOTAL","NOT SPECIFIED","89,853,000",""
"CENSUS","2007","YEAR","","COUNTY","IOWA","19","NORTHWEST","10","BUENA VISTA","021","","","00000000","","CORN","CORN, GRAIN - PRODUCTION, MEASURED IN BU","TOTAL","NOT SPECIFIED","29,643,976",""
"CENSUS","2007","YEAR","","COUNTY","IOWA","19","NORTHWEST","10","BUENA VISTA","021","","","00000000","","CORN","CORN, SILAGE - PRODUCTION, MEASURED IN TONS","TOTAL","NOT SPECIFIED","31,244",""
"CENSUS","2007","YEAR","","COUNTY","IOWA","19","NORTHWEST","10","CHEROKEE","035","","","00000000","","CORN","CORN - OPERATIONS WITH SALES","TOTAL","NOT SPECIFIED","603",""
"CENSUS","2007","YEAR","","COUNTY","IOWA","19","NORTHWEST","10","CHEROKEE","035","","","00000000","","CORN","CORN - SALES, MEASURED IN $","TOTAL","NOT SPECIFIED","68,671,000",""
"CENSUS","2007","YEAR","","COUNTY","IOWA","19","NORTHWEST","10","CHEROKEE","035","","","00000000","","CORN","CORN, GRAIN - PRODUCTION, MEASURED IN BU","TOTAL","NOT SPECIFIED","22,871,115",""
"CENSUS","2007","YEAR","","COUNTY","IOWA","19","NORTHWEST","10","CHEROKEE","035","","","00000000","","CORN","CORN, SILAGE - PRODUCTION, MEASURED IN TONS","TOTAL","NOT SPECIFIED","75,795",""
"CENSUS","2007","YEAR","","COUNTY","IOWA","19","NORTHWEST","10","CLAY","041","","","00000000","","CORN","CORN - OPERATIONS WITH SALES","TOTAL","NOT SPECIFIED","519",""
"CENSUS","2007","YEAR","","COUNTY","IOWA","19","NORTHWEST","10","CLAY","041","","","00000000","","CORN","CORN - SALES, MEASURED IN $","TOTAL","NOT SPECIFIED","76,135,000",""
"CENSUS","2007","YEAR","","COUNTY","IOWA","19","NORTHWEST","10","CLAY","041","","","00000000","","CORN","CORN, GRAIN - PRODUCTION, MEASURED IN BU","TOTAL","NOT SPECIFIED","25,227,512",""
"CENSUS","2007","YEAR","","COUNTY","IOWA","19","NORTHWEST","10","CLAY","041","","","00000000","","CORN","CORN, SILAGE - PRODUCTION, MEASURED IN TONS","TOTAL","NOT SPECIFIED","28,757",""
"CENSUS","2007","YEAR","","COUNTY","IOWA","19","NORTHWEST","10","DICKINSON","059","","","00000000","","CORN","CORN - OPERATIONS WITH SALES","TOTAL","NOT SPECIFIED","355",""
"CENSUS","2007","YEAR","","COUNTY","IOWA","19","NORTHWEST","10","DICKINSON","059","","","00000000","","CORN","CORN - SALES, MEASURED IN $","TOTAL","NOT SPECIFIED","59,122,000",""
"CENSUS","2007","YEAR","","COUNTY","IOWA","19","NORTHWEST","10","DICKINSON","059","","","00000000","","CORN","CORN, GRAIN - PRODUCTION, MEASURED IN BU","TOTAL","NOT SPECIFIED","18,869,813",""
"CENSUS","2007","YEAR","","COUNTY","IOWA","19","NORTHWEST","10","DICKINSON","059","","","00000000","","CORN","CORN, SILAGE - PRODUCTION, MEASURED IN TONS","TOTAL","NOT SPECIFIED","38,391",""
"CENSUS","2007","YEAR","","COUNTY","IOWA","19","NORTHWEST","10","EMMET","063","","","00000000","","CORN","CORN - OPERATIONS WITH SALES","TOTAL","NOT SPECIFIED","325",""
"CENSUS","2007","YEAR","","COUNTY","IOWA","19","NORTHWEST","10","EMMET","063","","","00000000","","CORN","CORN - SALES, MEASURED IN $","TOTAL","NOT SPECIFIED","68,913,000",""
"CENSUS","2007","YEAR","","COUNTY","IOWA","19","NORTHWEST","10","EMMET","063","","","00000000","","CORN","CORN, GRAIN - PRODUCTION, MEASURED IN BU","TOTAL","NOT SPECIFIED","22,325,724",""
"CENSUS","2007","YEAR","","COUNTY","IOWA","19","NORTHWEST","10","EMMET","063","","","00000000","","CORN","CORN, SILAGE - PRODUCTION, MEASURED IN TONS","TOTAL","NOT SPECIFIED","18,442",""
"CENSUS","2007","YEAR","","COUNTY","IOWA","19","NORTHWEST","10","LYON","119","","","00000000","","CORN","CORN - OPERATIONS WITH SALES","TOTAL","NOT SPECIFIED","743",""
"CENSUS","2007","YEAR","","COUNTY","IOWA","19","NORTHWEST","10","LYON","119","","","00000000","","CORN","CORN - SALES, MEASURED IN $","TOTAL","NOT SPECIFIED","70,516,000",""
"CENSUS","2007","YEAR","","COUNTY","IOWA","19","NORTHWEST","10","LYON","119","","","00000000","","CORN","CORN, GRAIN - PRODUCTION, MEASURED IN BU","TOTAL","NOT SPECIFIED","24,490,445",""
"CENSUS","2007","YEAR","","COUNTY","IOWA","19","NORTHWEST","10","LYON","119","","","00000000","","CORN","CORN, SILAGE - PRODUCTION, MEASURED IN TONS","TOTAL","NOT SPECIFIED","171,242",""
"CENSUS","2007","YEAR","","COUNTY","IOWA","19","NORTHWEST","10","O BRIEN","141","","","00000000","","CORN","CORN - OPERATIONS WITH SALES","TOTAL","NOT SPECIFIED","707",""
"CENSUS","2007","YEAR","","COUNTY","IOWA","19","NORTHWEST","10","O BRIEN","141","","","00000000","","CORN","CORN - SALES, MEASURED IN $","TOTAL","NOT SPECIFIED","80,845,000",""
"CENSUS","2007","YEAR","","COUNTY","IOWA","19","NORTHWEST","10","O BRIEN","141","","","00000000","","CORN","CORN, GRAIN - PRODUCTION, MEASURED IN BU","TOTAL","NOT SPECIFIED","26,431,157",""
"CENSUS","2007","YEAR","","COUNTY","IOWA","19","NORTHWEST","10","O BRIEN","141","","","00000000","","CORN","CORN, SILAGE - PRODUCTION, MEASURED IN TONS","TOTAL","NOT SPECIFIED","99,470",""
"CENSUS","2007","YEAR","","COUNTY","IOWA","19","NORTHWEST","10","OSCEOLA","143","","","00000000","","CORN","CORN - OPERATIONS WITH SALES","TOTAL","NOT SPECIFIED","461",""
"CENSUS","2007","YEAR","","COUNTY","IOWA","19","NORTHWEST","10","OSCEOLA","143","","","00000000","","CORN","CORN - SALES, MEASURED IN $","TOTAL","NOT SPECIFIED","62,913,000",""
"CENSUS","2007","YEAR","","COUNTY","IOWA","19","NORTHWEST","10","OSCEOLA","143","","","00000000","","CORN","CORN, GRAIN - PRODUCTION, MEASURED IN BU","TOTAL","NOT SPECIFIED","20,384,444",""
"CENSUS","2007","YEAR","","COUNTY","IOWA","19","NORTHWEST","10","OSCEOLA","143","","","00000000","","CORN","CORN, SILAGE - PRODUCTION, MEASURED IN TONS","TOTAL","NOT SPECIFIED","73,373",""
"CENSUS","2007","YEAR","","COUNTY","IOWA","19","NORTHWEST","10","PALO ALTO","147","","","00000000","","CORN","CORN - OPERATIONS WITH SALES","TOTAL","NOT SPECIFIED","540",""
"CENSUS","2007","YEAR","","COUNTY","IOWA","19","NORTHWEST","10","PALO ALTO","147","","","00000000","","CORN","CORN - SALES, MEASURED IN $","TOTAL","NOT SPECIFIED","110,471,000",""
"CENSUS","2007","YEAR","","COUNTY","IOWA","19","NORTHWEST","10","PALO ALTO","147","","","00000000","","CORN","CORN, GRAIN - PRODUCTION, MEASURED IN BU","TOTAL","NOT SPECIFIED","35,261,104",""
"CENSUS","2007","YEAR","","COUNTY","IOWA","19","NORTHWEST","10","PALO ALTO","147","","","00000000","","CORN","CORN, SILAGE - PRODUCTION, MEASURED IN TONS","TOTAL","NOT SPECIFIED","42,729",""
"CENSUS","2007","YEAR","","COUNTY","IOWA","19","NORTHWEST","10","PLYMOUTH","149","","","00000000","","CORN","CORN - OPERATIONS WITH SALES","TOTAL","NOT SPECIFIED","926",""
"CENSUS","2007","YEAR","","COUNTY","IOWA","19","NORTHWEST","10","PLYMOUTH","149","","","00000000","","CORN","CORN - SALES, MEASURED IN $","TOTAL","NOT SPECIFIED","92,307,000",""
"CENSUS","2007","YEAR","","COUNTY","IOWA","19","NORTHWEST","10","PLYMOUTH","149","","","00000000","","CORN","CORN, GRAIN - PRODUCTION, MEASURED IN BU","TOTAL","NOT SPECIFIED","34,047,479",""
"CENSUS","2007","YEAR","","COUNTY","IOWA","19","NORTHWEST","10","PLYMOUTH","149","","","00000000","","CORN","CORN, SILAGE - PRODUCTION, MEASURED IN TONS","TOTAL","NOT SPECIFIED","120,660",""
"CENSUS","2007","YEAR","","COUNTY","IOWA","19","NORTHWEST","10","POCAHONTAS","151","","","00000000","","CORN","CORN - OPERATIONS WITH SALES","TOTAL","NOT SPECIFIED","610",""
"CENSUS","2007","YEAR","","COUNTY","IOWA","19","NORTHWEST","10","POCAHONTAS","151","","","00000000","","CORN","CORN - SALES, MEASURED IN $","TOTAL","NOT SPECIFIED","93,117,000",""
"CENSUS","2007","YEAR","","COUNTY","IOWA","19","NORTHWEST","10","POCAHONTAS","151","","","00000000","","CORN","CORN, GRAIN - PRODUCTION, MEASURED IN BU","TOTAL","NOT SPECIFIED","30,228,523",""
"CENSUS","2007","YEAR","","COUNTY","IOWA","19","NORTHWEST","10","POCAHONTAS","151","","","00000000","","CORN","CORN, SILAGE - PRODUCTION, MEASURED IN TONS","TOTAL","NOT SPECIFIED","24,509",""
"CENSUS","2007","YEAR","","COUNTY","IOWA","19","NORTHWEST","10","SIOUX","167","","","00000000","","CORN","CORN - OPERATIONS WITH SALES","TOTAL","NOT SPECIFIED","1,067",""
"CENSUS","2007","YEAR","","COUNTY","IOWA","19","NORTHWEST","10","SIOUX","167","","","00000000","","CORN","CORN - SALES, MEASURED IN $","TOTAL","NOT SPECIFIED","107,374,000",""
"CENSUS","2007","YEAR","","COUNTY","IOWA","19","NORTHWEST","10","SIOUX","167","","","00000000","","CORN","CORN, GRAIN - PRODUCTION, MEASURED IN BU","TOTAL","NOT SPECIFIED","38,350,146",""
"CENSUS","2007","YEAR","","COUNTY","IOWA","19","NORTHWEST","10","SIOUX","167","","","00000000","","CORN","CORN, SILAGE - PRODUCTION, MEASURED IN TONS","TOTAL","NOT SPECIFIED","405,104",""
"CENSUS","2007","YEAR","","COUNTY","IOWA","19","SOUTH CENTRAL","80","APPANOOSE","007","","","00000000","","CORN","CORN - OPERATIONS WITH SALES","TOTAL","NOT SPECIFIED","175",""
"CENSUS","2007","YEAR","","COUNTY","IOWA","19","SOUTH CENTRAL","80","APPANOOSE","007","","","00000000","","CORN","CORN - SALES, MEASURED IN $","TOTAL","NOT SPECIFIED","11,400,000",""
"CENSUS","2007","YEAR","","COUNTY","IOWA","19","SOUTH CENTRAL","80","APPANOOSE","007","","","00000000","","CORN","CORN, GRAIN - PRODUCTION, MEASURED IN BU","TOTAL","NOT SPECIFIED","3,975,196",""
"CENSUS","2007","YEAR","","COUNTY","IOWA","19","SOUTH CENTRAL","80","APPANOOSE","007","","","00000000","","CORN","CORN, SILAGE - PRODUCTION, MEASURED IN TONS","TOTAL","NOT SPECIFIED","10,765",""
"CENSUS","2007","YEAR","","COUNTY","IOWA","19","SOUTH CENTRAL","80","CLARKE","039","","","00000000","","CORN","CORN - OPERATIONS WITH SALES","TOTAL","NOT SPECIFIED","193",""
"CENSUS","2007","YEAR","","COUNTY","IOWA","19","SOUTH CENTRAL","80","CLARKE","039","","","00000000","","CORN","CORN - SALES, MEASURED IN $","TOTAL","NOT SPECIFIED","8,979,000",""
"CENSUS","2007","YEAR","","COUNTY","IOWA","19","SOUTH CENTRAL","80","CLARKE","039","","","00000000","","CORN","CORN, GRAIN - PRODUCTION, MEASURED IN BU","TOTAL","NOT SPECIFIED","2,978,827",""
"CENSUS","2007","YEAR","","COUNTY","IOWA","19","SOUTH CENTRAL","80","CLARKE","039","","","00000000","","CORN","CORN, SILAGE - PRODUCTION, MEASURED IN TONS","TOTAL","NOT SPECIFIED","7,764",""
"CENSUS","2007","YEAR","","COUNTY","IOWA","19","SOUTH CENTRAL","80","DECATUR","053","","","00000000","","CORN","CORN - OPERATIONS WITH SALES","TOTAL","NOT SPECIFIED","188",""
"CENSUS","2007","YEAR","","COUNTY","IOWA","19","SOUTH CENTRAL","80","DECATUR","053","","","00000000","","CORN","CORN - SALES, MEASURED IN $","TOTAL","NOT SPECIFIED","11,538,000",""
"CENSUS","2007","YEAR","","COUNTY","IOWA","19","SOUTH CENTRAL","80","DECATUR","053","","","00000000","","CORN","CORN, GRAIN - PRODUCTION, MEASURED IN BU","TOTAL","NOT SPECIFIED","3,703,792",""
"CENSUS","2007","YEAR","","COUNTY","IOWA","19","SOUTH CENTRAL","80","DECATUR","053","","","00000000","","CORN","CORN, SILAGE - PRODUCTION, MEASURED IN TONS","TOTAL","NOT SPECIFIED","7,167",""
"CENSUS","2007","YEAR","","COUNTY","IOWA","19","SOUTH CENTRAL","80","LUCAS","117","","","00000000","","CORN","CORN - OPERATIONS WITH SALES","TOTAL","NOT SPECIFIED","143",""
"CENSUS","2007","YEAR","","COUNTY","IOWA","19","SOUTH CENTRAL","80","LUCAS","117","","","00000000","","CORN","CORN - SALES, MEASURED IN $","TOTAL","NOT SPECIFIED","7,615,000",""
"CENSUS","2007","YEAR","","COUNTY","IOWA","19","SOUTH CENTRAL","80","LUCAS","117","","","00000000","","CORN","CORN, GRAIN - PRODUCTION, MEASURED IN BU","TOTAL","NOT SPECIFIED","2,417,371",""
"CENSUS","2007","YEAR","","COUNTY","IOWA","19","SOUTH CENTRAL","80","LUCAS","117","","","00000000","","CORN","CORN, SILAGE - PRODUCTION, MEASURED IN TONS","TOTAL","NOT SPECIFIED","16,170",""
"CENSUS","2007","YEAR","","COUNTY","IOWA","19","SOUTH CENTRAL","80","MADISON","121","","","00000000","","CORN","CORN - OPERATIONS WITH SALES","TOTAL","NOT SPECIFIED","347",""
"CENSUS","2007","YEAR","","COUNTY","IOWA","19","SOUTH CENTRAL","80","MADISON","121","","","00000000","","CORN","CORN - SALES, MEASURED IN $","TOTAL","NOT SPECIFIED","34,786,000",""
"CENSUS","2007","YEAR","","COUNTY","IOWA","19","SOUTH CENTRAL","80","MADISON","121","","","00000000","","CORN","CORN, GRAIN - PRODUCTION, MEASURED IN BU","TOTAL","NOT SPECIFIED","10,877,638",""
"CENSUS","2007","YEAR","","COUNTY","IOWA","19","SOUTH CENTRAL","80","MADISON","121","","","00000000","","CORN","CORN, SILAGE - PRODUCTION, MEASURED IN TONS","TOTAL","NOT SPECIFIED","8,905",""
"CENSUS","2007","YEAR","","COUNTY","IOWA","19","SOUTH CENTRAL","80","MARION","125","","","00000000","","CORN","CORN - OPERATIONS WITH SALES","TOTAL","NOT SPECIFIED","379",""
"CENSUS","2007","YEAR","","COUNTY","IOWA","19","SOUTH CENTRAL","80","MARION","125","","","00000000","","CORN","CORN - SALES, MEASURED IN $","TOTAL","NOT SPECIFIED","38,326,000",""
"CENSUS","2007","YEAR","","COUNTY","IOWA","19","SOUTH CENTRAL","80","MARION","125","","","00000000","","CORN","CORN, GRAIN - PRODUCTION, MEASURED IN BU","TOTAL","NOT SPECIFIED","12,046,122",""
"CENSUS","2007","YEAR","","COUNTY","IOWA","19","SOUTH CENTRAL","80","MARION","125","","","00000000","","CORN","CORN, SILAGE - PRODUCTION, MEASURED IN TONS","TOTAL","NOT SPECIFIED","15,987",""
"CENSUS","2007","YEAR","","COUNTY","IOWA","19","SOUTH CENTRAL","80","MONROE","135","","","00000000","","CORN","CORN - OPERATIONS WITH SALES","TOTAL","NOT SPECIFIED","200",""
"CENSUS","2007","YEAR","","COUNTY","IOWA","19","SOUTH CENTRAL","80","MONROE","135","","","00000000","","CORN","CORN - SALES, MEASURED IN $","TOTAL","NOT SPECIFIED","12,975,000",""
"CENSUS","2007","YEAR","","COUNTY","IOWA","19","SOUTH CENTRAL","80","MONROE","135","","","00000000","","CORN","CORN, GRAIN - PRODUCTION, MEASURED IN BU","TOTAL","NOT SPECIFIED","4,577,225",""
"CENSUS","2007","YEAR","","COUNTY","IOWA","19","SOUTH CENTRAL","80","MONROE","135","","","00000000","","CORN","CORN, SILAGE - PRODUCTION, MEASURED IN TONS","TOTAL","NOT SPECIFIED","26,818",""
"CENSUS","2007","YEAR","","COUNTY","IOWA","19","SOUTH CENTRAL","80","RINGGOLD","159","","","00000000","","CORN","CORN - OPERATIONS WITH SALES","TOTAL","NOT SPECIFIED","225",""
"CENSUS","2007","YEAR","","COUNTY","IOWA","19","SOUTH CENTRAL","80","RINGGOLD","159","","","00000000","","CORN","CORN - SALES, MEASURED IN $","TOTAL","NOT SPECIFIED","16,467,000",""
"CENSUS","2007","YEAR","","COUNTY","IOWA","19","SOUTH CENTRAL","80","RINGGOLD","159","","","00000000","","CORN","CORN, GRAIN - PRODUCTION, MEASURED IN BU","TOTAL","NOT SPECIFIED","4,991,919",""
"CENSUS","2007","YEAR","","COUNTY","IOWA","19","SOUTH CENTRAL","80","RINGGOLD","159","","","00000000","","CORN","CORN, SILAGE - PRODUCTION, MEASURED IN TONS","TOTAL","NOT SPECIFIED","14,522",""
"CENSUS","2007","YEAR","","COUNTY","IOWA","19","SOUTH CENTRAL","80","UNION","175","","","00000000","","CORN","CORN - OPERATIONS WITH SALES","TOTAL","NOT SPECIFIED","280",""
"CENSUS","2007","YEAR","","COUNTY","IOWA","19","SOUTH CENTRAL","80","UNION","175","","","00000000","","CORN","CORN - SALES, MEASURED IN $","TOTAL","NOT SPECIFIED","22,084,000",""
"CENSUS","2007","YEAR","","COUNTY","IOWA","19","SOUTH CENTRAL","80","UNION","175","","","00000000","","CORN","CORN, GRAIN - PRODUCTION, MEASURED IN BU","TOTAL","NOT SPECIFIED","7,315,262",""
"CENSUS","2007","YEAR","","COUNTY","IOWA","19","SOUTH CENTRAL","80","UNION","175","","","00000000","","CORN","CORN, SILAGE - PRODUCTION, MEASURED IN TONS","TOTAL","NOT SPECIFIED","14,620",""
"CENSUS","2007","YEAR","","COUNTY","IOWA","19","SOUTH CENTRAL","80","WARREN","181","","","00000000","","CORN","CORN - OPERATIONS WITH SALES","TOTAL","NOT SPECIFIED","369",""
"CENSUS","2007","YEAR","","COUNTY","IOWA","19","SOUTH CENTRAL","80","WARREN","181","","","00000000","","CORN","CORN - SALES, MEASURED IN $","TOTAL","NOT SPECIFIED","32,430,000",""
"CENSUS","2007","YEAR","","COUNTY","IOWA","19","SOUTH CENTRAL","80","WARREN","181","","","00000000","","CORN","CORN, GRAIN - PRODUCTION, MEASURED IN BU","TOTAL","NOT SPECIFIED","9,684,976",""
"CENSUS","2007","YEAR","","COUNTY","IOWA","19","SOUTH CENTRAL","80","WARREN","181","","","00000000","","CORN","CORN, SILAGE - PRODUCTION, MEASURED IN TONS","TOTAL","NOT SPECIFIED","20,014",""
"CENSUS","2007","YEAR","","COUNTY","IOWA","19","SOUTH CENTRAL","80","WAYNE","185","","","00000000","","CORN","CORN - OPERATIONS WITH SALES","TOTAL","NOT SPECIFIED","200",""
"CENSUS","2007","YEAR","","COUNTY","IOWA","19","SOUTH CENTRAL","80","WAYNE","185","","","00000000","","CORN","CORN - SALES, MEASURED IN $","TOTAL","NOT SPECIFIED","21,956,000",""
"CENSUS","2007","YEAR","","COUNTY","IOWA","19","SOUTH CENTRAL","80","WAYNE","185","","","00000000","","CORN","CORN, GRAIN - PRODUCTION, MEASURED IN BU","TOTAL","NOT SPECIFIED","6,704,027",""
"CENSUS","2007","YEAR","","COUNTY","IOWA","19","SOUTH CENTRAL","80","WAYNE","185","","","00000000","","CORN","CORN, SILAGE - PRODUCTION, MEASURED IN TONS","TOTAL","NOT SPECIFIED","12,803",""
"CENSUS","2007","YEAR","","COUNTY","IOWA","19","SOUTHEAST","90","DAVIS","051","","","00000000","","CORN","CORN - OPERATIONS WITH SALES","TOTAL","NOT SPECIFIED","229",""
"CENSUS","2007","YEAR","","COUNTY","IOWA","19","SOUTHEAST","90","DAVIS","051","","","00000000","","CORN","CORN - SALES, MEASURED IN $","TOTAL","NOT SPECIFIED","14,242,000",""
"CENSUS","2007","YEAR","","COUNTY","IOWA","19","SOUTHEAST","90","DAVIS","051","","","00000000","","CORN","CORN, GRAIN - PRODUCTION, MEASURED IN BU","TOTAL","NOT SPECIFIED","4,758,920",""
"CENSUS","2007","YEAR","","COUNTY","IOWA","19","SOUTHEAST","90","DAVIS","051","","","00000000","","CORN","CORN, SILAGE - PRODUCTION, MEASURED IN TONS","TOTAL","NOT SPECIFIED","21,342",""
"CENSUS","2007","YEAR","","COUNTY","IOWA","19","SOUTHEAST","90","DES MOINES","057","","","00000000","","CORN","CORN - OPERATIONS WITH SALES","TOTAL","NOT SPECIFIED","339",""
"CENSUS","2007","YEAR","","COUNTY","IOWA","19","SOUTHEAST","90","DES MOINES","057","","","00000000","","CORN","CORN - SALES, MEASURED IN $","TOTAL","NOT SPECIFIED","41,273,000",""
"CENSUS","2007","YEAR","","COUNTY","IOWA","19","SOUTHEAST","90","DES MOINES","057","","","00000000","","CORN","CORN, GRAIN - PRODUCTION, MEASURED IN BU","TOTAL","NOT SPECIFIED","15,546,801",""
"CENSUS","2007","YEAR","","COUNTY","IOWA","19","SOUTHEAST","90","DES MOINES","057","","","00000000","","CORN","CORN, SILAGE - PRODUCTION, MEASURED IN TONS","TOTAL","NOT SPECIFIED","13,715",""
"CENSUS","2007","YEAR","","COUNTY","IOWA","19","SOUTHEAST","90","HENRY","087","","","00000000","","CORN","CORN - OPERATIONS WITH SALES","TOTAL","NOT SPECIFIED","367",""
"CENSUS","2007","YEAR","","COUNTY","IOWA","19","SOUTHEAST","90","HENRY","087","","","00000000","","CORN","CORN - SALES, MEASURED IN $","TOTAL","NOT SPECIFIED","44,271,000",""
"CENSUS","2007","YEAR","","COUNTY","IOWA","19","SOUTHEAST","90","HENRY","087","","","00000000","","CORN","CORN, GRAIN - PRODUCTION, MEASURED IN BU","TOTAL","NOT SPECIFIED","15,474,543",""
"CENSUS","2007","YEAR","","COUNTY","IOWA","19","SOUTHEAST","90","HENRY","087","","","00000000","","CORN","CORN, SILAGE - PRODUCTION, MEASURED IN TONS","TOTAL","NOT SPECIFIED","16,740",""
"CENSUS","2007","YEAR","","COUNTY","IOWA","19","SOUTHEAST","90","JEFFERSON","101","","","00000000","","CORN","CORN - OPERATIONS WITH SALES","TOTAL","NOT SPECIFIED","266",""
"CENSUS","2007","YEAR","","COUNTY","IOWA","19","SOUTHEAST","90","JEFFERSON","101","","","00000000","","CORN","CORN - SALES, MEASURED IN $","TOTAL","NOT SPECIFIED","24,458,000",""
"CENSUS","2007","YEAR","","COUNTY","IOWA","19","SOUTHEAST","90","JEFFERSON","101","","","00000000","","CORN","CORN, GRAIN - PRODUCTION, MEASURED IN BU","TOTAL","NOT SPECIFIED","8,818,668",""
"CENSUS","2007","YEAR","","COUNTY","IOWA","19","SOUTHEAST","90","JEFFERSON","101","","","00000000","","CORN","CORN, SILAGE - PRODUCTION, MEASURED IN TONS","TOTAL","NOT SPECIFIED","6,307",""
"CENSUS","2007","YEAR","","COUNTY","IOWA","19","SOUTHEAST","90","KEOKUK","107","","","00000000","","CORN","CORN - OPERATIONS WITH SALES","TOTAL","NOT SPECIFIED","543",""
"CENSUS","2007","YEAR","","COUNTY","IOWA","19","SOUTHEAST","90","KEOKUK","107","","","00000000","","CORN","CORN - SALES, MEASURED IN $","TOTAL","NOT SPECIFIED","56,737,000",""
"CENSUS","2007","YEAR","","COUNTY","IOWA","19","SOUTHEAST","90","KEOKUK","107","","","00000000","","CORN","CORN, GRAIN - PRODUCTION, MEASURED IN BU","TOTAL","NOT SPECIFIED","19,390,976",""
"CENSUS","2007","YEAR","","COUNTY","IOWA","19","SOUTHEAST","90","KEOKUK","107","","","00000000","","CORN","CORN, SILAGE - PRODUCTION, MEASURED IN TONS","TOTAL","NOT SPECIFIED","30,289",""
"CENSUS","2007","YEAR","","COUNTY","IOWA","19","SOUTHEAST","90","LEE","111","","","00000000","","CORN","CORN - OPERATIONS WITH SALES","TOTAL","NOT SPECIFIED","395",""
"CENSUS","2007","YEAR","","COUNTY","IOWA","19","SOUTHEAST","90","LEE","111","","","00000000","","CORN","CORN - SALES, MEASURED IN $","TOTAL","NOT SPECIFIED","36,992,000",""
"CENSUS","2007","YEAR","","COUNTY","IOWA","19","SOUTHEAST","90","LEE","111","","","00000000","","CORN","CORN, GRAIN - PRODUCTION, MEASURED IN BU","TOTAL","NOT SPECIFIED","13,313,606",""
"CENSUS","2007","YEAR","","COUNTY","IOWA","19","SOUTHEAST","90","LEE","111","","","00000000","","CORN","CORN, SILAGE - PRODUCTION, MEASURED IN TONS","TOTAL","NOT SPECIFIED","18,918",""
"CENSUS","2007","YEAR","","COUNTY","IOWA","19","SOUTHEAST","90","LOUISA","115","","","00000000","","CORN","CORN - OPERATIONS WITH SALES","TOTAL","NOT SPECIFIED","344",""
"CENSUS","2007","YEAR","","COUNTY","IOWA","19","SOUTHEAST","90","LOUISA","115","","","00000000","","CORN","CORN - SALES, MEASURED IN $","TOTAL","NOT SPECIFIED","40,281,000",""
"CENSUS","2007","YEAR","","COUNTY","IOWA","19","SOUTHEAST","90","LOUISA","115","","","00000000","","CORN","CORN, GRAIN - PRODUCTION, MEASURED IN BU","TOTAL","NOT SPECIFIED","13,015,586",""
"CENSUS","2007","YEAR","","COUNTY","IOWA","19","SOUTHEAST","90","LOUISA","115","","","00000000","","CORN","CORN, SILAGE - PRODUCTION, MEASURED IN TONS","TOTAL","NOT SPECIFIED","15,847",""
"CENSUS","2007","YEAR","","COUNTY","IOWA","19","SOUTHEAST","90","MAHASKA","123","","","00000000","","CORN","CORN - OPERATIONS WITH SALES","TOTAL","NOT SPECIFIED","503",""
"CENSUS","2007","YEAR","","COUNTY","IOWA","19","SOUTHEAST","90","MAHASKA","123","","","00000000","","CORN","CORN - SALES, MEASURED IN $","TOTAL","NOT SPECIFIED","51,821,000",""
"CENSUS","2007","YEAR","","COUNTY","IOWA","19","SOUTHEAST","90","MAHASKA","123","","","00000000","","CORN","CORN, GRAIN - PRODUCTION, MEASURED IN BU","TOTAL","NOT SPECIFIED","19,538,622",""
"CENSUS","2007","YEAR","","COUNTY","IOWA","19","SOUTHEAST","90","MAHASKA","123","","","00000000","","CORN","CORN, SILAGE - PRODUCTION, MEASURED IN TONS","TOTAL","NOT SPECIFIED","60,844",""
"CENSUS","2007","YEAR","","COUNTY","IOWA","19","SOUTHEAST","90","VAN BUREN","177","","","00000000","","CORN","CORN - OPERATIONS WITH SALES","TOTAL","NOT SPECIFIED","245",""
"CENSUS","2007","YEAR","","COUNTY","IOWA","19","SOUTHEAST","90","VAN BUREN","177","","","00000000","","CORN","CORN - SALES, MEASURED IN $","TOTAL","NOT SPECIFIED","24,181,000",""
"CENSUS","2007","YEAR","","COUNTY","IOWA","19","SOUTHEAST","90","VAN BUREN","177","","","00000000","","CORN","CORN, GRAIN - PRODUCTION, MEASURED IN BU","TOTAL","NOT SPECIFIED","7,359,489",""
"CENSUS","2007","YEAR","","COUNTY","IOWA","19","SOUTHEAST","90","VAN BUREN","177","","","00000000","","CORN","CORN, SILAGE - PRODUCTION, MEASURED IN TONS","TOTAL","NOT SPECIFIED","13,464",""
"CENSUS","2007","YEAR","","COUNTY","IOWA","19","SOUTHEAST","90","WAPELLO","179","","","00000000","","CORN","CORN - OPERATIONS WITH SALES","TOTAL","NOT SPECIFIED","225",""
"CENSUS","2007","YEAR","","COUNTY","IOWA","19","SOUTHEAST","90","WAPELLO","179","","","00000000","","CORN","CORN - SALES, MEASURED IN $","TOTAL","NOT SPECIFIED","24,019,000",""
"CENSUS","2007","YEAR","","COUNTY","IOWA","19","SOUTHEAST","90","WAPELLO","179","","","00000000","","CORN","CORN, GRAIN - PRODUCTION, MEASURED IN BU","TOTAL","NOT SPECIFIED","8,058,194",""
"CENSUS","2007","YEAR","","COUNTY","IOWA","19","SOUTHEAST","90","WAPELLO","179","","","00000000","","CORN","CORN, SILAGE - PRODUCTION, MEASURED IN TONS","TOTAL","NOT SPECIFIED","6,786",""
"CENSUS","2007","YEAR","","COUNTY","IOWA","19","SOUTHEAST","90","WASHINGTON","183","","","00000000","","CORN","CORN - OPERATIONS WITH SALES","TOTAL","NOT SPECIFIED","610",""
"CENSUS","2007","YEAR","","COUNTY","IOWA","19","SOUTHEAST","90","WASHINGTON","183","","","00000000","","CORN","CORN - SALES, MEASURED IN $","TOTAL","NOT SPECIFIED","62,442,000",""
"CENSUS","2007","YEAR","","COUNTY","IOWA","19","SOUTHEAST","90","WASHINGTON","183","","","00000000","","CORN","CORN, GRAIN - PRODUCTION, MEASURED IN BU","TOTAL","NOT SPECIFIED","22,074,572",""
"CENSUS","2007","YEAR","","COUNTY","IOWA","19","SOUTHEAST","90","WASHINGTON","183","","","00000000","","CORN","CORN, SILAGE - PRODUCTION, MEASURED IN TONS","TOTAL","NOT SPECIFIED","21,434",""
"CENSUS","2007","YEAR","","COUNTY","IOWA","19","SOUTHWEST","70","ADAIR","001","","","00000000","","CORN","CORN - OPERATIONS WITH SALES","TOTAL","NOT SPECIFIED","400",""
"CENSUS","2007","YEAR","","COUNTY","IOWA","19","SOUTHWEST","70","ADAIR","001","","","00000000","","CORN","CORN - SALES, MEASURED IN $","TOTAL","NOT SPECIFIED","48,350,000",""
"CENSUS","2007","YEAR","","COUNTY","IOWA","19","SOUTHWEST","70","ADAIR","001","","","00000000","","CORN","CORN, GRAIN - PRODUCTION, MEASURED IN BU","TOTAL","NOT SPECIFIED","15,201,080",""
"CENSUS","2007","YEAR","","COUNTY","IOWA","19","SOUTHWEST","70","ADAIR","001","","","00000000","","CORN","CORN, SILAGE - PRODUCTION, MEASURED IN TONS","TOTAL","NOT SPECIFIED","28,474",""
"CENSUS","2007","YEAR","","COUNTY","IOWA","19","SOUTHWEST","70","ADAMS","003","","","00000000","","CORN","CORN - OPERATIONS WITH SALES","TOTAL","NOT SPECIFIED","268",""
"CENSUS","2007","YEAR","","COUNTY","IOWA","19","SOUTHWEST","70","ADAMS","003","","","00000000","","CORN","CORN - SALES, MEASURED IN $","TOTAL","NOT SPECIFIED","25,409,000",""
"CENSUS","2007","YEAR","","COUNTY","IOWA","19","SOUTHWEST","70","ADAMS","003","","","00000000","","CORN","CORN, GRAIN - PRODUCTION, MEASURED IN BU","TOTAL","NOT SPECIFIED","8,162,673",""
"CENSUS","2007","YEAR","","COUNTY","IOWA","19","SOUTHWEST","70","ADAMS","003","","","00000000","","CORN","CORN, SILAGE - PRODUCTION, MEASURED IN TONS","TOTAL","NOT SPECIFIED","27,702",""
"CENSUS","2007","YEAR","","COUNTY","IOWA","19","SOUTHWEST","70","CASS","029","","","00000000","","CORN","CORN - OPERATIONS WITH SALES","TOTAL","NOT SPECIFIED","430",""
"CENSUS","2007","YEAR","","COUNTY","IOWA","19","SOUTHWEST","70","CASS","029","","","00000000","","CORN","CORN - SALES, MEASURED IN $","TOTAL","NOT SPECIFIED","56,221,000",""
"CENSUS","2007","YEAR","","COUNTY","IOWA","19","SOUTHWEST","70","CASS","029","","","00000000","","CORN","CORN, GRAIN - PRODUCTION, MEASURED IN BU","TOTAL","NOT SPECIFIED","18,769,379",""
"CENSUS","2007","YEAR","","COUNTY","IOWA","19","SOUTHWEST","70","CASS","029","","","00000000","","CORN","CORN, SILAGE - PRODUCTION, MEASURED IN TONS","TOTAL","NOT SPECIFIED","34,833",""
"CENSUS","2007","YEAR","","COUNTY","IOWA","19","SOUTHWEST","70","FREMONT","071","","","00000000","","CORN","CORN - OPERATIONS WITH SALES","TOTAL","NOT SPECIFIED","302",""
"CENSUS","2007","YEAR","","COUNTY","IOWA","19","SOUTHWEST","70","FREMONT","071","","","00000000","","CORN","CORN - SALES, MEASURED IN $","TOTAL","NOT SPECIFIED","48,478,000",""
"CENSUS","2007","YEAR","","COUNTY","IOWA","19","SOUTHWEST","70","FREMONT","071","","","00000000","","CORN","CORN, GRAIN - PRODUCTION, MEASURED IN BU","TOTAL","NOT SPECIFIED","14,739,597",""
"CENSUS","2007","YEAR","","COUNTY","IOWA","19","SOUTHWEST","70","FREMONT","071","","","00000000","","CORN","CORN, SILAGE - PRODUCTION, MEASURED IN TONS","TOTAL","NOT SPECIFIED","876",""
"CENSUS","2007","YEAR","","COUNTY","IOWA","19","SOUTHWEST","70","MILLS","129","","","00000000","","CORN","CORN - OPERATIONS WITH SALES","TOTAL","NOT SPECIFIED","274",""
"CENSUS","2007","YEAR","","COUNTY","IOWA","19","SOUTHWEST","70","MILLS","129","","","00000000","","CORN","CORN - SALES, MEASURED IN $","TOTAL","NOT SPECIFIED","39,001,000",""
"CENSUS","2007","YEAR","","COUNTY","IOWA","19","SOUTHWEST","70","MILLS","129","","","00000000","","CORN","CORN, GRAIN - PRODUCTION, MEASURED IN BU","TOTAL","NOT SPECIFIED","11,447,572",""
"CENSUS","2007","YEAR","","COUNTY","IOWA","19","SOUTHWEST","70","MILLS","129","","","00000000","","CORN","CORN, SILAGE - PRODUCTION, MEASURED IN TONS","TOTAL","NOT SPECIFIED"," (D)",""
"CENSUS","2007","YEAR","","COUNTY","IOWA","19","SOUTHWEST","70","MONTGOMERY","137","","","00000000","","CORN","CORN - OPERATIONS WITH SALES","TOTAL","NOT SPECIFIED","328",""
"CENSUS","2007","YEAR","","COUNTY","IOWA","19","SOUTHWEST","70","MONTGOMERY","137","","","00000000","","CORN","CORN - SALES, MEASURED IN $","TOTAL","NOT SPECIFIED","36,223,000",""
"CENSUS","2007","YEAR","","COUNTY","IOWA","19","SOUTHWEST","70","MONTGOMERY","137","","","00000000","","CORN","CORN, GRAIN - PRODUCTION, MEASURED IN BU","TOTAL","NOT SPECIFIED","11,335,500",""
"CENSUS","2007","YEAR","","COUNTY","IOWA","19","SOUTHWEST","70","MONTGOMERY","137","","","00000000","","CORN","CORN, SILAGE - PRODUCTION, MEASURED IN TONS","TOTAL","NOT SPECIFIED","4,811",""
"CENSUS","2007","YEAR","","COUNTY","IOWA","19","SOUTHWEST","70","PAGE","145","","","00000000","","CORN","CORN - OPERATIONS WITH SALES","TOTAL","NOT SPECIFIED","406",""
"CENSUS","2007","YEAR","","COUNTY","IOWA","19","SOUTHWEST","70","PAGE","145","","","00000000","","CORN","CORN - SALES, MEASURED IN $","TOTAL","NOT SPECIFIED","39,189,000",""
"CENSUS","2007","YEAR","","COUNTY","IOWA","19","SOUTHWEST","70","PAGE","145","","","00000000","","CORN","CORN, GRAIN - PRODUCTION, MEASURED IN BU","TOTAL","NOT SPECIFIED","12,408,482",""
"CENSUS","2007","YEAR","","COUNTY","IOWA","19","SOUTHWEST","70","PAGE","145","","","00000000","","CORN","CORN, SILAGE - PRODUCTION, MEASURED IN TONS","TOTAL","NOT SPECIFIED","11,897",""
"CENSUS","2007","YEAR","","COUNTY","IOWA","19","SOUTHWEST","70","POTTAWATTAMIE","155","","","00000000","","CORN","CORN - OPERATIONS WITH SALES","TOTAL","NOT SPECIFIED","666",""
"CENSUS","2007","YEAR","","COUNTY","IOWA","19","SOUTHWEST","70","POTTAWATTAMIE","155","","","00000000","","CORN","CORN - SALES, MEASURED IN $","TOTAL","NOT SPECIFIED","104,172,000",""
"CENSUS","2007","YEAR","","COUNTY","IOWA","19","SOUTHWEST","70","POTTAWATTAMIE","155","","","00000000","","CORN","CORN, GRAIN - PRODUCTION, MEASURED IN BU","TOTAL","NOT SPECIFIED","33,124,906",""
"CENSUS","2007","YEAR","","COUNTY","IOWA","19","SOUTHWEST","70","POTTAWATTAMIE","155","","","00000000","","CORN","CORN, SILAGE - PRODUCTION, MEASURED IN TONS","TOTAL","NOT SPECIFIED","65,693",""
"CENSUS","2007","YEAR","","COUNTY","IOWA","19","SOUTHWEST","70","TAYLOR","173","","","00000000","","CORN","CORN - OPERATIONS WITH SALES","TOTAL","NOT SPECIFIED","300",""
"CENSUS","2007","YEAR","","COUNTY","IOWA","19","SOUTHWEST","70","TAYLOR","173","","","00000000","","CORN","CORN - SALES, MEASURED IN $","TOTAL","NOT SPECIFIED","34,354,000",""
"CENSUS","2007","YEAR","","COUNTY","IOWA","19","SOUTHWEST","70","TAYLOR","173","","","00000000","","CORN","CORN, GRAIN - PRODUCTION, MEASURED IN BU","TOTAL","NOT SPECIFIED","10,801,280",""
"CENSUS","2007","YEAR","","COUNTY","IOWA","19","SOUTHWEST","70","TAYLOR","173","","","00000000","","CORN","CORN, SILAGE - PRODUCTION, MEASURED IN TONS","TOTAL","NOT SPECIFIED","5,790",""
"CENSUS","2007","YEAR","","COUNTY","IOWA","19","WEST CENTRAL","40","AUDUBON","009","","","00000000","","CORN","CORN - OPERATIONS WITH SALES","TOTAL","NOT SPECIFIED","332",""
"CENSUS","2007","YEAR","","COUNTY","IOWA","19","WEST CENTRAL","40","AUDUBON","009","","","00000000","","CORN","CORN - SALES, MEASURED IN $","TOTAL","NOT SPECIFIED","55,690,000",""
"CENSUS","2007","YEAR","","COUNTY","IOWA","19","WEST CENTRAL","40","AUDUBON","009","","","00000000","","CORN","CORN, GRAIN - PRODUCTION, MEASURED IN BU","TOTAL","NOT SPECIFIED","18,088,508",""
"CENSUS","2007","YEAR","","COUNTY","IOWA","19","WEST CENTRAL","40","AUDUBON","009","","","00000000","","CORN","CORN, SILAGE - PRODUCTION, MEASURED IN TONS","TOTAL","NOT SPECIFIED","21,920",""
"CENSUS","2007","YEAR","","COUNTY","IOWA","19","WEST CENTRAL","40","CALHOUN","025","","","00000000","","CORN","CORN - OPERATIONS WITH SALES","TOTAL","NOT SPECIFIED","535",""
"CENSUS","2007","YEAR","","COUNTY","IOWA","19","WEST CENTRAL","40","CALHOUN","025","","","00000000","","CORN","CORN - SALES, MEASURED IN $","TOTAL","NOT SPECIFIED","103,761,000",""
"CENSUS","2007","YEAR","","COUNTY","IOWA","19","WEST CENTRAL","40","CALHOUN","025","","","00000000","","CORN","CORN, GRAIN - PRODUCTION, MEASURED IN BU","TOTAL","NOT SPECIFIED","32,189,073",""
"CENSUS","2007","YEAR","","COUNTY","IOWA","19","WEST CENTRAL","40","CALHOUN","025","","","00000000","","CORN","CORN, SILAGE - PRODUCTION, MEASURED IN TONS","TOTAL","NOT SPECIFIED","36,267",""
"CENSUS","2007","YEAR","","COUNTY","IOWA","19","WEST CENTRAL","40","CARROLL","027","","","00000000","","CORN","CORN - OPERATIONS WITH SALES","TOTAL","NOT SPECIFIED","654",""
"CENSUS","2007","YEAR","","COUNTY","IOWA","19","WEST CENTRAL","40","CARROLL","027","","","00000000","","CORN","CORN - SALES, MEASURED IN $","TOTAL","NOT SPECIFIED","91,254,000",""
"CENSUS","2007","YEAR","","COUNTY","IOWA","19","WEST CENTRAL","40","CARROLL","027","","","00000000","","CORN","CORN, GRAIN - PRODUCTION, MEASURED IN BU","TOTAL","NOT SPECIFIED","31,021,106",""
"CENSUS","2007","YEAR","","COUNTY","IOWA","19","WEST CENTRAL","40","CARROLL","027","","","00000000","","CORN","CORN, SILAGE - PRODUCTION, MEASURED IN TONS","TOTAL","NOT SPECIFIED","72,463",""
"CENSUS","2007","YEAR","","COUNTY","IOWA","19","WEST CENTRAL","40","CRAWFORD","047","","","00000000","","CORN","CORN - OPERATIONS WITH SALES","TOTAL","NOT SPECIFIED","504",""
"CENSUS","2007","YEAR","","COUNTY","IOWA","19","WEST CENTRAL","40","CRAWFORD","047","","","00000000","","CORN","CORN - SALES, MEASURED IN $","TOTAL","NOT SPECIFIED","102,335,000",""
"CENSUS","2007","YEAR","","COUNTY","IOWA","19","WEST CENTRAL","40","CRAWFORD","047","","","00000000","","CORN","CORN, GRAIN - PRODUCTION, MEASURED IN BU","TOTAL","NOT SPECIFIED","33,063,163",""
"CENSUS","2007","YEAR","","COUNTY","IOWA","19","WEST CENTRAL","40","CRAWFORD","047","","","00000000","","CORN","CORN, SILAGE - PRODUCTION, MEASURED IN TONS","TOTAL","NOT SPECIFIED","32,989",""
"CENSUS","2007","YEAR","","COUNTY","IOWA","19","WEST CENTRAL","40","GREENE","073","","","00000000","","CORN","CORN - OPERATIONS WITH SALES","TOTAL","NOT SPECIFIED","516",""
"CENSUS","2007","YEAR","","COUNTY","IOWA","19","WEST CENTRAL","40","GREENE","073","","","00000000","","CORN","CORN - SALES, MEASURED IN $","TOTAL","NOT SPECIFIED","96,225,000",""
"CENSUS","2007","YEAR","","COUNTY","IOWA","19","WEST CENTRAL","40","GREENE","073","","","00000000","","CORN","CORN, GRAIN - PRODUCTION, MEASURED IN BU","TOTAL","NOT SPECIFIED","32,045,017",""
"CENSUS","2007","YEAR","","COUNTY","IOWA","19","WEST CENTRAL","40","GREENE","073","","","00000000","","CORN","CORN, SILAGE - PRODUCTION, MEASURED IN TONS","TOTAL","NOT SPECIFIED","5,493",""
"CENSUS","2007","YEAR","","COUNTY","IOWA","19","WEST CENTRAL","40","GUTHRIE","077","","","00000000","","CORN","CORN - OPERATIONS WITH SALES","TOTAL","NOT SPECIFIED","422",""
"CENSUS","2007","YEAR","","COUNTY","IOWA","19","WEST CENTRAL","40","GUTHRIE","077","","","00000000","","CORN","CORN - SALES, MEASURED IN $","TOTAL","NOT SPECIFIED","57,769,000",""
"CENSUS","2007","YEAR","","COUNTY","IOWA","19","WEST CENTRAL","40","GUTHRIE","077","","","00000000","","CORN","CORN, GRAIN - PRODUCTION, MEASURED IN BU","TOTAL","NOT SPECIFIED","20,639,110",""
"CENSUS","2007","YEAR","","COUNTY","IOWA","19","WEST CENTRAL","40","GUTHRIE","077","","","00000000","","CORN","CORN, SILAGE - PRODUCTION, MEASURED IN TONS","TOTAL","NOT SPECIFIED","15,357",""
"CENSUS","2007","YEAR","","COUNTY","IOWA","19","WEST CENTRAL","40","HARRISON","085","","","00000000","","CORN","CORN - OPERATIONS WITH SALES","TOTAL","NOT SPECIFIED","458",""
"CENSUS","2007","YEAR","","COUNTY","IOWA","19","WEST CENTRAL","40","HARRISON","085","","","00000000","","CORN","CORN - SALES, MEASURED IN $","TOTAL","NOT SPECIFIED","72,817,000",""
"CENSUS","2007","YEAR","","COUNTY","IOWA","19","WEST CENTRAL","40","HARRISON","085","","","00000000","","CORN","CORN, GRAIN - PRODUCTION, MEASURED IN BU","TOTAL","NOT SPECIFIED","23,914,883",""
"CENSUS","2007","YEAR","","COUNTY","IOWA","19","WEST CENTRAL","40","HARRISON","085","","","00000000","","CORN","CORN, SILAGE - PRODUCTION, MEASURED IN TONS","TOTAL","NOT SPECIFIED","32,140",""
"CENSUS","2007","YEAR","","COUNTY","IOWA","19","WEST CENTRAL","40","IDA","093","","","00000000","","CORN","CORN - OPERATIONS WITH SALES","TOTAL","NOT SPECIFIED","370",""
"CENSUS","2007","YEAR","","COUNTY","IOWA","19","WEST CENTRAL","40","IDA","093","","","00000000","","CORN","CORN - SALES, MEASURED IN $","TOTAL","NOT SPECIFIED","62,640,000",""
"CENSUS","2007","YEAR","","COUNTY","IOWA","19","WEST CENTRAL","40","IDA","093","","","00000000","","CORN","CORN, GRAIN - PRODUCTION, MEASURED IN BU","TOTAL","NOT SPECIFIED","21,665,271",""
"CENSUS","2007","YEAR","","COUNTY","IOWA","19","WEST CENTRAL","40","IDA","093","","","00000000","","CORN","CORN, SILAGE - PRODUCTION, MEASURED IN TONS","TOTAL","NOT SPECIFIED","19,496",""
"CENSUS","2007","YEAR","","COUNTY","IOWA","19","WEST CENTRAL","40","MONONA","133","","","00000000","","CORN","CORN - OPERATIONS WITH SALES","TOTAL","NOT SPECIFIED","415",""
"CENSUS","2007","YEAR","","COUNTY","IOWA","19","WEST CENTRAL","40","MONONA","133","","","00000000","","CORN","CORN - SALES, MEASURED IN $","TOTAL","NOT SPECIFIED","79,707,000",""
"CENSUS","2007","YEAR","","COUNTY","IOWA","19","WEST CENTRAL","40","MONONA","133","","","00000000","","CORN","CORN, GRAIN - PRODUCTION, MEASURED IN BU","TOTAL","NOT SPECIFIED","28,170,181",""
"CENSUS","2007","YEAR","","COUNTY","IOWA","19","WEST CENTRAL","40","MONONA","133","","","00000000","","CORN","CORN, SILAGE - PRODUCTION, MEASURED IN TONS","TOTAL","NOT SPECIFIED","13,839",""
"CENSUS","2007","YEAR","","COUNTY","IOWA","19","WEST CENTRAL","40","SAC","161","","","00000000","","CORN","CORN - OPERATIONS WITH SALES","TOTAL","NOT SPECIFIED","540",""
"CENSUS","2007","YEAR","","COUNTY","IOWA","19","WEST CENTRAL","40","SAC","161","","","00000000","","CORN","CORN - SALES, MEASURED IN $","TOTAL","NOT SPECIFIED","91,131,000",""
"CENSUS","2007","YEAR","","COUNTY","IOWA","19","WEST CENTRAL","40","SAC","161","","","00000000","","CORN","CORN, GRAIN - PRODUCTION, MEASURED IN BU","TOTAL","NOT SPECIFIED","31,122,809",""
"CENSUS","2007","YEAR","","COUNTY","IOWA","19","WEST CENTRAL","40","SAC","161","","","00000000","","CORN","CORN, SILAGE - PRODUCTION, MEASURED IN TONS","TOTAL","NOT SPECIFIED","26,807",""
"CENSUS","2007","YEAR","","COUNTY","IOWA","19","WEST CENTRAL","40","SHELBY","165","","","00000000","","CORN","CORN - OPERATIONS WITH SALES","TOTAL","NOT SPECIFIED","635",""
"CENSUS","2007","YEAR","","COUNTY","IOWA","19","WEST CENTRAL","40","SHELBY","165","","","00000000","","CORN","CORN - SALES, MEASURED IN $","TOTAL","NOT SPECIFIED","87,586,000",""
"CENSUS","2007","YEAR","","COUNTY","IOWA","19","WEST CENTRAL","40","SHELBY","165","","","00000000","","CORN","CORN, GRAIN - PRODUCTION, MEASURED IN BU","TOTAL","NOT SPECIFIED","27,840,047",""
"CENSUS","2007","YEAR","","COUNTY","IOWA","19","WEST CENTRAL","40","SHELBY","165","","","00000000","","CORN","CORN, SILAGE - PRODUCTION, MEASURED IN TONS","TOTAL","NOT SPECIFIED","47,676",""
"CENSUS","2007","YEAR","","COUNTY","IOWA","19","WEST CENTRAL","40","WOODBURY","193","","","00000000","","CORN","CORN - OPERATIONS WITH SALES","TOTAL","NOT SPECIFIED","585",""
"CENSUS","2007","YEAR","","COUNTY","IOWA","19","WEST CENTRAL","40","WOODBURY","193","","","00000000","","CORN","CORN - SALES, MEASURED IN $","TOTAL","NOT SPECIFIED","92,033,000",""
"CENSUS","2007","YEAR","","COUNTY","IOWA","19","WEST CENTRAL","40","WOODBURY","193","","","00000000","","CORN","CORN, GRAIN - PRODUCTION, MEASURED IN BU","TOTAL","NOT SPECIFIED","29,814,375",""
"CENSUS","2007","YEAR","","COUNTY","IOWA","19","WEST CENTRAL","40","WOODBURY","193","","","00000000","","CORN","CORN, SILAGE - PRODUCTION, MEASURED IN TONS","TOTAL","NOT SPECIFIED","45,036",""
"CENSUS","2002","YEAR","","COUNTY","IOWA","19","CENTRAL","50","BOONE","015","","","00000000","","CORN","CORN, GRAIN - PRODUCTION, MEASURED IN BU","TOTAL","NOT SPECIFIED","22,815,697",""
"CENSUS","2002","YEAR","","COUNTY","IOWA","19","CENTRAL","50","BOONE","015","","","00000000","","CORN","CORN, SILAGE - PRODUCTION, MEASURED IN TONS","TOTAL","NOT SPECIFIED","10,617",""
"CENSUS","2002","YEAR","","COUNTY","IOWA","19","CENTRAL","50","DALLAS","049","","","00000000","","CORN","CORN, GRAIN - PRODUCTION, MEASURED IN BU","TOTAL","NOT SPECIFIED","18,245,964",""
"CENSUS","2002","YEAR","","COUNTY","IOWA","19","CENTRAL","50","DALLAS","049","","","00000000","","CORN","CORN, SILAGE - PRODUCTION, MEASURED IN TONS","TOTAL","NOT SPECIFIED","26,690",""
"CENSUS","2002","YEAR","","COUNTY","IOWA","19","CENTRAL","50","GRUNDY","075","","","00000000","","CORN","CORN, GRAIN - PRODUCTION, MEASURED IN BU","TOTAL","NOT SPECIFIED","26,488,718",""
"CENSUS","2002","YEAR","","COUNTY","IOWA","19","CENTRAL","50","GRUNDY","075","","","00000000","","CORN","CORN, SILAGE - PRODUCTION, MEASURED IN TONS","TOTAL","NOT SPECIFIED","43,200",""
"CENSUS","2002","YEAR","","COUNTY","IOWA","19","CENTRAL","50","HAMILTON","079","","","00000000","","CORN","CORN, GRAIN - PRODUCTION, MEASURED IN BU","TOTAL","NOT SPECIFIED","28,970,872",""
"CENSUS","2002","YEAR","","COUNTY","IOWA","19","CENTRAL","50","HAMILTON","079","","","00000000","","CORN","CORN, SILAGE - PRODUCTION, MEASURED IN TONS","TOTAL","NOT SPECIFIED","21,482",""
"CENSUS","2002","YEAR","","COUNTY","IOWA","19","CENTRAL","50","HARDIN","083","","","00000000","","CORN","CORN, GRAIN - PRODUCTION, MEASURED IN BU","TOTAL","NOT SPECIFIED","26,767,933",""
"CENSUS","2002","YEAR","","COUNTY","IOWA","19","CENTRAL","50","HARDIN","083","","","00000000","","CORN","CORN, SILAGE - PRODUCTION, MEASURED IN TONS","TOTAL","NOT SPECIFIED","14,061",""
"CENSUS","2002","YEAR","","COUNTY","IOWA","19","CENTRAL","50","JASPER","099","","","00000000","","CORN","CORN, GRAIN - PRODUCTION, MEASURED IN BU","TOTAL","NOT SPECIFIED","27,215,102",""
"CENSUS","2002","YEAR","","COUNTY","IOWA","19","CENTRAL","50","JASPER","099","","","00000000","","CORN","CORN, SILAGE - PRODUCTION, MEASURED IN TONS","TOTAL","NOT SPECIFIED","14,189",""
"CENSUS","2002","YEAR","","COUNTY","IOWA","19","CENTRAL","50","MARSHALL","127","","","00000000","","CORN","CORN, GRAIN - PRODUCTION, MEASURED IN BU","TOTAL","NOT SPECIFIED","24,268,989",""
"CENSUS","2002","YEAR","","COUNTY","IOWA","19","CENTRAL","50","MARSHALL","127","","","00000000","","CORN","CORN, SILAGE - PRODUCTION, MEASURED IN TONS","TOTAL","NOT SPECIFIED","42,430",""
"CENSUS","2002","YEAR","","COUNTY","IOWA","19","CENTRAL","50","POLK","153","","","00000000","","CORN","CORN, GRAIN - PRODUCTION, MEASURED IN BU","TOTAL","NOT SPECIFIED","15,404,233",""
"CENSUS","2002","YEAR","","COUNTY","IOWA","19","CENTRAL","50","POLK","153","","","00000000","","CORN","CORN, SILAGE - PRODUCTION, MEASURED IN TONS","TOTAL","NOT SPECIFIED","10,675",""
"CENSUS","2002","YEAR","","COUNTY","IOWA","19","CENTRAL","50","POWESHIEK","157","","","00000000","","CORN","CORN, GRAIN - PRODUCTION, MEASURED IN BU","TOTAL","NOT SPECIFIED","19,498,910",""
"CENSUS","2002","YEAR","","COUNTY","IOWA","19","CENTRAL","50","POWESHIEK","157","","","00000000","","CORN","CORN, SILAGE - PRODUCTION, MEASURED IN TONS","TOTAL","NOT SPECIFIED","22,709",""
"CENSUS","2002","YEAR","","COUNTY","IOWA","19","CENTRAL","50","STORY","169","","","00000000","","CORN","CORN, GRAIN - PRODUCTION, MEASURED IN BU","TOTAL","NOT SPECIFIED","28,027,496",""
"CENSUS","2002","YEAR","","COUNTY","IOWA","19","CENTRAL","50","STORY","169","","","00000000","","CORN","CORN, SILAGE - PRODUCTION, MEASURED IN TONS","TOTAL","NOT SPECIFIED","12,369",""
"CENSUS","2002","YEAR","","COUNTY","IOWA","19","CENTRAL","50","TAMA","171","","","00000000","","CORN","CORN, GRAIN - PRODUCTION, MEASURED IN BU","TOTAL","NOT SPECIFIED","29,103,750",""
"CENSUS","2002","YEAR","","COUNTY","IOWA","19","CENTRAL","50","TAMA","171","","","00000000","","CORN","CORN, SILAGE - PRODUCTION, MEASURED IN TONS","TOTAL","NOT SPECIFIED","37,836",""
"CENSUS","2002","YEAR","","COUNTY","IOWA","19","CENTRAL","50","WEBSTER","187","","","00000000","","CORN","CORN, GRAIN - PRODUCTION, MEASURED IN BU","TOTAL","NOT SPECIFIED","32,347,462",""
"CENSUS","2002","YEAR","","COUNTY","IOWA","19","CENTRAL","50","WEBSTER","187","","","00000000","","CORN","CORN, SILAGE - PRODUCTION, MEASURED IN TONS","TOTAL","NOT SPECIFIED","62,819",""
"CENSUS","2002","YEAR","","COUNTY","IOWA","19","EAST CENTRAL","60","BENTON","011","","","00000000","","CORN","CORN, GRAIN - PRODUCTION, MEASURED IN BU","TOTAL","NOT SPECIFIED","28,235,108",""
"CENSUS","2002","YEAR","","COUNTY","IOWA","19","EAST CENTRAL","60","BENTON","011","","","00000000","","CORN","CORN, SILAGE - PRODUCTION, MEASURED IN TONS","TOTAL","NOT SPECIFIED","65,837",""
"CENSUS","2002","YEAR","","COUNTY","IOWA","19","EAST CENTRAL","60","CEDAR","031","","","00000000","","CORN","CORN, GRAIN - PRODUCTION, MEASURED IN BU","TOTAL","NOT SPECIFIED","25,424,296",""
"CENSUS","2002","YEAR","","COUNTY","IOWA","19","EAST CENTRAL","60","CEDAR","031","","","00000000","","CORN","CORN, SILAGE - PRODUCTION, MEASURED IN TONS","TOTAL","NOT SPECIFIED","21,346",""
"CENSUS","2002","YEAR","","COUNTY","IOWA","19","EAST CENTRAL","60","CLINTON","045","","","00000000","","CORN","CORN, GRAIN - PRODUCTION, MEASURED IN BU","TOTAL","NOT SPECIFIED","29,053,084",""
"CENSUS","2002","YEAR","","COUNTY","IOWA","19","EAST CENTRAL","60","CLINTON","045","","","00000000","","CORN","CORN, SILAGE - PRODUCTION, MEASURED IN TONS","TOTAL","NOT SPECIFIED","92,014",""
"CENSUS","2002","YEAR","","COUNTY","IOWA","19","EAST CENTRAL","60","IOWA","095","","","00000000","","CORN","CORN, GRAIN - PRODUCTION, MEASURED IN BU","TOTAL","NOT SPECIFIED","18,150,124",""
"CENSUS","2002","YEAR","","COUNTY","IOWA","19","EAST CENTRAL","60","IOWA","095","","","00000000","","CORN","CORN, SILAGE - PRODUCTION, MEASURED IN TONS","TOTAL","NOT SPECIFIED","26,680",""
"CENSUS","2002","YEAR","","COUNTY","IOWA","19","EAST CENTRAL","60","JACKSON","097","","","00000000","","CORN","CORN, GRAIN - PRODUCTION, MEASURED IN BU","TOTAL","NOT SPECIFIED","13,250,407",""
"CENSUS","2002","YEAR","","COUNTY","IOWA","19","EAST CENTRAL","60","JACKSON","097","","","00000000","","CORN","CORN, SILAGE - PRODUCTION, MEASURED IN TONS","TOTAL","NOT SPECIFIED","65,469",""
"CENSUS","2002","YEAR","","COUNTY","IOWA","19","EAST CENTRAL","60","JOHNSON","103","","","00000000","","CORN","CORN, GRAIN - PRODUCTION, MEASURED IN BU","TOTAL","NOT SPECIFIED","17,361,916",""
"CENSUS","2002","YEAR","","COUNTY","IOWA","19","EAST CENTRAL","60","JOHNSON","103","","","00000000","","CORN","CORN, SILAGE - PRODUCTION, MEASURED IN TONS","TOTAL","NOT SPECIFIED","54,377",""
"CENSUS","2002","YEAR","","COUNTY","IOWA","19","EAST CENTRAL","60","JONES","105","","","00000000","","CORN","CORN, GRAIN - PRODUCTION, MEASURED IN BU","TOTAL","NOT SPECIFIED","20,750,196",""
"CENSUS","2002","YEAR","","COUNTY","IOWA","19","EAST CENTRAL","60","JONES","105","","","00000000","","CORN","CORN, SILAGE - PRODUCTION, MEASURED IN TONS","TOTAL","NOT SPECIFIED","69,804",""
"CENSUS","2002","YEAR","","COUNTY","IOWA","19","EAST CENTRAL","60","LINN","113","","","00000000","","CORN","CORN, GRAIN - PRODUCTION, MEASURED IN BU","TOTAL","NOT SPECIFIED","22,105,061",""
"CENSUS","2002","YEAR","","COUNTY","IOWA","19","EAST CENTRAL","60","LINN","113","","","00000000","","CORN","CORN, SILAGE - PRODUCTION, MEASURED IN TONS","TOTAL","NOT SPECIFIED","43,714",""
"CENSUS","2002","YEAR","","COUNTY","IOWA","19","EAST CENTRAL","60","MUSCATINE","139","","","00000000","","CORN","CORN, GRAIN - PRODUCTION, MEASURED IN BU","TOTAL","NOT SPECIFIED","14,629,638",""
"CENSUS","2002","YEAR","","COUNTY","IOWA","19","EAST CENTRAL","60","MUSCATINE","139","","","00000000","","CORN","CORN, SILAGE - PRODUCTION, MEASURED IN TONS","TOTAL","NOT SPECIFIED","45,674",""
"CENSUS","2002","YEAR","","COUNTY","IOWA","19","EAST CENTRAL","60","SCOTT","163","","","00000000","","CORN","CORN, GRAIN - PRODUCTION, MEASURED IN BU","TOTAL","NOT SPECIFIED","20,298,305",""
"CENSUS","2002","YEAR","","COUNTY","IOWA","19","EAST CENTRAL","60","SCOTT","163","","","00000000","","CORN","CORN, SILAGE - PRODUCTION, MEASURED IN TONS","TOTAL","NOT SPECIFIED","56,933",""
"CENSUS","2002","YEAR","","COUNTY","IOWA","19","NORTH CENTRAL","20","BUTLER","023","","","00000000","","CORN","CORN, GRAIN - PRODUCTION, MEASURED IN BU","TOTAL","NOT SPECIFIED","23,928,365",""
"CENSUS","2002","YEAR","","COUNTY","IOWA","19","NORTH CENTRAL","20","BUTLER","023","","","00000000","","CORN","CORN, SILAGE - PRODUCTION, MEASURED IN TONS","TOTAL","NOT SPECIFIED","25,632",""
"CENSUS","2002","YEAR","","COUNTY","IOWA","19","NORTH CENTRAL","20","CERRO GORDO","033","","","00000000","","CORN","CORN, GRAIN - PRODUCTION, MEASURED IN BU","TOTAL","NOT SPECIFIED","25,304,491",""
"CENSUS","2002","YEAR","","COUNTY","IOWA","19","NORTH CENTRAL","20","CERRO GORDO","033","","","00000000","","CORN","CORN, SILAGE - PRODUCTION, MEASURED IN TONS","TOTAL","NOT SPECIFIED","11,500",""
"CENSUS","2002","YEAR","","COUNTY","IOWA","19","NORTH CENTRAL","20","FLOYD","067","","","00000000","","CORN","CORN, GRAIN - PRODUCTION, MEASURED IN BU","TOTAL","NOT SPECIFIED","20,946,610",""
"CENSUS","2002","YEAR","","COUNTY","IOWA","19","NORTH CENTRAL","20","FLOYD","067","","","00000000","","CORN","CORN, SILAGE - PRODUCTION, MEASURED IN TONS","TOTAL","NOT SPECIFIED","38,502",""
"CENSUS","2002","YEAR","","COUNTY","IOWA","19","NORTH CENTRAL","20","FRANKLIN","069","","","00000000","","CORN","CORN, GRAIN - PRODUCTION, MEASURED IN BU","TOTAL","NOT SPECIFIED","26,169,958",""
"CENSUS","2002","YEAR","","COUNTY","IOWA","19","NORTH CENTRAL","20","FRANKLIN","069","","","00000000","","CORN","CORN, SILAGE - PRODUCTION, MEASURED IN TONS","TOTAL","NOT SPECIFIED","36,376",""
"CENSUS","2002","YEAR","","COUNTY","IOWA","19","NORTH CENTRAL","20","HANCOCK","081","","","00000000","","CORN","CORN, GRAIN - PRODUCTION, MEASURED IN BU","TOTAL","NOT SPECIFIED","25,580,319",""
"CENSUS","2002","YEAR","","COUNTY","IOWA","19","NORTH CENTRAL","20","HANCOCK","081","","","00000000","","CORN","CORN, SILAGE - PRODUCTION, MEASURED IN TONS","TOTAL","NOT SPECIFIED","17,466",""
"CENSUS","2002","YEAR","","COUNTY","IOWA","19","NORTH CENTRAL","20","HUMBOLDT","091","","","00000000","","CORN","CORN, GRAIN - PRODUCTION, MEASURED IN BU","TOTAL","NOT SPECIFIED","21,093,167",""
"CENSUS","2002","YEAR","","COUNTY","IOWA","19","NORTH CENTRAL","20","HUMBOLDT","091","","","00000000","","CORN","CORN, SILAGE - PRODUCTION, MEASURED IN TONS","TOTAL","NOT SPECIFIED","25,848",""
"CENSUS","2002","YEAR","","COUNTY","IOWA","19","NORTH CENTRAL","20","KOSSUTH","109","","","00000000","","CORN","CORN, GRAIN - PRODUCTION, MEASURED IN BU","TOTAL","NOT SPECIFIED","45,744,226",""
"CENSUS","2002","YEAR","","COUNTY","IOWA","19","NORTH CENTRAL","20","KOSSUTH","109","","","00000000","","CORN","CORN, SILAGE - PRODUCTION, MEASURED IN TONS","TOTAL","NOT SPECIFIED","59,387",""
"CENSUS","2002","YEAR","","COUNTY","IOWA","19","NORTH CENTRAL","20","MITCHELL","131","","","00000000","","CORN","CORN, GRAIN - PRODUCTION, MEASURED IN BU","TOTAL","NOT SPECIFIED","21,847,644",""
"CENSUS","2002","YEAR","","COUNTY","IOWA","19","NORTH CENTRAL","20","MITCHELL","131","","","00000000","","CORN","CORN, SILAGE - PRODUCTION, MEASURED IN TONS","TOTAL","NOT SPECIFIED","80,326",""
"CENSUS","2002","YEAR","","COUNTY","IOWA","19","NORTH CENTRAL","20","WINNEBAGO","189","","","00000000","","CORN","CORN, GRAIN - PRODUCTION, MEASURED IN BU","TOTAL","NOT SPECIFIED","18,422,254",""
"CENSUS","2002","YEAR","","COUNTY","IOWA","19","NORTH CENTRAL","20","WINNEBAGO","189","","","00000000","","CORN","CORN, SILAGE - PRODUCTION, MEASURED IN TONS","TOTAL","NOT SPECIFIED","13,173",""
"CENSUS","2002","YEAR","","COUNTY","IOWA","19","NORTH CENTRAL","20","WORTH","195","","","00000000","","CORN","CORN, GRAIN - PRODUCTION, MEASURED IN BU","TOTAL","NOT SPECIFIED","16,759,104",""
"CENSUS","2002","YEAR","","COUNTY","IOWA","19","NORTH CENTRAL","20","WORTH","195","","","00000000","","CORN","CORN, SILAGE - PRODUCTION, MEASURED IN TONS","TOTAL","NOT SPECIFIED","14,445",""
"CENSUS","2002","YEAR","","COUNTY","IOWA","19","NORTH CENTRAL","20","WRIGHT","197","","","00000000","","CORN","CORN, GRAIN - PRODUCTION, MEASURED IN BU","TOTAL","NOT SPECIFIED","27,376,194",""
"CENSUS","2002","YEAR","","COUNTY","IOWA","19","NORTH CENTRAL","20","WRIGHT","197","","","00000000","","CORN","CORN, SILAGE - PRODUCTION, MEASURED IN TONS","TOTAL","NOT SPECIFIED","3,167",""
"CENSUS","2002","YEAR","","COUNTY","IOWA","19","NORTHEAST","30","ALLAMAKEE","005","","","00000000","","CORN","CORN, GRAIN - PRODUCTION, MEASURED IN BU","TOTAL","NOT SPECIFIED","9,554,607",""
"CENSUS","2002","YEAR","","COUNTY","IOWA","19","NORTHEAST","30","ALLAMAKEE","005","","","00000000","","CORN","CORN, SILAGE - PRODUCTION, MEASURED IN TONS","TOTAL","NOT SPECIFIED","127,378",""
"CENSUS","2002","YEAR","","COUNTY","IOWA","19","NORTHEAST","30","BLACK HAWK","013","","","00000000","","CORN","CORN, GRAIN - PRODUCTION, MEASURED IN BU","TOTAL","NOT SPECIFIED","21,803,101",""
"CENSUS","2002","YEAR","","COUNTY","IOWA","19","NORTHEAST","30","BLACK HAWK","013","","","00000000","","CORN","CORN, SILAGE - PRODUCTION, MEASURED IN TONS","TOTAL","NOT SPECIFIED","22,867",""
"CENSUS","2002","YEAR","","COUNTY","IOWA","19","NORTHEAST","30","BREMER","017","","","00000000","","CORN","CORN, GRAIN - PRODUCTION, MEASURED IN BU","TOTAL","NOT SPECIFIED","20,456,080",""
"CENSUS","2002","YEAR","","COUNTY","IOWA","19","NORTHEAST","30","BREMER","017","","","00000000","","CORN","CORN, SILAGE - PRODUCTION, MEASURED IN TONS","TOTAL","NOT SPECIFIED","41,627",""
"CENSUS","2002","YEAR","","COUNTY","IOWA","19","NORTHEAST","30","BUCHANAN","019","","","00000000","","CORN","CORN, GRAIN - PRODUCTION, MEASURED IN BU","TOTAL","NOT SPECIFIED","27,777,523",""
"CENSUS","2002","YEAR","","COUNTY","IOWA","19","NORTHEAST","30","BUCHANAN","019","","","00000000","","CORN","CORN, SILAGE - PRODUCTION, MEASURED IN TONS","TOTAL","NOT SPECIFIED","41,024",""
"CENSUS","2002","YEAR","","COUNTY","IOWA","19","NORTHEAST","30","CHICKASAW","037","","","00000000","","CORN","CORN, GRAIN - PRODUCTION, MEASURED IN BU","TOTAL","NOT SPECIFIED","19,255,462",""
"CENSUS","2002","YEAR","","COUNTY","IOWA","19","NORTHEAST","30","CHICKASAW","037","","","00000000","","CORN","CORN, SILAGE - PRODUCTION, MEASURED IN TONS","TOTAL","NOT SPECIFIED","88,345",""
"CENSUS","2002","YEAR","","COUNTY","IOWA","19","NORTHEAST","30","CLAYTON","043","","","00000000","","CORN","CORN, GRAIN - PRODUCTION, MEASURED IN BU","TOTAL","NOT SPECIFIED","21,476,036",""
"CENSUS","2002","YEAR","","COUNTY","IOWA","19","NORTHEAST","30","CLAYTON","043","","","00000000","","CORN","CORN, SILAGE - PRODUCTION, MEASURED IN TONS","TOTAL","NOT SPECIFIED","155,320",""
"CENSUS","2002","YEAR","","COUNTY","IOWA","19","NORTHEAST","30","DELAWARE","055","","","00000000","","CORN","CORN, GRAIN - PRODUCTION, MEASURED IN BU","TOTAL","NOT SPECIFIED","26,848,909",""
"CENSUS","2002","YEAR","","COUNTY","IOWA","19","NORTHEAST","30","DELAWARE","055","","","00000000","","CORN","CORN, SILAGE - PRODUCTION, MEASURED IN TONS","TOTAL","NOT SPECIFIED","153,485",""
"CENSUS","2002","YEAR","","COUNTY","IOWA","19","NORTHEAST","30","DUBUQUE","061","","","00000000","","CORN","CORN, GRAIN - PRODUCTION, MEASURED IN BU","TOTAL","NOT SPECIFIED","17,335,039",""
"CENSUS","2002","YEAR","","COUNTY","IOWA","19","NORTHEAST","30","DUBUQUE","061","","","00000000","","CORN","CORN, SILAGE - PRODUCTION, MEASURED IN TONS","TOTAL","NOT SPECIFIED","151,242",""
"CENSUS","2002","YEAR","","COUNTY","IOWA","19","NORTHEAST","30","FAYETTE","065","","","00000000","","CORN","CORN, GRAIN - PRODUCTION, MEASURED IN BU","TOTAL","NOT SPECIFIED","27,870,975",""
"CENSUS","2002","YEAR","","COUNTY","IOWA","19","NORTHEAST","30","FAYETTE","065","","","00000000","","CORN","CORN, SILAGE - PRODUCTION, MEASURED IN TONS","TOTAL","NOT SPECIFIED","138,420",""
"CENSUS","2002","YEAR","","COUNTY","IOWA","19","NORTHEAST","30","HOWARD","089","","","00000000","","CORN","CORN, GRAIN - PRODUCTION, MEASURED IN BU","TOTAL","NOT SPECIFIED","16,176,415",""
"CENSUS","2002","YEAR","","COUNTY","IOWA","19","NORTHEAST","30","HOWARD","089","","","00000000","","CORN","CORN, SILAGE - PRODUCTION, MEASURED IN TONS","TOTAL","NOT SPECIFIED","56,719",""
"CENSUS","2002","YEAR","","COUNTY","IOWA","19","NORTHEAST","30","WINNESHIEK","191","","","00000000","","CORN","CORN, GRAIN - PRODUCTION, MEASURED IN BU","TOTAL","NOT SPECIFIED","19,416,730",""
"CENSUS","2002","YEAR","","COUNTY","IOWA","19","NORTHEAST","30","WINNESHIEK","191","","","00000000","","CORN","CORN, SILAGE - PRODUCTION, MEASURED IN TONS","TOTAL","NOT SPECIFIED","218,552",""
"CENSUS","2002","YEAR","","COUNTY","IOWA","19","NORTHWEST","10","BUENA VISTA","021","","","00000000","","CORN","CORN, GRAIN - PRODUCTION, MEASURED IN BU","TOTAL","NOT SPECIFIED","23,893,505",""
"CENSUS","2002","YEAR","","COUNTY","IOWA","19","NORTHWEST","10","BUENA VISTA","021","","","00000000","","CORN","CORN, SILAGE - PRODUCTION, MEASURED IN TONS","TOTAL","NOT SPECIFIED","46,719",""
"CENSUS","2002","YEAR","","COUNTY","IOWA","19","NORTHWEST","10","CHEROKEE","035","","","00000000","","CORN","CORN, GRAIN - PRODUCTION, MEASURED IN BU","TOTAL","NOT SPECIFIED","20,578,381",""
"CENSUS","2002","YEAR","","COUNTY","IOWA","19","NORTHWEST","10","CHEROKEE","035","","","00000000","","CORN","CORN, SILAGE - PRODUCTION, MEASURED IN TONS","TOTAL","NOT SPECIFIED","83,791",""
"CENSUS","2002","YEAR","","COUNTY","IOWA","19","NORTHWEST","10","CLAY","041","","","00000000","","CORN","CORN, GRAIN - PRODUCTION, MEASURED IN BU","TOTAL","NOT SPECIFIED","19,111,070",""
"CENSUS","2002","YEAR","","COUNTY","IOWA","19","NORTHWEST","10","CLAY","041","","","00000000","","CORN","CORN, SILAGE - PRODUCTION, MEASURED IN TONS","TOTAL","NOT SPECIFIED","54,925",""
"CENSUS","2002","YEAR","","COUNTY","IOWA","19","NORTHWEST","10","DICKINSON","059","","","00000000","","CORN","CORN, GRAIN - PRODUCTION, MEASURED IN BU","TOTAL","NOT SPECIFIED","12,036,484",""
"CENSUS","2002","YEAR","","COUNTY","IOWA","19","NORTHWEST","10","DICKINSON","059","","","00000000","","CORN","CORN, SILAGE - PRODUCTION, MEASURED IN TONS","TOTAL","NOT SPECIFIED","54,299",""
"CENSUS","2002","YEAR","","COUNTY","IOWA","19","NORTHWEST","10","EMMET","063","","","00000000","","CORN","CORN, GRAIN - PRODUCTION, MEASURED IN BU","TOTAL","NOT SPECIFIED","16,662,494",""
"CENSUS","2002","YEAR","","COUNTY","IOWA","19","NORTHWEST","10","EMMET","063","","","00000000","","CORN","CORN, SILAGE - PRODUCTION, MEASURED IN TONS","TOTAL","NOT SPECIFIED","18,109",""
"CENSUS","2002","YEAR","","COUNTY","IOWA","19","NORTHWEST","10","LYON","119","","","00000000","","CORN","CORN, GRAIN - PRODUCTION, MEASURED IN BU","TOTAL","NOT SPECIFIED","20,460,665",""
"CENSUS","2002","YEAR","","COUNTY","IOWA","19","NORTHWEST","10","LYON","119","","","00000000","","CORN","CORN, SILAGE - PRODUCTION, MEASURED IN TONS","TOTAL","NOT SPECIFIED","193,894",""
"CENSUS","2002","YEAR","","COUNTY","IOWA","19","NORTHWEST","10","O BRIEN","141","","","00000000","","CORN","CORN, GRAIN - PRODUCTION, MEASURED IN BU","TOTAL","NOT SPECIFIED","21,908,442",""
"CENSUS","2002","YEAR","","COUNTY","IOWA","19","NORTHWEST","10","O BRIEN","141","","","00000000","","CORN","CORN, SILAGE - PRODUCTION, MEASURED IN TONS","TOTAL","NOT SPECIFIED","82,638",""
"CENSUS","2002","YEAR","","COUNTY","IOWA","19","NORTHWEST","10","OSCEOLA","143","","","00000000","","CORN","CORN, GRAIN - PRODUCTION, MEASURED IN BU","TOTAL","NOT SPECIFIED","16,061,707",""
"CENSUS","2002","YEAR","","COUNTY","IOWA","19","NORTHWEST","10","OSCEOLA","143","","","00000000","","CORN","CORN, SILAGE - PRODUCTION, MEASURED IN TONS","TOTAL","NOT SPECIFIED","90,095",""
"CENSUS","2002","YEAR","","COUNTY","IOWA","19","NORTHWEST","10","PALO ALTO","147","","","00000000","","CORN","CORN, GRAIN - PRODUCTION, MEASURED IN BU","TOTAL","NOT SPECIFIED","23,136,174",""
"CENSUS","2002","YEAR","","COUNTY","IOWA","19","NORTHWEST","10","PALO ALTO","147","","","00000000","","CORN","CORN, SILAGE - PRODUCTION, MEASURED IN TONS","TOTAL","NOT SPECIFIED","30,623",""
"CENSUS","2002","YEAR","","COUNTY","IOWA","19","NORTHWEST","10","PLYMOUTH","149","","","00000000","","CORN","CORN, GRAIN - PRODUCTION, MEASURED IN BU","TOTAL","NOT SPECIFIED","32,947,663",""
"CENSUS","2002","YEAR","","COUNTY","IOWA","19","NORTHWEST","10","PLYMOUTH","149","","","00000000","","CORN","CORN, SILAGE - PRODUCTION, MEASURED IN TONS","TOTAL","NOT SPECIFIED","135,549",""
"CENSUS","2002","YEAR","","COUNTY","IOWA","19","NORTHWEST","10","POCAHONTAS","151","","","00000000","","CORN","CORN, GRAIN - PRODUCTION, MEASURED IN BU","TOTAL","NOT SPECIFIED","26,974,337",""
"CENSUS","2002","YEAR","","COUNTY","IOWA","19","NORTHWEST","10","POCAHONTAS","151","","","00000000","","CORN","CORN, SILAGE - PRODUCTION, MEASURED IN TONS","TOTAL","NOT SPECIFIED","12,579",""
"CENSUS","2002","YEAR","","COUNTY","IOWA","19","NORTHWEST","10","SIOUX","167","","","00000000","","CORN","CORN, GRAIN - PRODUCTION, MEASURED IN BU","TOTAL","NOT SPECIFIED","34,226,090",""
"CENSUS","2002","YEAR","","COUNTY","IOWA","19","NORTHWEST","10","SIOUX","167","","","00000000","","CORN","CORN, SILAGE - PRODUCTION, MEASURED IN TONS","TOTAL","NOT SPECIFIED","402,477",""
"CENSUS","2002","YEAR","","COUNTY","IOWA","19","SOUTH CENTRAL","80","APPANOOSE","007","","","00000000","","CORN","CORN, GRAIN - PRODUCTION, MEASURED IN BU","TOTAL","NOT SPECIFIED","2,783,553",""
"CENSUS","2002","YEAR","","COUNTY","IOWA","19","SOUTH CENTRAL","80","APPANOOSE","007","","","00000000","","CORN","CORN, SILAGE - PRODUCTION, MEASURED IN TONS","TOTAL","NOT SPECIFIED","7,956",""
"CENSUS","2002","YEAR","","COUNTY","IOWA","19","SOUTH CENTRAL","80","CLARKE","039","","","00000000","","CORN","CORN, GRAIN - PRODUCTION, MEASURED IN BU","TOTAL","NOT SPECIFIED","3,153,356",""
"CENSUS","2002","YEAR","","COUNTY","IOWA","19","SOUTH CENTRAL","80","CLARKE","039","","","00000000","","CORN","CORN, SILAGE - PRODUCTION, MEASURED IN TONS","TOTAL","NOT SPECIFIED","13,398",""
"CENSUS","2002","YEAR","","COUNTY","IOWA","19","SOUTH CENTRAL","80","DECATUR","053","","","00000000","","CORN","CORN, GRAIN - PRODUCTION, MEASURED IN BU","TOTAL","NOT SPECIFIED","3,464,824",""
"CENSUS","2002","YEAR","","COUNTY","IOWA","19","SOUTH CENTRAL","80","DECATUR","053","","","00000000","","CORN","CORN, SILAGE - PRODUCTION, MEASURED IN TONS","TOTAL","NOT SPECIFIED","11,583",""
"CENSUS","2002","YEAR","","COUNTY","IOWA","19","SOUTH CENTRAL","80","LUCAS","117","","","00000000","","CORN","CORN, GRAIN - PRODUCTION, MEASURED IN BU","TOTAL","NOT SPECIFIED","2,964,925",""
"CENSUS","2002","YEAR","","COUNTY","IOWA","19","SOUTH CENTRAL","80","LUCAS","117","","","00000000","","CORN","CORN, SILAGE - PRODUCTION, MEASURED IN TONS","TOTAL","NOT SPECIFIED","13,013",""
"CENSUS","2002","YEAR","","COUNTY","IOWA","19","SOUTH CENTRAL","80","MADISON","121","","","00000000","","CORN","CORN, GRAIN - PRODUCTION, MEASURED IN BU","TOTAL","NOT SPECIFIED","9,157,276",""
"CENSUS","2002","YEAR","","COUNTY","IOWA","19","SOUTH CENTRAL","80","MADISON","121","","","00000000","","CORN","CORN, SILAGE - PRODUCTION, MEASURED IN TONS","TOTAL","NOT SPECIFIED","40,788",""
"CENSUS","2002","YEAR","","COUNTY","IOWA","19","SOUTH CENTRAL","80","MARION","125","","","00000000","","CORN","CORN, GRAIN - PRODUCTION, MEASURED IN BU","TOTAL","NOT SPECIFIED","11,987,606",""
"CENSUS","2002","YEAR","","COUNTY","IOWA","19","SOUTH CENTRAL","80","MARION","125","","","00000000","","CORN","CORN, SILAGE - PRODUCTION, MEASURED IN TONS","TOTAL","NOT SPECIFIED","12,302",""
"CENSUS","2002","YEAR","","COUNTY","IOWA","19","SOUTH CENTRAL","80","MONROE","135","","","00000000","","CORN","CORN, GRAIN - PRODUCTION, MEASURED IN BU","TOTAL","NOT SPECIFIED","3,934,668",""
"CENSUS","2002","YEAR","","COUNTY","IOWA","19","SOUTH CENTRAL","80","MONROE","135","","","00000000","","CORN","CORN, SILAGE - PRODUCTION, MEASURED IN TONS","TOTAL","NOT SPECIFIED","27,525",""
"CENSUS","2002","YEAR","","COUNTY","IOWA","19","SOUTH CENTRAL","80","RINGGOLD","159","","","00000000","","CORN","CORN, GRAIN - PRODUCTION, MEASURED IN BU","TOTAL","NOT SPECIFIED","5,016,637",""
"CENSUS","2002","YEAR","","COUNTY","IOWA","19","SOUTH CENTRAL","80","RINGGOLD","159","","","00000000","","CORN","CORN, SILAGE - PRODUCTION, MEASURED IN TONS","TOTAL","NOT SPECIFIED","18,634",""
"CENSUS","2002","YEAR","","COUNTY","IOWA","19","SOUTH CENTRAL","80","UNION","175","","","00000000","","CORN","CORN, GRAIN - PRODUCTION, MEASURED IN BU","TOTAL","NOT SPECIFIED","6,555,852",""
"CENSUS","2002","YEAR","","COUNTY","IOWA","19","SOUTH CENTRAL","80","UNION","175","","","00000000","","CORN","CORN, SILAGE - PRODUCTION, MEASURED IN TONS","TOTAL","NOT SPECIFIED","12,254",""
"CENSUS","2002","YEAR","","COUNTY","IOWA","19","SOUTH CENTRAL","80","WARREN","181","","","00000000","","CORN","CORN, GRAIN - PRODUCTION, MEASURED IN BU","TOTAL","NOT SPECIFIED","9,917,719",""
"CENSUS","2002","YEAR","","COUNTY","IOWA","19","SOUTH CENTRAL","80","WARREN","181","","","00000000","","CORN","CORN, SILAGE - PRODUCTION, MEASURED IN TONS","TOTAL","NOT SPECIFIED","26,729",""
"CENSUS","2002","YEAR","","COUNTY","IOWA","19","SOUTH CENTRAL","80","WAYNE","185","","","00000000","","CORN","CORN, GRAIN - PRODUCTION, MEASURED IN BU","TOTAL","NOT SPECIFIED","6,224,691",""
"CENSUS","2002","YEAR","","COUNTY","IOWA","19","SOUTH CENTRAL","80","WAYNE","185","","","00000000","","CORN","CORN, SILAGE - PRODUCTION, MEASURED IN TONS","TOTAL","NOT SPECIFIED","11,047",""
"CENSUS","2002","YEAR","","COUNTY","IOWA","19","SOUTHEAST","90","DAVIS","051","","","00000000","","CORN","CORN, GRAIN - PRODUCTION, MEASURED IN BU","TOTAL","NOT SPECIFIED","5,043,653",""
"CENSUS","2002","YEAR","","COUNTY","IOWA","19","SOUTHEAST","90","DAVIS","051","","","00000000","","CORN","CORN, SILAGE - PRODUCTION, MEASURED IN TONS","TOTAL","NOT SPECIFIED","41,163",""
"CENSUS","2002","YEAR","","COUNTY","IOWA","19","SOUTHEAST","90","DES MOINES","057","","","00000000","","CORN","CORN, GRAIN - PRODUCTION, MEASURED IN BU","TOTAL","NOT SPECIFIED","10,938,520",""
"CENSUS","2002","YEAR","","COUNTY","IOWA","19","SOUTHEAST","90","DES MOINES","057","","","00000000","","CORN","CORN, SILAGE - PRODUCTION, MEASURED IN TONS","TOTAL","NOT SPECIFIED","9,529",""
"CENSUS","2002","YEAR","","COUNTY","IOWA","19","SOUTHEAST","90","HENRY","087","","","00000000","","CORN","CORN, GRAIN - PRODUCTION, MEASURED IN BU","TOTAL","NOT SPECIFIED","12,463,689",""
"CENSUS","2002","YEAR","","COUNTY","IOWA","19","SOUTHEAST","90","HENRY","087","","","00000000","","CORN","CORN, SILAGE - PRODUCTION, MEASURED IN TONS","TOTAL","NOT SPECIFIED","19,473",""
"CENSUS","2002","YEAR","","COUNTY","IOWA","19","SOUTHEAST","90","JEFFERSON","101","","","00000000","","CORN","CORN, GRAIN - PRODUCTION, MEASURED IN BU","TOTAL","NOT SPECIFIED","7,668,133",""
"CENSUS","2002","YEAR","","COUNTY","IOWA","19","SOUTHEAST","90","JEFFERSON","101","","","00000000","","CORN","CORN, SILAGE - PRODUCTION, MEASURED IN TONS","TOTAL","NOT SPECIFIED","29,724",""
"CENSUS","2002","YEAR","","COUNTY","IOWA","19","SOUTHEAST","90","KEOKUK","107","","","00000000","","CORN","CORN, GRAIN - PRODUCTION, MEASURED IN BU","TOTAL","NOT SPECIFIED","15,699,259",""
"CENSUS","2002","YEAR","","COUNTY","IOWA","19","SOUTHEAST","90","KEOKUK","107","","","00000000","","CORN","CORN, SILAGE - PRODUCTION, MEASURED IN TONS","TOTAL","NOT SPECIFIED","35,200",""
"CENSUS","2002","YEAR","","COUNTY","IOWA","19","SOUTHEAST","90","LEE","111","","","00000000","","CORN","CORN, GRAIN - PRODUCTION, MEASURED IN BU","TOTAL","NOT SPECIFIED","10,449,531",""
"CENSUS","2002","YEAR","","COUNTY","IOWA","19","SOUTHEAST","90","LEE","111","","","00000000","","CORN","CORN, SILAGE - PRODUCTION, MEASURED IN TONS","TOTAL","NOT SPECIFIED","33,430",""
"CENSUS","2002","YEAR","","COUNTY","IOWA","19","SOUTHEAST","90","LOUISA","115","","","00000000","","CORN","CORN, GRAIN - PRODUCTION, MEASURED IN BU","TOTAL","NOT SPECIFIED","11,945,599",""
"CENSUS","2002","YEAR","","COUNTY","IOWA","19","SOUTHEAST","90","LOUISA","115","","","00000000","","CORN","CORN, SILAGE - PRODUCTION, MEASURED IN TONS","TOTAL","NOT SPECIFIED","15,191",""
"CENSUS","2002","YEAR","","COUNTY","IOWA","19","SOUTHEAST","90","MAHASKA","123","","","00000000","","CORN","CORN, GRAIN - PRODUCTION, MEASURED IN BU","TOTAL","NOT SPECIFIED","18,748,492",""
"CENSUS","2002","YEAR","","COUNTY","IOWA","19","SOUTHEAST","90","MAHASKA","123","","","00000000","","CORN","CORN, SILAGE - PRODUCTION, MEASURED IN TONS","TOTAL","NOT SPECIFIED","35,615",""
"CENSUS","2002","YEAR","","COUNTY","IOWA","19","SOUTHEAST","90","VAN BUREN","177","","","00000000","","CORN","CORN, GRAIN - PRODUCTION, MEASURED IN BU","TOTAL","NOT SPECIFIED","5,323,624",""
"CENSUS","2002","YEAR","","COUNTY","IOWA","19","SOUTHEAST","90","VAN BUREN","177","","","00000000","","CORN","CORN, SILAGE - PRODUCTION, MEASURED IN TONS","TOTAL","NOT SPECIFIED","32,271",""
"CENSUS","2002","YEAR","","COUNTY","IOWA","19","SOUTHEAST","90","WAPELLO","179","","","00000000","","CORN","CORN, GRAIN - PRODUCTION, MEASURED IN BU","TOTAL","NOT SPECIFIED","6,734,233",""
"CENSUS","2002","YEAR","","COUNTY","IOWA","19","SOUTHEAST","90","WAPELLO","179","","","00000000","","CORN","CORN, SILAGE - PRODUCTION, MEASURED IN TONS","TOTAL","NOT SPECIFIED","4,922",""
"CENSUS","2002","YEAR","","COUNTY","IOWA","19","SOUTHEAST","90","WASHINGTON","183","","","00000000","","CORN","CORN, GRAIN - PRODUCTION, MEASURED IN BU","TOTAL","NOT SPECIFIED","19,184,935",""
"CENSUS","2002","YEAR","","COUNTY","IOWA","19","SOUTHEAST","90","WASHINGTON","183","","","00000000","","CORN","CORN, SILAGE - PRODUCTION, MEASURED IN TONS","TOTAL","NOT SPECIFIED","20,436",""
"CENSUS","2002","YEAR","","COUNTY","IOWA","19","SOUTHWEST","70","ADAIR","001","","","00000000","","CORN","CORN, GRAIN - PRODUCTION, MEASURED IN BU","TOTAL","NOT SPECIFIED","15,758,674",""
"CENSUS","2002","YEAR","","COUNTY","IOWA","19","SOUTHWEST","70","ADAIR","001","","","00000000","","CORN","CORN, SILAGE - PRODUCTION, MEASURED IN TONS","TOTAL","NOT SPECIFIED","32,295",""
"CENSUS","2002","YEAR","","COUNTY","IOWA","19","SOUTHWEST","70","ADAMS","003","","","00000000","","CORN","CORN, GRAIN - PRODUCTION, MEASURED IN BU","TOTAL","NOT SPECIFIED","7,827,147",""
"CENSUS","2002","YEAR","","COUNTY","IOWA","19","SOUTHWEST","70","ADAMS","003","","","00000000","","CORN","CORN, SILAGE - PRODUCTION, MEASURED IN TONS","TOTAL","NOT SPECIFIED","31,681",""
"CENSUS","2002","YEAR","","COUNTY","IOWA","19","SOUTHWEST","70","CASS","029","","","00000000","","CORN","CORN, GRAIN - PRODUCTION, MEASURED IN BU","TOTAL","NOT SPECIFIED","15,687,393",""
"CENSUS","2002","YEAR","","COUNTY","IOWA","19","SOUTHWEST","70","CASS","029","","","00000000","","CORN","CORN, SILAGE - PRODUCTION, MEASURED IN TONS","TOTAL","NOT SPECIFIED","39,510",""
"CENSUS","2002","YEAR","","COUNTY","IOWA","19","SOUTHWEST","70","FREMONT","071","","","00000000","","CORN","CORN, GRAIN - PRODUCTION, MEASURED IN BU","TOTAL","NOT SPECIFIED","10,974,422",""
"CENSUS","2002","YEAR","","COUNTY","IOWA","19","SOUTHWEST","70","FREMONT","071","","","00000000","","CORN","CORN, SILAGE - PRODUCTION, MEASURED IN TONS","TOTAL","NOT SPECIFIED","9,233",""
"CENSUS","2002","YEAR","","COUNTY","IOWA","19","SOUTHWEST","70","MILLS","129","","","00000000","","CORN","CORN, GRAIN - PRODUCTION, MEASURED IN BU","TOTAL","NOT SPECIFIED","11,020,630",""
"CENSUS","2002","YEAR","","COUNTY","IOWA","19","SOUTHWEST","70","MILLS","129","","","00000000","","CORN","CORN, SILAGE - PRODUCTION, MEASURED IN TONS","TOTAL","NOT SPECIFIED","2,680",""
"CENSUS","2002","YEAR","","COUNTY","IOWA","19","SOUTHWEST","70","MONTGOMERY","137","","","00000000","","CORN","CORN, GRAIN - PRODUCTION, MEASURED IN BU","TOTAL","NOT SPECIFIED","11,779,449",""
"CENSUS","2002","YEAR","","COUNTY","IOWA","19","SOUTHWEST","70","MONTGOMERY","137","","","00000000","","CORN","CORN, SILAGE - PRODUCTION, MEASURED IN TONS","TOTAL","NOT SPECIFIED","14,055",""
"CENSUS","2002","YEAR","","COUNTY","IOWA","19","SOUTHWEST","70","PAGE","145","","","00000000","","CORN","CORN, GRAIN - PRODUCTION, MEASURED IN BU","TOTAL","NOT SPECIFIED","9,953,798",""
"CENSUS","2002","YEAR","","COUNTY","IOWA","19","SOUTHWEST","70","PAGE","145","","","00000000","","CORN","CORN, SILAGE - PRODUCTION, MEASURED IN TONS","TOTAL","NOT SPECIFIED","19,545",""
"CENSUS","2002","YEAR","","COUNTY","IOWA","19","SOUTHWEST","70","POTTAWATTAMIE","155","","","00000000","","CORN","CORN, GRAIN - PRODUCTION, MEASURED IN BU","TOTAL","NOT SPECIFIED","29,352,450",""
"CENSUS","2002","YEAR","","COUNTY","IOWA","19","SOUTHWEST","70","POTTAWATTAMIE","155","","","00000000","","CORN","CORN, SILAGE - PRODUCTION, MEASURED IN TONS","TOTAL","NOT SPECIFIED","41,271",""
"CENSUS","2002","YEAR","","COUNTY","IOWA","19","SOUTHWEST","70","TAYLOR","173","","","00000000","","CORN","CORN, GRAIN - PRODUCTION, MEASURED IN BU","TOTAL","NOT SPECIFIED","8,582,471",""
"CENSUS","2002","YEAR","","COUNTY","IOWA","19","SOUTHWEST","70","TAYLOR","173","","","00000000","","CORN","CORN, SILAGE - PRODUCTION, MEASURED IN TONS","TOTAL","NOT SPECIFIED","15,879",""
"CENSUS","2002","YEAR","","COUNTY","IOWA","19","WEST CENTRAL","40","AUDUBON","009","","","00000000","","CORN","CORN, GRAIN - PRODUCTION, MEASURED IN BU","TOTAL","NOT SPECIFIED","14,470,133",""
"CENSUS","2002","YEAR","","COUNTY","IOWA","19","WEST CENTRAL","40","AUDUBON","009","","","00000000","","CORN","CORN, SILAGE - PRODUCTION, MEASURED IN TONS","TOTAL","NOT SPECIFIED","19,798",""
"CENSUS","2002","YEAR","","COUNTY","IOWA","19","WEST CENTRAL","40","CALHOUN","025","","","00000000","","CORN","CORN, GRAIN - PRODUCTION, MEASURED IN BU","TOTAL","NOT SPECIFIED","25,582,211",""
"CENSUS","2002","YEAR","","COUNTY","IOWA","19","WEST CENTRAL","40","CALHOUN","025","","","00000000","","CORN","CORN, SILAGE - PRODUCTION, MEASURED IN TONS","TOTAL","NOT SPECIFIED","23,994",""
"CENSUS","2002","YEAR","","COUNTY","IOWA","19","WEST CENTRAL","40","CARROLL","027","","","00000000","","CORN","CORN, GRAIN - PRODUCTION, MEASURED IN BU","TOTAL","NOT SPECIFIED","23,681,414",""
"CENSUS","2002","YEAR","","COUNTY","IOWA","19","WEST CENTRAL","40","CARROLL","027","","","00000000","","CORN","CORN, SILAGE - PRODUCTION, MEASURED IN TONS","TOTAL","NOT SPECIFIED","53,513",""
"CENSUS","2002","YEAR","","COUNTY","IOWA","19","WEST CENTRAL","40","CRAWFORD","047","","","00000000","","CORN","CORN, GRAIN - PRODUCTION, MEASURED IN BU","TOTAL","NOT SPECIFIED","26,830,444",""
"CENSUS","2002","YEAR","","COUNTY","IOWA","19","WEST CENTRAL","40","CRAWFORD","047","","","00000000","","CORN","CORN, SILAGE - PRODUCTION, MEASURED IN TONS","TOTAL","NOT SPECIFIED","59,170",""
"CENSUS","2002","YEAR","","COUNTY","IOWA","19","WEST CENTRAL","40","GREENE","073","","","00000000","","CORN","CORN, GRAIN - PRODUCTION, MEASURED IN BU","TOTAL","NOT SPECIFIED","24,494,004",""
"CENSUS","2002","YEAR","","COUNTY","IOWA","19","WEST CENTRAL","40","GREENE","073","","","00000000","","CORN","CORN, SILAGE - PRODUCTION, MEASURED IN TONS","TOTAL","NOT SPECIFIED","7,100",""
"CENSUS","2002","YEAR","","COUNTY","IOWA","19","WEST CENTRAL","40","GUTHRIE","077","","","00000000","","CORN","CORN, GRAIN - PRODUCTION, MEASURED IN BU","TOTAL","NOT SPECIFIED","15,443,762",""
"CENSUS","2002","YEAR","","COUNTY","IOWA","19","WEST CENTRAL","40","GUTHRIE","077","","","00000000","","CORN","CORN, SILAGE - PRODUCTION, MEASURED IN TONS","TOTAL","NOT SPECIFIED","21,476",""
"CENSUS","2002","YEAR","","COUNTY","IOWA","19","WEST CENTRAL","40","HARRISON","085","","","00000000","","CORN","CORN, GRAIN - PRODUCTION, MEASURED IN BU","TOTAL","NOT SPECIFIED","24,459,493",""
"CENSUS","2002","YEAR","","COUNTY","IOWA","19","WEST CENTRAL","40","HARRISON","085","","","00000000","","CORN","CORN, SILAGE - PRODUCTION, MEASURED IN TONS","TOTAL","NOT SPECIFIED","39,261",""
"CENSUS","2002","YEAR","","COUNTY","IOWA","19","WEST CENTRAL","40","IDA","093","","","00000000","","CORN","CORN, GRAIN - PRODUCTION, MEASURED IN BU","TOTAL","NOT SPECIFIED","17,456,983",""
"CENSUS","2002","YEAR","","COUNTY","IOWA","19","WEST CENTRAL","40","IDA","093","","","00000000","","CORN","CORN, SILAGE - PRODUCTION, MEASURED IN TONS","TOTAL","NOT SPECIFIED","48,383",""
"CENSUS","2002","YEAR","","COUNTY","IOWA","19","WEST CENTRAL","40","MONONA","133","","","00000000","","CORN","CORN, GRAIN - PRODUCTION, MEASURED IN BU","TOTAL","NOT SPECIFIED","21,644,517",""
"CENSUS","2002","YEAR","","COUNTY","IOWA","19","WEST CENTRAL","40","MONONA","133","","","00000000","","CORN","CORN, SILAGE - PRODUCTION, MEASURED IN TONS","TOTAL","NOT SPECIFIED","33,123",""
"CENSUS","2002","YEAR","","COUNTY","IOWA","19","WEST CENTRAL","40","SAC","161","","","00000000","","CORN","CORN, GRAIN - PRODUCTION, MEASURED IN BU","TOTAL","NOT SPECIFIED","23,217,933",""
"CENSUS","2002","YEAR","","COUNTY","IOWA","19","WEST CENTRAL","40","SAC","161","","","00000000","","CORN","CORN, SILAGE - PRODUCTION, MEASURED IN TONS","TOTAL","NOT SPECIFIED","41,125",""
"CENSUS","2002","YEAR","","COUNTY","IOWA","19","WEST CENTRAL","40","SHELBY","165","","","00000000","","CORN","CORN, GRAIN - PRODUCTION, MEASURED IN BU","TOTAL","NOT SPECIFIED","21,596,975",""
"CENSUS","2002","YEAR","","COUNTY","IOWA","19","WEST CENTRAL","40","SHELBY","165","","","00000000","","CORN","CORN, SILAGE - PRODUCTION, MEASURED IN TONS","TOTAL","NOT SPECIFIED","31,331",""
"CENSUS","2002","YEAR","","COUNTY","IOWA","19","WEST CENTRAL","40","WOODBURY","193","","","00000000","","CORN","CORN, GRAIN - PRODUCTION, MEASURED IN BU","TOTAL","NOT SPECIFIED","24,547,664",""
"CENSUS","2002","YEAR","","COUNTY","IOWA","19","WEST CENTRAL","40","WOODBURY","193","","","00000000","","CORN","CORN, SILAGE - PRODUCTION, MEASURED IN TONS","TOTAL","NOT SPECIFIED","82,786",""
"CENSUS","1997","YEAR","","COUNTY","IOWA","19","CENTRAL","50","BOONE","015","","","00000000","","CORN","CORN, GRAIN - PRODUCTION, MEASURED IN BU","TOTAL","NOT SPECIFIED","20,953,660",""
"CENSUS","1997","YEAR","","COUNTY","IOWA","19","CENTRAL","50","BOONE","015","","","00000000","","CORN","CORN, SILAGE - PRODUCTION, MEASURED IN TONS","TOTAL","NOT SPECIFIED","10,240",""
"CENSUS","1997","YEAR","","COUNTY","IOWA","19","CENTRAL","50","DALLAS","049","","","00000000","","CORN","CORN, GRAIN - PRODUCTION, MEASURED IN BU","TOTAL","NOT SPECIFIED","17,632,128",""
"CENSUS","1997","YEAR","","COUNTY","IOWA","19","CENTRAL","50","DALLAS","049","","","00000000","","CORN","CORN, SILAGE - PRODUCTION, MEASURED IN TONS","TOTAL","NOT SPECIFIED","14,441",""
"CENSUS","1997","YEAR","","COUNTY","IOWA","19","CENTRAL","50","GRUNDY","075","","","00000000","","CORN","CORN, GRAIN - PRODUCTION, MEASURED IN BU","TOTAL","NOT SPECIFIED","21,195,769",""
"CENSUS","1997","YEAR","","COUNTY","IOWA","19","CENTRAL","50","GRUNDY","075","","","00000000","","CORN","CORN, SILAGE - PRODUCTION, MEASURED IN TONS","TOTAL","NOT SPECIFIED","14,364",""
"CENSUS","1997","YEAR","","COUNTY","IOWA","19","CENTRAL","50","HAMILTON","079","","","00000000","","CORN","CORN, GRAIN - PRODUCTION, MEASURED IN BU","TOTAL","NOT SPECIFIED","23,835,516",""
"CENSUS","1997","YEAR","","COUNTY","IOWA","19","CENTRAL","50","HAMILTON","079","","","00000000","","CORN","CORN, SILAGE - PRODUCTION, MEASURED IN TONS","TOTAL","NOT SPECIFIED","5,964",""
"CENSUS","1997","YEAR","","COUNTY","IOWA","19","CENTRAL","50","HARDIN","083","","","00000000","","CORN","CORN, GRAIN - PRODUCTION, MEASURED IN BU","TOTAL","NOT SPECIFIED","20,738,669",""
"CENSUS","1997","YEAR","","COUNTY","IOWA","19","CENTRAL","50","HARDIN","083","","","00000000","","CORN","CORN, SILAGE - PRODUCTION, MEASURED IN TONS","TOTAL","NOT SPECIFIED","18,989",""
"CENSUS","1997","YEAR","","COUNTY","IOWA","19","CENTRAL","50","JASPER","099","","","00000000","","CORN","CORN, GRAIN - PRODUCTION, MEASURED IN BU","TOTAL","NOT SPECIFIED","21,962,762",""
"CENSUS","1997","YEAR","","COUNTY","IOWA","19","CENTRAL","50","JASPER","099","","","00000000","","CORN","CORN, SILAGE - PRODUCTION, MEASURED IN TONS","TOTAL","NOT SPECIFIED","32,513",""
"CENSUS","1997","YEAR","","COUNTY","IOWA","19","CENTRAL","50","MARSHALL","127","","","00000000","","CORN","CORN, GRAIN - PRODUCTION, MEASURED IN BU","TOTAL","NOT SPECIFIED","17,849,996",""
"CENSUS","1997","YEAR","","COUNTY","IOWA","19","CENTRAL","50","MARSHALL","127","","","00000000","","CORN","CORN, SILAGE - PRODUCTION, MEASURED IN TONS","TOTAL","NOT SPECIFIED","26,323",""
"CENSUS","1997","YEAR","","COUNTY","IOWA","19","CENTRAL","50","POLK","153","","","00000000","","CORN","CORN, GRAIN - PRODUCTION, MEASURED IN BU","TOTAL","NOT SPECIFIED","14,143,061",""
"CENSUS","1997","YEAR","","COUNTY","IOWA","19","CENTRAL","50","POLK","153","","","00000000","","CORN","CORN, SILAGE - PRODUCTION, MEASURED IN TONS","TOTAL","NOT SPECIFIED","8,779",""
"CENSUS","1997","YEAR","","COUNTY","IOWA","19","CENTRAL","50","POWESHIEK","157","","","00000000","","CORN","CORN, GRAIN - PRODUCTION, MEASURED IN BU","TOTAL","NOT SPECIFIED","15,222,083",""
"CENSUS","1997","YEAR","","COUNTY","IOWA","19","CENTRAL","50","POWESHIEK","157","","","00000000","","CORN","CORN, SILAGE - PRODUCTION, MEASURED IN TONS","TOTAL","NOT SPECIFIED","32,411",""
"CENSUS","1997","YEAR","","COUNTY","IOWA","19","CENTRAL","50","STORY","169","","","00000000","","CORN","CORN, GRAIN - PRODUCTION, MEASURED IN BU","TOTAL","NOT SPECIFIED","22,562,402",""
"CENSUS","1997","YEAR","","COUNTY","IOWA","19","CENTRAL","50","STORY","169","","","00000000","","CORN","CORN, SILAGE - PRODUCTION, MEASURED IN TONS","TOTAL","NOT SPECIFIED","24,952",""
"CENSUS","1997","YEAR","","COUNTY","IOWA","19","CENTRAL","50","TAMA","171","","","00000000","","CORN","CORN, GRAIN - PRODUCTION, MEASURED IN BU","TOTAL","NOT SPECIFIED","20,736,469",""
"CENSUS","1997","YEAR","","COUNTY","IOWA","19","CENTRAL","50","TAMA","171","","","00000000","","CORN","CORN, SILAGE - PRODUCTION, MEASURED IN TONS","TOTAL","NOT SPECIFIED","25,534",""
"CENSUS","1997","YEAR","","COUNTY","IOWA","19","CENTRAL","50","WEBSTER","187","","","00000000","","CORN","CORN, GRAIN - PRODUCTION, MEASURED IN BU","TOTAL","NOT SPECIFIED","27,013,625",""
"CENSUS","1997","YEAR","","COUNTY","IOWA","19","CENTRAL","50","WEBSTER","187","","","00000000","","CORN","CORN, SILAGE - PRODUCTION, MEASURED IN TONS","TOTAL","NOT SPECIFIED","17,544",""
"CENSUS","1997","YEAR","","COUNTY","IOWA","19","EAST CENTRAL","60","BENTON","011","","","00000000","","CORN","CORN, GRAIN - PRODUCTION, MEASURED IN BU","TOTAL","NOT SPECIFIED","24,169,184",""
"CENSUS","1997","YEAR","","COUNTY","IOWA","19","EAST CENTRAL","60","BENTON","011","","","00000000","","CORN","CORN, SILAGE - PRODUCTION, MEASURED IN TONS","TOTAL","NOT SPECIFIED","32,508",""
"CENSUS","1997","YEAR","","COUNTY","IOWA","19","EAST CENTRAL","60","CEDAR","031","","","00000000","","CORN","CORN, GRAIN - PRODUCTION, MEASURED IN BU","TOTAL","NOT SPECIFIED","19,555,256",""
"CENSUS","1997","YEAR","","COUNTY","IOWA","19","EAST CENTRAL","60","CEDAR","031","","","00000000","","CORN","CORN, SILAGE - PRODUCTION, MEASURED IN TONS","TOTAL","NOT SPECIFIED","22,048",""
"CENSUS","1997","YEAR","","COUNTY","IOWA","19","EAST CENTRAL","60","CLINTON","045","","","00000000","","CORN","CORN, GRAIN - PRODUCTION, MEASURED IN BU","TOTAL","NOT SPECIFIED","24,177,699",""
"CENSUS","1997","YEAR","","COUNTY","IOWA","19","EAST CENTRAL","60","CLINTON","045","","","00000000","","CORN","CORN, SILAGE - PRODUCTION, MEASURED IN TONS","TOTAL","NOT SPECIFIED","64,562",""
"CENSUS","1997","YEAR","","COUNTY","IOWA","19","EAST CENTRAL","60","IOWA","095","","","00000000","","CORN","CORN, GRAIN - PRODUCTION, MEASURED IN BU","TOTAL","NOT SPECIFIED","15,015,505",""
"CENSUS","1997","YEAR","","COUNTY","IOWA","19","EAST CENTRAL","60","IOWA","095","","","00000000","","CORN","CORN, SILAGE - PRODUCTION, MEASURED IN TONS","TOTAL","NOT SPECIFIED","43,828",""
"CENSUS","1997","YEAR","","COUNTY","IOWA","19","EAST CENTRAL","60","JACKSON","097","","","00000000","","CORN","CORN, GRAIN - PRODUCTION, MEASURED IN BU","TOTAL","NOT SPECIFIED","11,757,496",""
"CENSUS","1997","YEAR","","COUNTY","IOWA","19","EAST CENTRAL","60","JACKSON","097","","","00000000","","CORN","CORN, SILAGE - PRODUCTION, MEASURED IN TONS","TOTAL","NOT SPECIFIED","76,162",""
"CENSUS","1997","YEAR","","COUNTY","IOWA","19","EAST CENTRAL","60","JOHNSON","103","","","00000000","","CORN","CORN, GRAIN - PRODUCTION, MEASURED IN BU","TOTAL","NOT SPECIFIED","13,188,169",""
"CENSUS","1997","YEAR","","COUNTY","IOWA","19","EAST CENTRAL","60","JOHNSON","103","","","00000000","","CORN","CORN, SILAGE - PRODUCTION, MEASURED IN TONS","TOTAL","NOT SPECIFIED","36,897",""
"CENSUS","1997","YEAR","","COUNTY","IOWA","19","EAST CENTRAL","60","JONES","105","","","00000000","","CORN","CORN, GRAIN - PRODUCTION, MEASURED IN BU","TOTAL","NOT SPECIFIED","19,165,491",""
"CENSUS","1997","YEAR","","COUNTY","IOWA","19","EAST CENTRAL","60","JONES","105","","","00000000","","CORN","CORN, SILAGE - PRODUCTION, MEASURED IN TONS","TOTAL","NOT SPECIFIED","62,543",""
"CENSUS","1997","YEAR","","COUNTY","IOWA","19","EAST CENTRAL","60","LINN","113","","","00000000","","CORN","CORN, GRAIN - PRODUCTION, MEASURED IN BU","TOTAL","NOT SPECIFIED","18,387,607",""
"CENSUS","1997","YEAR","","COUNTY","IOWA","19","EAST CENTRAL","60","LINN","113","","","00000000","","CORN","CORN, SILAGE - PRODUCTION, MEASURED IN TONS","TOTAL","NOT SPECIFIED","48,505",""
"CENSUS","1997","YEAR","","COUNTY","IOWA","19","EAST CENTRAL","60","MUSCATINE","139","","","00000000","","CORN","CORN, GRAIN - PRODUCTION, MEASURED IN BU","TOTAL","NOT SPECIFIED","11,358,316",""
"CENSUS","1997","YEAR","","COUNTY","IOWA","19","EAST CENTRAL","60","MUSCATINE","139","","","00000000","","CORN","CORN, SILAGE - PRODUCTION, MEASURED IN TONS","TOTAL","NOT SPECIFIED","38,230",""
"CENSUS","1997","YEAR","","COUNTY","IOWA","19","EAST CENTRAL","60","SCOTT","163","","","00000000","","CORN","CORN, GRAIN - PRODUCTION, MEASURED IN BU","TOTAL","NOT SPECIFIED","16,303,434",""
"CENSUS","1997","YEAR","","COUNTY","IOWA","19","EAST CENTRAL","60","SCOTT","163","","","00000000","","CORN","CORN, SILAGE - PRODUCTION, MEASURED IN TONS","TOTAL","NOT SPECIFIED","25,231",""
"CENSUS","1997","YEAR","","COUNTY","IOWA","19","NORTH CENTRAL","20","BUTLER","023","","","00000000","","CORN","CORN, GRAIN - PRODUCTION, MEASURED IN BU","TOTAL","NOT SPECIFIED","18,855,341",""
"CENSUS","1997","YEAR","","COUNTY","IOWA","19","NORTH CENTRAL","20","BUTLER","023","","","00000000","","CORN","CORN, SILAGE - PRODUCTION, MEASURED IN TONS","TOTAL","NOT SPECIFIED","29,768",""
"CENSUS","1997","YEAR","","COUNTY","IOWA","19","NORTH CENTRAL","20","CERRO GORDO","033","","","00000000","","CORN","CORN, GRAIN - PRODUCTION, MEASURED IN BU","TOTAL","NOT SPECIFIED","20,026,521",""
"CENSUS","1997","YEAR","","COUNTY","IOWA","19","NORTH CENTRAL","20","CERRO GORDO","033","","","00000000","","CORN","CORN, SILAGE - PRODUCTION, MEASURED IN TONS","TOTAL","NOT SPECIFIED","18,203",""
"CENSUS","1997","YEAR","","COUNTY","IOWA","19","NORTH CENTRAL","20","FLOYD","067","","","00000000","","CORN","CORN, GRAIN - PRODUCTION, MEASURED IN BU","TOTAL","NOT SPECIFIED","18,646,557",""
"CENSUS","1997","YEAR","","COUNTY","IOWA","19","NORTH CENTRAL","20","FLOYD","067","","","00000000","","CORN","CORN, SILAGE - PRODUCTION, MEASURED IN TONS","TOTAL","NOT SPECIFIED","46,181",""
"CENSUS","1997","YEAR","","COUNTY","IOWA","19","NORTH CENTRAL","20","FRANKLIN","069","","","00000000","","CORN","CORN, GRAIN - PRODUCTION, MEASURED IN BU","TOTAL","NOT SPECIFIED","21,047,841",""
"CENSUS","1997","YEAR","","COUNTY","IOWA","19","NORTH CENTRAL","20","FRANKLIN","069","","","00000000","","CORN","CORN, SILAGE - PRODUCTION, MEASURED IN TONS","TOTAL","NOT SPECIFIED","23,790",""
"CENSUS","1997","YEAR","","COUNTY","IOWA","19","NORTH CENTRAL","20","HANCOCK","081","","","00000000","","CORN","CORN, GRAIN - PRODUCTION, MEASURED IN BU","TOTAL","NOT SPECIFIED","23,550,760",""
"CENSUS","1997","YEAR","","COUNTY","IOWA","19","NORTH CENTRAL","20","HANCOCK","081","","","00000000","","CORN","CORN, SILAGE - PRODUCTION, MEASURED IN TONS","TOTAL","NOT SPECIFIED","20,852",""
"CENSUS","1997","YEAR","","COUNTY","IOWA","19","NORTH CENTRAL","20","HUMBOLDT","091","","","00000000","","CORN","CORN, GRAIN - PRODUCTION, MEASURED IN BU","TOTAL","NOT SPECIFIED","17,736,193",""
"CENSUS","1997","YEAR","","COUNTY","IOWA","19","NORTH CENTRAL","20","HUMBOLDT","091","","","00000000","","CORN","CORN, SILAGE - PRODUCTION, MEASURED IN TONS","TOTAL","NOT SPECIFIED","15,600",""
"CENSUS","1997","YEAR","","COUNTY","IOWA","19","NORTH CENTRAL","20","KOSSUTH","109","","","00000000","","CORN","CORN, GRAIN - PRODUCTION, MEASURED IN BU","TOTAL","NOT SPECIFIED","40,945,991",""
"CENSUS","1997","YEAR","","COUNTY","IOWA","19","NORTH CENTRAL","20","KOSSUTH","109","","","00000000","","CORN","CORN, SILAGE - PRODUCTION, MEASURED IN TONS","TOTAL","NOT SPECIFIED","54,205",""
"CENSUS","1997","YEAR","","COUNTY","IOWA","19","NORTH CENTRAL","20","MITCHELL","131","","","00000000","","CORN","CORN, GRAIN - PRODUCTION, MEASURED IN BU","TOTAL","NOT SPECIFIED","17,872,556",""
"CENSUS","1997","YEAR","","COUNTY","IOWA","19","NORTH CENTRAL","20","MITCHELL","131","","","00000000","","CORN","CORN, SILAGE - PRODUCTION, MEASURED IN TONS","TOTAL","NOT SPECIFIED","111,392",""
"CENSUS","1997","YEAR","","COUNTY","IOWA","19","NORTH CENTRAL","20","WINNEBAGO","189","","","00000000","","CORN","CORN, GRAIN - PRODUCTION, MEASURED IN BU","TOTAL","NOT SPECIFIED","17,658,385",""
"CENSUS","1997","YEAR","","COUNTY","IOWA","19","NORTH CENTRAL","20","WINNEBAGO","189","","","00000000","","CORN","CORN, SILAGE - PRODUCTION, MEASURED IN TONS","TOTAL","NOT SPECIFIED","18,124",""
"CENSUS","1997","YEAR","","COUNTY","IOWA","19","NORTH CENTRAL","20","WORTH","195","","","00000000","","CORN","CORN, GRAIN - PRODUCTION, MEASURED IN BU","TOTAL","NOT SPECIFIED","14,794,429",""
"CENSUS","1997","YEAR","","COUNTY","IOWA","19","NORTH CENTRAL","20","WORTH","195","","","00000000","","CORN","CORN, SILAGE - PRODUCTION, MEASURED IN TONS","TOTAL","NOT SPECIFIED","14,734",""
"CENSUS","1997","YEAR","","COUNTY","IOWA","19","NORTH CENTRAL","20","WRIGHT","197","","","00000000","","CORN","CORN, GRAIN - PRODUCTION, MEASURED IN BU","TOTAL","NOT SPECIFIED","23,329,744",""
"CENSUS","1997","YEAR","","COUNTY","IOWA","19","NORTH CENTRAL","20","WRIGHT","197","","","00000000","","CORN","CORN, SILAGE - PRODUCTION, MEASURED IN TONS","TOTAL","NOT SPECIFIED","5,054",""
"CENSUS","1997","YEAR","","COUNTY","IOWA","19","NORTHEAST","30","ALLAMAKEE","005","","","00000000","","CORN","CORN, GRAIN - PRODUCTION, MEASURED IN BU","TOTAL","NOT SPECIFIED","8,424,348",""
"CENSUS","1997","YEAR","","COUNTY","IOWA","19","NORTHEAST","30","ALLAMAKEE","005","","","00000000","","CORN","CORN, SILAGE - PRODUCTION, MEASURED IN TONS","TOTAL","NOT SPECIFIED","116,493",""
"CENSUS","1997","YEAR","","COUNTY","IOWA","19","NORTHEAST","30","BLACK HAWK","013","","","00000000","","CORN","CORN, GRAIN - PRODUCTION, MEASURED IN BU","TOTAL","NOT SPECIFIED","17,949,662",""
"CENSUS","1997","YEAR","","COUNTY","IOWA","19","NORTHEAST","30","BLACK HAWK","013","","","00000000","","CORN","CORN, SILAGE - PRODUCTION, MEASURED IN TONS","TOTAL","NOT SPECIFIED","30,835",""
"CENSUS","1997","YEAR","","COUNTY","IOWA","19","NORTHEAST","30","BREMER","017","","","00000000","","CORN","CORN, GRAIN - PRODUCTION, MEASURED IN BU","TOTAL","NOT SPECIFIED","15,228,774",""
"CENSUS","1997","YEAR","","COUNTY","IOWA","19","NORTHEAST","30","BREMER","017","","","00000000","","CORN","CORN, SILAGE - PRODUCTION, MEASURED IN TONS","TOTAL","NOT SPECIFIED","45,466",""
"CENSUS","1997","YEAR","","COUNTY","IOWA","19","NORTHEAST","30","BUCHANAN","019","","","00000000","","CORN","CORN, GRAIN - PRODUCTION, MEASURED IN BU","TOTAL","NOT SPECIFIED","21,183,789",""
"CENSUS","1997","YEAR","","COUNTY","IOWA","19","NORTHEAST","30","BUCHANAN","019","","","00000000","","CORN","CORN, SILAGE - PRODUCTION, MEASURED IN TONS","TOTAL","NOT SPECIFIED","68,593",""
"CENSUS","1997","YEAR","","COUNTY","IOWA","19","NORTHEAST","30","CHICKASAW","037","","","00000000","","CORN","CORN, GRAIN - PRODUCTION, MEASURED IN BU","TOTAL","NOT SPECIFIED","15,893,239",""
"CENSUS","1997","YEAR","","COUNTY","IOWA","19","NORTHEAST","30","CHICKASAW","037","","","00000000","","CORN","CORN, SILAGE - PRODUCTION, MEASURED IN TONS","TOTAL","NOT SPECIFIED","92,441",""
"CENSUS","1997","YEAR","","COUNTY","IOWA","19","NORTHEAST","30","CLAYTON","043","","","00000000","","CORN","CORN, GRAIN - PRODUCTION, MEASURED IN BU","TOTAL","NOT SPECIFIED","21,098,566",""
"CENSUS","1997","YEAR","","COUNTY","IOWA","19","NORTHEAST","30","CLAYTON","043","","","00000000","","CORN","CORN, SILAGE - PRODUCTION, MEASURED IN TONS","TOTAL","NOT SPECIFIED","120,935",""
"CENSUS","1997","YEAR","","COUNTY","IOWA","19","NORTHEAST","30","DELAWARE","055","","","00000000","","CORN","CORN, GRAIN - PRODUCTION, MEASURED IN BU","TOTAL","NOT SPECIFIED","21,570,425",""
"CENSUS","1997","YEAR","","COUNTY","IOWA","19","NORTHEAST","30","DELAWARE","055","","","00000000","","CORN","CORN, SILAGE - PRODUCTION, MEASURED IN TONS","TOTAL","NOT SPECIFIED","162,515",""
"CENSUS","1997","YEAR","","COUNTY","IOWA","19","NORTHEAST","30","DUBUQUE","061","","","00000000","","CORN","CORN, GRAIN - PRODUCTION, MEASURED IN BU","TOTAL","NOT SPECIFIED","15,537,305",""
"CENSUS","1997","YEAR","","COUNTY","IOWA","19","NORTHEAST","30","DUBUQUE","061","","","00000000","","CORN","CORN, SILAGE - PRODUCTION, MEASURED IN TONS","TOTAL","NOT SPECIFIED","159,320",""
"CENSUS","1997","YEAR","","COUNTY","IOWA","19","NORTHEAST","30","FAYETTE","065","","","00000000","","CORN","CORN, GRAIN - PRODUCTION, MEASURED IN BU","TOTAL","NOT SPECIFIED","23,935,731",""
"CENSUS","1997","YEAR","","COUNTY","IOWA","19","NORTHEAST","30","FAYETTE","065","","","00000000","","CORN","CORN, SILAGE - PRODUCTION, MEASURED IN TONS","TOTAL","NOT SPECIFIED","144,703",""
"CENSUS","1997","YEAR","","COUNTY","IOWA","19","NORTHEAST","30","HOWARD","089","","","00000000","","CORN","CORN, GRAIN - PRODUCTION, MEASURED IN BU","TOTAL","NOT SPECIFIED","14,584,220",""
"CENSUS","1997","YEAR","","COUNTY","IOWA","19","NORTHEAST","30","HOWARD","089","","","00000000","","CORN","CORN, SILAGE - PRODUCTION, MEASURED IN TONS","TOTAL","NOT SPECIFIED","69,068",""
"CENSUS","1997","YEAR","","COUNTY","IOWA","19","NORTHEAST","30","WINNESHIEK","191","","","00000000","","CORN","CORN, GRAIN - PRODUCTION, MEASURED IN BU","TOTAL","NOT SPECIFIED","16,210,314",""
"CENSUS","1997","YEAR","","COUNTY","IOWA","19","NORTHEAST","30","WINNESHIEK","191","","","00000000","","CORN","CORN, SILAGE - PRODUCTION, MEASURED IN TONS","TOTAL","NOT SPECIFIED","189,090",""
"CENSUS","1997","YEAR","","COUNTY","IOWA","19","NORTHWEST","10","BUENA VISTA","021","","","00000000","","CORN","CORN, GRAIN - PRODUCTION, MEASURED IN BU","TOTAL","NOT SPECIFIED","22,871,024",""
"CENSUS","1997","YEAR","","COUNTY","IOWA","19","NORTHWEST","10","BUENA VISTA","021","","","00000000","","CORN","CORN, SILAGE - PRODUCTION, MEASURED IN TONS","TOTAL","NOT SPECIFIED","60,377",""
"CENSUS","1997","YEAR","","COUNTY","IOWA","19","NORTHWEST","10","CHEROKEE","035","","","00000000","","CORN","CORN, GRAIN - PRODUCTION, MEASURED IN BU","TOTAL","NOT SPECIFIED","17,714,641",""
"CENSUS","1997","YEAR","","COUNTY","IOWA","19","NORTHWEST","10","CHEROKEE","035","","","00000000","","CORN","CORN, SILAGE - PRODUCTION, MEASURED IN TONS","TOTAL","NOT SPECIFIED","83,396",""
"CENSUS","1997","YEAR","","COUNTY","IOWA","19","NORTHWEST","10","CLAY","041","","","00000000","","CORN","CORN, GRAIN - PRODUCTION, MEASURED IN BU","TOTAL","NOT SPECIFIED","16,004,509",""
"CENSUS","1997","YEAR","","COUNTY","IOWA","19","NORTHWEST","10","CLAY","041","","","00000000","","CORN","CORN, SILAGE - PRODUCTION, MEASURED IN TONS","TOTAL","NOT SPECIFIED","35,348",""
"CENSUS","1997","YEAR","","COUNTY","IOWA","19","NORTHWEST","10","DICKINSON","059","","","00000000","","CORN","CORN, GRAIN - PRODUCTION, MEASURED IN BU","TOTAL","NOT SPECIFIED","10,100,178",""
"CENSUS","1997","YEAR","","COUNTY","IOWA","19","NORTHWEST","10","DICKINSON","059","","","00000000","","CORN","CORN, SILAGE - PRODUCTION, MEASURED IN TONS","TOTAL","NOT SPECIFIED","46,749",""
"CENSUS","1997","YEAR","","COUNTY","IOWA","19","NORTHWEST","10","EMMET","063","","","00000000","","CORN","CORN, GRAIN - PRODUCTION, MEASURED IN BU","TOTAL","NOT SPECIFIED","13,913,831",""
"CENSUS","1997","YEAR","","COUNTY","IOWA","19","NORTHWEST","10","EMMET","063","","","00000000","","CORN","CORN, SILAGE - PRODUCTION, MEASURED IN TONS","TOTAL","NOT SPECIFIED","31,859",""
"CENSUS","1997","YEAR","","COUNTY","IOWA","19","NORTHWEST","10","LYON","119","","","00000000","","CORN","CORN, GRAIN - PRODUCTION, MEASURED IN BU","TOTAL","NOT SPECIFIED","18,361,270",""
"CENSUS","1997","YEAR","","COUNTY","IOWA","19","NORTHWEST","10","LYON","119","","","00000000","","CORN","CORN, SILAGE - PRODUCTION, MEASURED IN TONS","TOTAL","NOT SPECIFIED","126,848",""
"CENSUS","1997","YEAR","","COUNTY","IOWA","19","NORTHWEST","10","O BRIEN","141","","","00000000","","CORN","CORN, GRAIN - PRODUCTION, MEASURED IN BU","TOTAL","NOT SPECIFIED","21,255,071",""
"CENSUS","1997","YEAR","","COUNTY","IOWA","19","NORTHWEST","10","O BRIEN","141","","","00000000","","CORN","CORN, SILAGE - PRODUCTION, MEASURED IN TONS","TOTAL","NOT SPECIFIED","40,172",""
"CENSUS","1997","YEAR","","COUNTY","IOWA","19","NORTHWEST","10","OSCEOLA","143","","","00000000","","CORN","CORN, GRAIN - PRODUCTION, MEASURED IN BU","TOTAL","NOT SPECIFIED","13,186,121",""
"CENSUS","1997","YEAR","","COUNTY","IOWA","19","NORTHWEST","10","OSCEOLA","143","","","00000000","","CORN","CORN, SILAGE - PRODUCTION, MEASURED IN TONS","TOTAL","NOT SPECIFIED","55,143",""
"CENSUS","1997","YEAR","","COUNTY","IOWA","19","NORTHWEST","10","PALO ALTO","147","","","00000000","","CORN","CORN, GRAIN - PRODUCTION, MEASURED IN BU","TOTAL","NOT SPECIFIED","20,851,604",""
"CENSUS","1997","YEAR","","COUNTY","IOWA","19","NORTHWEST","10","PALO ALTO","147","","","00000000","","CORN","CORN, SILAGE - PRODUCTION, MEASURED IN TONS","TOTAL","NOT SPECIFIED","32,443",""
"CENSUS","1997","YEAR","","COUNTY","IOWA","19","NORTHWEST","10","PLYMOUTH","149","","","00000000","","CORN","CORN, GRAIN - PRODUCTION, MEASURED IN BU","TOTAL","NOT SPECIFIED","25,998,065",""
"CENSUS","1997","YEAR","","COUNTY","IOWA","19","NORTHWEST","10","PLYMOUTH","149","","","00000000","","CORN","CORN, SILAGE - PRODUCTION, MEASURED IN TONS","TOTAL","NOT SPECIFIED","79,512",""
"CENSUS","1997","YEAR","","COUNTY","IOWA","19","NORTHWEST","10","POCAHONTAS","151","","","00000000","","CORN","CORN, GRAIN - PRODUCTION, MEASURED IN BU","TOTAL","NOT SPECIFIED","24,208,866",""
"CENSUS","1997","YEAR","","COUNTY","IOWA","19","NORTHWEST","10","POCAHONTAS","151","","","00000000","","CORN","CORN, SILAGE - PRODUCTION, MEASURED IN TONS","TOTAL","NOT SPECIFIED","11,705",""
"CENSUS","1997","YEAR","","COUNTY","IOWA","19","NORTHWEST","10","SIOUX","167","","","00000000","","CORN","CORN, GRAIN - PRODUCTION, MEASURED IN BU","TOTAL","NOT SPECIFIED","30,278,466",""
"CENSUS","1997","YEAR","","COUNTY","IOWA","19","NORTHWEST","10","SIOUX","167","","","00000000","","CORN","CORN, SILAGE - PRODUCTION, MEASURED IN TONS","TOTAL","NOT SPECIFIED","250,128",""
"CENSUS","1997","YEAR","","COUNTY","IOWA","19","SOUTH CENTRAL","80","APPANOOSE","007","","","00000000","","CORN","CORN, GRAIN - PRODUCTION, MEASURED IN BU","TOTAL","NOT SPECIFIED","3,494,422",""
"CENSUS","1997","YEAR","","COUNTY","IOWA","19","SOUTH CENTRAL","80","APPANOOSE","007","","","00000000","","CORN","CORN, SILAGE - PRODUCTION, MEASURED IN TONS","TOTAL","NOT SPECIFIED","10,337",""
"CENSUS","1997","YEAR","","COUNTY","IOWA","19","SOUTH CENTRAL","80","CLARKE","039","","","00000000","","CORN","CORN, GRAIN - PRODUCTION, MEASURED IN BU","TOTAL","NOT SPECIFIED","2,881,555",""
"CENSUS","1997","YEAR","","COUNTY","IOWA","19","SOUTH CENTRAL","80","CLARKE","039","","","00000000","","CORN","CORN, SILAGE - PRODUCTION, MEASURED IN TONS","TOTAL","NOT SPECIFIED","19,990",""
"CENSUS","1997","YEAR","","COUNTY","IOWA","19","SOUTH CENTRAL","80","DECATUR","053","","","00000000","","CORN","CORN, GRAIN - PRODUCTION, MEASURED IN BU","TOTAL","NOT SPECIFIED","2,859,248",""
"CENSUS","1997","YEAR","","COUNTY","IOWA","19","SOUTH CENTRAL","80","DECATUR","053","","","00000000","","CORN","CORN, SILAGE - PRODUCTION, MEASURED IN TONS","TOTAL","NOT SPECIFIED","15,432",""
"CENSUS","1997","YEAR","","COUNTY","IOWA","19","SOUTH CENTRAL","80","LUCAS","117","","","00000000","","CORN","CORN, GRAIN - PRODUCTION, MEASURED IN BU","TOTAL","NOT SPECIFIED","2,966,656",""
"CENSUS","1997","YEAR","","COUNTY","IOWA","19","SOUTH CENTRAL","80","LUCAS","117","","","00000000","","CORN","CORN, SILAGE - PRODUCTION, MEASURED IN TONS","TOTAL","NOT SPECIFIED","10,941",""
"CENSUS","1997","YEAR","","COUNTY","IOWA","19","SOUTH CENTRAL","80","MADISON","121","","","00000000","","CORN","CORN, GRAIN - PRODUCTION, MEASURED IN BU","TOTAL","NOT SPECIFIED","8,427,410",""
"CENSUS","1997","YEAR","","COUNTY","IOWA","19","SOUTH CENTRAL","80","MADISON","121","","","00000000","","CORN","CORN, SILAGE - PRODUCTION, MEASURED IN TONS","TOTAL","NOT SPECIFIED","23,623",""
"CENSUS","1997","YEAR","","COUNTY","IOWA","19","SOUTH CENTRAL","80","MARION","125","","","00000000","","CORN","CORN, GRAIN - PRODUCTION, MEASURED IN BU","TOTAL","NOT SPECIFIED","9,931,392",""
"CENSUS","1997","YEAR","","COUNTY","IOWA","19","SOUTH CENTRAL","80","MARION","125","","","00000000","","CORN","CORN, SILAGE - PRODUCTION, MEASURED IN TONS","TOTAL","NOT SPECIFIED","18,744",""
"CENSUS","1997","YEAR","","COUNTY","IOWA","19","SOUTH CENTRAL","80","MONROE","135","","","00000000","","CORN","CORN, GRAIN - PRODUCTION, MEASURED IN BU","TOTAL","NOT SPECIFIED","3,418,668",""
"CENSUS","1997","YEAR","","COUNTY","IOWA","19","SOUTH CENTRAL","80","MONROE","135","","","00000000","","CORN","CORN, SILAGE - PRODUCTION, MEASURED IN TONS","TOTAL","NOT SPECIFIED","22,897",""
"CENSUS","1997","YEAR","","COUNTY","IOWA","19","SOUTH CENTRAL","80","RINGGOLD","159","","","00000000","","CORN","CORN, GRAIN - PRODUCTION, MEASURED IN BU","TOTAL","NOT SPECIFIED","4,041,749",""
"CENSUS","1997","YEAR","","COUNTY","IOWA","19","SOUTH CENTRAL","80","RINGGOLD","159","","","00000000","","CORN","CORN, SILAGE - PRODUCTION, MEASURED IN TONS","TOTAL","NOT SPECIFIED","17,651",""
"CENSUS","1997","YEAR","","COUNTY","IOWA","19","SOUTH CENTRAL","80","UNION","175","","","00000000","","CORN","CORN, GRAIN - PRODUCTION, MEASURED IN BU","TOTAL","NOT SPECIFIED","4,769,330",""
"CENSUS","1997","YEAR","","COUNTY","IOWA","19","SOUTH CENTRAL","80","UNION","175","","","00000000","","CORN","CORN, SILAGE - PRODUCTION, MEASURED IN TONS","TOTAL","NOT SPECIFIED","10,759",""
"CENSUS","1997","YEAR","","COUNTY","IOWA","19","SOUTH CENTRAL","80","WARREN","181","","","00000000","","CORN","CORN, GRAIN - PRODUCTION, MEASURED IN BU","TOTAL","NOT SPECIFIED","9,499,440",""
"CENSUS","1997","YEAR","","COUNTY","IOWA","19","SOUTH CENTRAL","80","WARREN","181","","","00000000","","CORN","CORN, SILAGE - PRODUCTION, MEASURED IN TONS","TOTAL","NOT SPECIFIED","22,714",""
"CENSUS","1997","YEAR","","COUNTY","IOWA","19","SOUTH CENTRAL","80","WAYNE","185","","","00000000","","CORN","CORN, GRAIN - PRODUCTION, MEASURED IN BU","TOTAL","NOT SPECIFIED","4,549,551",""
"CENSUS","1997","YEAR","","COUNTY","IOWA","19","SOUTH CENTRAL","80","WAYNE","185","","","00000000","","CORN","CORN, SILAGE - PRODUCTION, MEASURED IN TONS","TOTAL","NOT SPECIFIED","10,823",""
"CENSUS","1997","YEAR","","COUNTY","IOWA","19","SOUTHEAST","90","DAVIS","051","","","00000000","","CORN","CORN, GRAIN - PRODUCTION, MEASURED IN BU","TOTAL","NOT SPECIFIED","4,086,037",""
"CENSUS","1997","YEAR","","COUNTY","IOWA","19","SOUTHEAST","90","DAVIS","051","","","00000000","","CORN","CORN, SILAGE - PRODUCTION, MEASURED IN TONS","TOTAL","NOT SPECIFIED","19,584",""
"CENSUS","1997","YEAR","","COUNTY","IOWA","19","SOUTHEAST","90","DES MOINES","057","","","00000000","","CORN","CORN, GRAIN - PRODUCTION, MEASURED IN BU","TOTAL","NOT SPECIFIED","9,606,586",""
"CENSUS","1997","YEAR","","COUNTY","IOWA","19","SOUTHEAST","90","DES MOINES","057","","","00000000","","CORN","CORN, SILAGE - PRODUCTION, MEASURED IN TONS","TOTAL","NOT SPECIFIED","14,608",""
"CENSUS","1997","YEAR","","COUNTY","IOWA","19","SOUTHEAST","90","HENRY","087","","","00000000","","CORN","CORN, GRAIN - PRODUCTION, MEASURED IN BU","TOTAL","NOT SPECIFIED","11,417,437",""
"CENSUS","1997","YEAR","","COUNTY","IOWA","19","SOUTHEAST","90","HENRY","087","","","00000000","","CORN","CORN, SILAGE - PRODUCTION, MEASURED IN TONS","TOTAL","NOT SPECIFIED","11,090",""
"CENSUS","1997","YEAR","","COUNTY","IOWA","19","SOUTHEAST","90","JEFFERSON","101","","","00000000","","CORN","CORN, GRAIN - PRODUCTION, MEASURED IN BU","TOTAL","NOT SPECIFIED","8,254,932",""
"CENSUS","1997","YEAR","","COUNTY","IOWA","19","SOUTHEAST","90","JEFFERSON","101","","","00000000","","CORN","CORN, SILAGE - PRODUCTION, MEASURED IN TONS","TOTAL","NOT SPECIFIED","7,965",""
"CENSUS","1997","YEAR","","COUNTY","IOWA","19","SOUTHEAST","90","KEOKUK","107","","","00000000","","CORN","CORN, GRAIN - PRODUCTION, MEASURED IN BU","TOTAL","NOT SPECIFIED","13,929,730",""
"CENSUS","1997","YEAR","","COUNTY","IOWA","19","SOUTHEAST","90","KEOKUK","107","","","00000000","","CORN","CORN, SILAGE - PRODUCTION, MEASURED IN TONS","TOTAL","NOT SPECIFIED","16,444",""
"CENSUS","1997","YEAR","","COUNTY","IOWA","19","SOUTHEAST","90","LEE","111","","","00000000","","CORN","CORN, GRAIN - PRODUCTION, MEASURED IN BU","TOTAL","NOT SPECIFIED","10,130,274",""
"CENSUS","1997","YEAR","","COUNTY","IOWA","19","SOUTHEAST","90","LEE","111","","","00000000","","CORN","CORN, SILAGE - PRODUCTION, MEASURED IN TONS","TOTAL","NOT SPECIFIED","46,931",""
"CENSUS","1997","YEAR","","COUNTY","IOWA","19","SOUTHEAST","90","LOUISA","115","","","00000000","","CORN","CORN, GRAIN - PRODUCTION, MEASURED IN BU","TOTAL","NOT SPECIFIED","9,603,245",""
"CENSUS","1997","YEAR","","COUNTY","IOWA","19","SOUTHEAST","90","LOUISA","115","","","00000000","","CORN","CORN, SILAGE - PRODUCTION, MEASURED IN TONS","TOTAL","NOT SPECIFIED","9,700",""
"CENSUS","1997","YEAR","","COUNTY","IOWA","19","SOUTHEAST","90","MAHASKA","123","","","00000000","","CORN","CORN, GRAIN - PRODUCTION, MEASURED IN BU","TOTAL","NOT SPECIFIED","15,985,077",""
"CENSUS","1997","YEAR","","COUNTY","IOWA","19","SOUTHEAST","90","MAHASKA","123","","","00000000","","CORN","CORN, SILAGE - PRODUCTION, MEASURED IN TONS","TOTAL","NOT SPECIFIED","48,506",""
"CENSUS","1997","YEAR","","COUNTY","IOWA","19","SOUTHEAST","90","VAN BUREN","177","","","00000000","","CORN","CORN, GRAIN - PRODUCTION, MEASURED IN BU","TOTAL","NOT SPECIFIED","5,615,262",""
"CENSUS","1997","YEAR","","COUNTY","IOWA","19","SOUTHEAST","90","VAN BUREN","177","","","00000000","","CORN","CORN, SILAGE - PRODUCTION, MEASURED IN TONS","TOTAL","NOT SPECIFIED","21,589",""
"CENSUS","1997","YEAR","","COUNTY","IOWA","19","SOUTHEAST","90","WAPELLO","179","","","00000000","","CORN","CORN, GRAIN - PRODUCTION, MEASURED IN BU","TOTAL","NOT SPECIFIED","6,540,580",""
"CENSUS","1997","YEAR","","COUNTY","IOWA","19","SOUTHEAST","90","WAPELLO","179","","","00000000","","CORN","CORN, SILAGE - PRODUCTION, MEASURED IN TONS","TOTAL","NOT SPECIFIED","9,618",""
"CENSUS","1997","YEAR","","COUNTY","IOWA","19","SOUTHEAST","90","WASHINGTON","183","","","00000000","","CORN","CORN, GRAIN - PRODUCTION, MEASURED IN BU","TOTAL","NOT SPECIFIED","15,916,853",""
"CENSUS","1997","YEAR","","COUNTY","IOWA","19","SOUTHEAST","90","WASHINGTON","183","","","00000000","","CORN","CORN, SILAGE - PRODUCTION, MEASURED IN TONS","TOTAL","NOT SPECIFIED","22,784",""
"CENSUS","1997","YEAR","","COUNTY","IOWA","19","SOUTHWEST","70","ADAIR","001","","","00000000","","CORN","CORN, GRAIN - PRODUCTION, MEASURED IN BU","TOTAL","NOT SPECIFIED","11,156,196",""
"CENSUS","1997","YEAR","","COUNTY","IOWA","19","SOUTHWEST","70","ADAIR","001","","","00000000","","CORN","CORN, SILAGE - PRODUCTION, MEASURED IN TONS","TOTAL","NOT SPECIFIED","40,619",""
"CENSUS","1997","YEAR","","COUNTY","IOWA","19","SOUTHWEST","70","ADAMS","003","","","00000000","","CORN","CORN, GRAIN - PRODUCTION, MEASURED IN BU","TOTAL","NOT SPECIFIED","6,349,193",""
"CENSUS","1997","YEAR","","COUNTY","IOWA","19","SOUTHWEST","70","ADAMS","003","","","00000000","","CORN","CORN, SILAGE - PRODUCTION, MEASURED IN TONS","TOTAL","NOT SPECIFIED","16,978",""
"CENSUS","1997","YEAR","","COUNTY","IOWA","19","SOUTHWEST","70","CASS","029","","","00000000","","CORN","CORN, GRAIN - PRODUCTION, MEASURED IN BU","TOTAL","NOT SPECIFIED","13,716,417",""
"CENSUS","1997","YEAR","","COUNTY","IOWA","19","SOUTHWEST","70","CASS","029","","","00000000","","CORN","CORN, SILAGE - PRODUCTION, MEASURED IN TONS","TOTAL","NOT SPECIFIED","23,922",""
"CENSUS","1997","YEAR","","COUNTY","IOWA","19","SOUTHWEST","70","FREMONT","071","","","00000000","","CORN","CORN, GRAIN - PRODUCTION, MEASURED IN BU","TOTAL","NOT SPECIFIED","15,294,828",""
"CENSUS","1997","YEAR","","COUNTY","IOWA","19","SOUTHWEST","70","FREMONT","071","","","00000000","","CORN","CORN, SILAGE - PRODUCTION, MEASURED IN TONS","TOTAL","NOT SPECIFIED","9,770",""
"CENSUS","1997","YEAR","","COUNTY","IOWA","19","SOUTHWEST","70","MILLS","129","","","00000000","","CORN","CORN, GRAIN - PRODUCTION, MEASURED IN BU","TOTAL","NOT SPECIFIED","12,046,137",""
"CENSUS","1997","YEAR","","COUNTY","IOWA","19","SOUTHWEST","70","MILLS","129","","","00000000","","CORN","CORN, SILAGE - PRODUCTION, MEASURED IN TONS","TOTAL","NOT SPECIFIED","4,552",""
"CENSUS","1997","YEAR","","COUNTY","IOWA","19","SOUTHWEST","70","MONTGOMERY","137","","","00000000","","CORN","CORN, GRAIN - PRODUCTION, MEASURED IN BU","TOTAL","NOT SPECIFIED","10,775,887",""
"CENSUS","1997","YEAR","","COUNTY","IOWA","19","SOUTHWEST","70","MONTGOMERY","137","","","00000000","","CORN","CORN, SILAGE - PRODUCTION, MEASURED IN TONS","TOTAL","NOT SPECIFIED","11,510",""
"CENSUS","1997","YEAR","","COUNTY","IOWA","19","SOUTHWEST","70","PAGE","145","","","00000000","","CORN","CORN, GRAIN - PRODUCTION, MEASURED IN BU","TOTAL","NOT SPECIFIED","11,922,328",""
"CENSUS","1997","YEAR","","COUNTY","IOWA","19","SOUTHWEST","70","PAGE","145","","","00000000","","CORN","CORN, SILAGE - PRODUCTION, MEASURED IN TONS","TOTAL","NOT SPECIFIED","18,664",""
"CENSUS","1997","YEAR","","COUNTY","IOWA","19","SOUTHWEST","70","POTTAWATTAMIE","155","","","00000000","","CORN","CORN, GRAIN - PRODUCTION, MEASURED IN BU","TOTAL","NOT SPECIFIED","28,938,006",""
"CENSUS","1997","YEAR","","COUNTY","IOWA","19","SOUTHWEST","70","POTTAWATTAMIE","155","","","00000000","","CORN","CORN, SILAGE - PRODUCTION, MEASURED IN TONS","TOTAL","NOT SPECIFIED","39,446",""
"CENSUS","1997","YEAR","","COUNTY","IOWA","19","SOUTHWEST","70","TAYLOR","173","","","00000000","","CORN","CORN, GRAIN - PRODUCTION, MEASURED IN BU","TOTAL","NOT SPECIFIED","6,327,068",""
"CENSUS","1997","YEAR","","COUNTY","IOWA","19","SOUTHWEST","70","TAYLOR","173","","","00000000","","CORN","CORN, SILAGE - PRODUCTION, MEASURED IN TONS","TOTAL","NOT SPECIFIED","7,792",""
"CENSUS","1997","YEAR","","COUNTY","IOWA","19","WEST CENTRAL","40","AUDUBON","009","","","00000000","","CORN","CORN, GRAIN - PRODUCTION, MEASURED IN BU","TOTAL","NOT SPECIFIED","13,299,799",""
"CENSUS","1997","YEAR","","COUNTY","IOWA","19","WEST CENTRAL","40","AUDUBON","009","","","00000000","","CORN","CORN, SILAGE - PRODUCTION, MEASURED IN TONS","TOTAL","NOT SPECIFIED","18,987",""
"CENSUS","1997","YEAR","","COUNTY","IOWA","19","WEST CENTRAL","40","CALHOUN","025","","","00000000","","CORN","CORN, GRAIN - PRODUCTION, MEASURED IN BU","TOTAL","NOT SPECIFIED","20,217,010",""
"CENSUS","1997","YEAR","","COUNTY","IOWA","19","WEST CENTRAL","40","CALHOUN","025","","","00000000","","CORN","CORN, SILAGE - PRODUCTION, MEASURED IN TONS","TOTAL","NOT SPECIFIED","28,095",""
"CENSUS","1997","YEAR","","COUNTY","IOWA","19","WEST CENTRAL","40","CARROLL","027","","","00000000","","CORN","CORN, GRAIN - PRODUCTION, MEASURED IN BU","TOTAL","NOT SPECIFIED","20,014,751",""
"CENSUS","1997","YEAR","","COUNTY","IOWA","19","WEST CENTRAL","40","CARROLL","027","","","00000000","","CORN","CORN, SILAGE - PRODUCTION, MEASURED IN TONS","TOTAL","NOT SPECIFIED","39,648",""
"CENSUS","1997","YEAR","","COUNTY","IOWA","19","WEST CENTRAL","40","CRAWFORD","047","","","00000000","","CORN","CORN, GRAIN - PRODUCTION, MEASURED IN BU","TOTAL","NOT SPECIFIED","20,119,381",""
"CENSUS","1997","YEAR","","COUNTY","IOWA","19","WEST CENTRAL","40","CRAWFORD","047","","","00000000","","CORN","CORN, SILAGE - PRODUCTION, MEASURED IN TONS","TOTAL","NOT SPECIFIED","36,820",""
"CENSUS","1997","YEAR","","COUNTY","IOWA","19","WEST CENTRAL","40","GREENE","073","","","00000000","","CORN","CORN, GRAIN - PRODUCTION, MEASURED IN BU","TOTAL","NOT SPECIFIED","20,748,276",""
"CENSUS","1997","YEAR","","COUNTY","IOWA","19","WEST CENTRAL","40","GREENE","073","","","00000000","","CORN","CORN, SILAGE - PRODUCTION, MEASURED IN TONS","TOTAL","NOT SPECIFIED","18,117",""
"CENSUS","1997","YEAR","","COUNTY","IOWA","19","WEST CENTRAL","40","GUTHRIE","077","","","00000000","","CORN","CORN, GRAIN - PRODUCTION, MEASURED IN BU","TOTAL","NOT SPECIFIED","11,155,350",""
"CENSUS","1997","YEAR","","COUNTY","IOWA","19","WEST CENTRAL","40","GUTHRIE","077","","","00000000","","CORN","CORN, SILAGE - PRODUCTION, MEASURED IN TONS","TOTAL","NOT SPECIFIED","13,549",""
"CENSUS","1997","YEAR","","COUNTY","IOWA","19","WEST CENTRAL","40","HARRISON","085","","","00000000","","CORN","CORN, GRAIN - PRODUCTION, MEASURED IN BU","TOTAL","NOT SPECIFIED","20,153,771",""
"CENSUS","1997","YEAR","","COUNTY","IOWA","19","WEST CENTRAL","40","HARRISON","085","","","00000000","","CORN","CORN, SILAGE - PRODUCTION, MEASURED IN TONS","TOTAL","NOT SPECIFIED","19,959",""
"CENSUS","1997","YEAR","","COUNTY","IOWA","19","WEST CENTRAL","40","IDA","093","","","00000000","","CORN","CORN, GRAIN - PRODUCTION, MEASURED IN BU","TOTAL","NOT SPECIFIED","14,248,223",""
"CENSUS","1997","YEAR","","COUNTY","IOWA","19","WEST CENTRAL","40","IDA","093","","","00000000","","CORN","CORN, SILAGE - PRODUCTION, MEASURED IN TONS","TOTAL","NOT SPECIFIED","36,009",""
"CENSUS","1997","YEAR","","COUNTY","IOWA","19","WEST CENTRAL","40","MONONA","133","","","00000000","","CORN","CORN, GRAIN - PRODUCTION, MEASURED IN BU","TOTAL","NOT SPECIFIED","17,535,410",""
"CENSUS","1997","YEAR","","COUNTY","IOWA","19","WEST CENTRAL","40","MONONA","133","","","00000000","","CORN","CORN, SILAGE - PRODUCTION, MEASURED IN TONS","TOTAL","NOT SPECIFIED","30,092",""
"CENSUS","1997","YEAR","","COUNTY","IOWA","19","WEST CENTRAL","40","SAC","161","","","00000000","","CORN","CORN, GRAIN - PRODUCTION, MEASURED IN BU","TOTAL","NOT SPECIFIED","19,631,609",""
"CENSUS","1997","YEAR","","COUNTY","IOWA","19","WEST CENTRAL","40","SAC","161","","","00000000","","CORN","CORN, SILAGE - PRODUCTION, MEASURED IN TONS","TOTAL","NOT SPECIFIED","47,940",""
"CENSUS","1997","YEAR","","COUNTY","IOWA","19","WEST CENTRAL","40","SHELBY","165","","","00000000","","CORN","CORN, GRAIN - PRODUCTION, MEASURED IN BU","TOTAL","NOT SPECIFIED","19,505,889",""
"CENSUS","1997","YEAR","","COUNTY","IOWA","19","WEST CENTRAL","40","SHELBY","165","","","00000000","","CORN","CORN, SILAGE - PRODUCTION, MEASURED IN TONS","TOTAL","NOT SPECIFIED","19,126",""
"CENSUS","1997","YEAR","","COUNTY","IOWA","19","WEST CENTRAL","40","WOODBURY","193","","","00000000","","CORN","CORN, GRAIN - PRODUCTION, MEASURED IN BU","TOTAL","NOT SPECIFIED","22,263,495",""
"CENSUS","1997","YEAR","","COUNTY","IOWA","19","WEST CENTRAL","40","WOODBURY","193","","","00000000","","CORN","CORN, SILAGE - PRODUCTION, MEASURED IN TONS","TOTAL","NOT SPECIFIED","69,744",""
